dijkstra_time_ms,bellman_ford_time_ms,size_n
3.864e-06,3.248e-06,10
3.294e-06,2.834e-06,10
2.576e-06,1.923e-06,10
3.213e-06,2.745e-06,10
3.326e-06,2.853e-06,10
3.321e-06,2.896e-06,10
3.071e-06,2.735e-06,10
3.056e-06,2.856e-06,10
2.832e-06,1.901e-06,10
2.47e-06,1.876e-06,10
3.478e-06,2.832e-06,10
3.703e-06,2.856e-06,10
3.275e-06,2.944e-06,10
2.398e-06,1.942e-06,10
2.457e-06,1.883e-06,10
3.002e-06,2.792e-06,10
3.344e-06,2.79e-06,10
3.171e-06,2.773e-06,10
3.136e-06,2.789e-06,10
3.084e-06,2.788e-06,10
2.337e-06,1.883e-06,10
3.115e-06,2.881e-06,10
3.279e-06,2.776e-06,10
3.106e-06,2.834e-06,10
3.162e-06,2.754e-06,10
3.181e-06,2.79e-06,10
2.333e-06,1.885e-06,10
2.356e-06,1.951e-06,10
3.032e-06,2.744e-06,10
3.143e-06,2.817e-06,10
3.227e-06,2.783e-06,10
3.163e-06,2.74e-06,10
6.899e-06,8.317e-06,20
6.915e-06,8.46e-06,20
7.006e-06,8.495e-06,20
7.21e-06,8.391e-06,20
7.079e-06,9.29e-06,20
7.574e-06,8.63e-06,20
4.923e-06,5.405e-06,20
7.053e-06,8.47e-06,20
7.197e-06,8.443e-06,20
7e-06,8.38e-06,20
6.976e-06,8.454e-06,20
7.04e-06,8.382e-06,20
4.947e-06,5.603e-06,20
4.901e-06,5.38e-06,20
6.859e-06,8.406e-06,20
7.105e-06,8.423e-06,20
6.841e-06,8.4e-06,20
7.033e-06,8.447e-06,20
4.995e-06,5.441e-06,20
4.886e-06,5.495e-06,20
6.91e-06,8.394e-06,20
7.308e-06,8.429e-06,20
7.084e-06,8.456e-06,20
6.95e-06,8.42e-06,20
7.037e-06,8.315e-06,20
4.914e-06,5.394e-06,20
7.051e-06,8.53e-06,20
6.928e-06,8.357e-06,20
6.986e-06,8.414e-06,20
7.115e-06,8.444e-06,20
6.902e-06,8.414e-06,20
6.93e-06,8.454e-06,20
9.373e-06,1.2242e-05,30
8.949e-06,1.1218e-05,30
1.2582e-05,1.766e-05,30
1.2471e-05,1.7466e-05,30
1.2515e-05,1.7503e-05,30
9.333e-06,1.1111e-05,30
1.2788e-05,1.7403e-05,30
8.936e-06,1.0922e-05,30
1.3088e-05,2.4457e-05,30
1.2782e-05,1.7475e-05,30
1.2283e-05,1.7363e-05,30
1.2565e-05,1.7399e-05,30
1.3114e-05,1.9394e-05,30
8.327e-06,1.099e-05,30
8.396e-06,1.0877e-05,30
1.2654e-05,1.7451e-05,30
1.2919e-05,1.7493e-05,30
1.2744e-05,1.7381e-05,30
1.2508e-05,1.7506e-05,30
8.859e-06,1.1065e-05,30
8.852e-06,1.1184e-05,30
1.2582e-05,1.7398e-05,30
1.2542e-05,1.7534e-05,30
1.2408e-05,1.7417e-05,30
1.3041e-05,1.77e-05,30
1.043e-05,1.1113e-05,30
1.24e-05,1.8154e-05,30
8.686e-06,1.1076e-05,30
1.2571e-05,1.746e-05,30
1.2499e-05,1.7418e-05,30
1.2425e-05,1.7346e-05,30
1.2467e-05,1.7311e-05,30
1.9961e-05,2.976e-05,40
1.3759e-05,1.8253e-05,40
2.0237e-05,2.9836e-05,40
2.0059e-05,2.991e-05,40
1.967e-05,3.0055e-05,40
1.4208e-05,1.8369e-05,40
1.3657e-05,1.8765e-05,40
1.9406e-05,2.9774e-05,40
2.0355e-05,2.9745e-05,40
1.9688e-05,2.9831e-05,40
1.9864e-05,2.9759e-05,40
2.0126e-05,2.9841e-05,40
1.9576e-05,2.969e-05,40
1.3673e-05,1.9045e-05,40
2.0159e-05,2.9767e-05,40
1.9565e-05,2.9736e-05,40
1.9594e-05,2.9822e-05,40
1.9817e-05,2.9863e-05,40
1.4596e-05,2.0125e-05,40
1.3441e-05,1.8497e-05,40
2.0417e-05,2.9784e-05,40
1.9575e-05,2.9776e-05,40
1.9847e-05,2.9833e-05,40
1.9755e-05,3.1087e-05,40
9.8861e-05,2.0945e-05,40
2.0295e-05,2.9899e-05,40
1.9547e-05,2.9735e-05,40
5.1402e-05,3.0333e-05,40
1.9457e-05,3.042e-05,40
1.9737e-05,2.9842e-05,40
2.0309e-05,2.9755e-05,40
1.9981e-05,2.9734e-05,40
1.9117e-05,2.8783e-05,50
2.7932e-05,4.5567e-05,50
2.905e-05,4.5542e-05,50
2.8102e-05,4.5696e-05,50
3.0269e-05,4.5973e-05,50
1.9071e-05,2.8134e-05,50
2.917e-05,4.5625e-05,50
2.8295e-05,4.5615e-05,50
2.8594e-05,4.5631e-05,50
2.9213e-05,4.5559e-05,50
2.9013e-05,4.5607e-05,50
1.9475e-05,2.8747e-05,50
2.8653e-05,4.5498e-05,50
2.9163e-05,4.5523e-05,50
2.9036e-05,4.5481e-05,50
2.8769e-05,4.5985e-05,50
2.7426e-05,4.5594e-05,50
1.8633e-05,2.8113e-05,50
2.89e-05,8.8202e-05,50
2.8552e-05,4.5612e-05,50
2.9161e-05,4.5556e-05,50
2.0503e-05,3.0626e-05,50
1.9542e-05,2.8019e-05,50
1.8469e-05,3.3991e-05,50
2.8288e-05,4.5544e-05,50
2.8348e-05,4.5543e-05,50
2.9122e-05,4.5589e-05,50
2.8587e-05,0.000128572,50
2.9169e-05,4.5737e-05,50
2.853e-05,4.5506e-05,50
1.9305e-05,2.8515e-05,50
2.8991e-05,4.5521e-05,50
3.9144e-05,7.2132e-05,60
2.7564e-05,4.2776e-05,60
3.8581e-05,6.4663e-05,60
4.1999e-05,6.5832e-05,60
2.6881e-05,3.9884e-05,60
3.9377e-05,6.4885e-05,60
2.6075e-05,4.1095e-05,60
3.8458e-05,6.4599e-05,60
2.5953e-05,4.0985e-05,60
4.0162e-05,6.4787e-05,60
3.9368e-05,6.4731e-05,60
4.0467e-05,6.4899e-05,60
2.6181e-05,4.1314e-05,60
4.8291e-05,6.5076e-05,60
3.8736e-05,6.4791e-05,60
3.9981e-05,6.4674e-05,60
4.067e-05,6.4849e-05,60
4.0092e-05,6.479e-05,60
2.5213e-05,4.0589e-05,60
4.009e-05,6.5858e-05,60
3.9789e-05,6.4935e-05,60
3.8833e-05,6.4768e-05,60
2.6116e-05,4.054e-05,60
7.5213e-05,6.5063e-05,60
2.5489e-05,4.1029e-05,60
3.964e-05,6.4576e-05,60
3.9583e-05,6.4634e-05,60
3.9362e-05,6.4814e-05,60
2.5611e-05,3.9996e-05,60
5.5054e-05,6.5847e-05,60
2.7719e-05,4.5795e-05,60
3.8703e-05,6.4718e-05,60
5.2722e-05,8.7905e-05,70
5.2353e-05,8.7359e-05,70
5.2754e-05,8.769e-05,70
5.9374e-05,8.772e-05,70
3.3434e-05,5.4874e-05,70
5.2889e-05,9.5083e-05,70
5.199e-05,8.9023e-05,70
5.929e-05,8.8369e-05,70
5.2692e-05,8.7349e-05,70
5.2639e-05,8.7353e-05,70
5.2809e-05,8.7328e-05,70
3.3035e-05,5.3455e-05,70
5.1419e-05,8.7517e-05,70
5.2649e-05,8.7584e-05,70
5.1835e-05,8.737e-05,70
5.201e-05,8.7235e-05,70
5.411e-05,8.7333e-05,70
3.2804e-05,5.3423e-05,70
5.2909e-05,8.7294e-05,70
5.1939e-05,8.7463e-05,70
3.4516e-05,5.4515e-05,70
5.2787e-05,8.7311e-05,70
3.635e-05,5.3567e-05,70
5.2634e-05,8.7279e-05,70
5.2781e-05,8.7375e-05,70
5.2342e-05,8.7231e-05,70
3.4052e-05,5.8631e-05,70
3.4578e-05,5.3613e-05,70
5.2445e-05,8.7157e-05,70
3.3916e-05,5.4138e-05,70
5.1723e-05,8.7331e-05,70
5.2414e-05,9.2611e-05,70
4.1425e-05,7.049e-05,80
4.2546e-05,6.9738e-05,80
6.7157e-05,0.00011864,80
6.7636e-05,0.000114087,80
4.5329e-05,0.000101471,80
4.1653e-05,7.7708e-05,80
0.000105874,7.475e-05,80
6.4977e-05,0.000113645,80
6.7529e-05,0.000143044,80
6.8055e-05,0.000113116,80
6.7118e-05,0.000113412,80
6.509e-05,0.000113302,80
6.7185e-05,0.000113381,80
6.8299e-05,0.000113251,80
6.6947e-05,0.000113254,80
4.3226e-05,6.8984e-05,80
4.2478e-05,7.0243e-05,80
7.3087e-05,0.000113998,80
6.5583e-05,0.00011342,80
7.2928e-05,0.000113619,80
4.2894e-05,7.4515e-05,80
6.665e-05,0.000113334,80
6.6201e-05,0.000113302,80
6.6492e-05,0.000113313,80
6.7396e-05,0.000113287,80
6.7057e-05,0.000113333,80
6.7285e-05,0.000113185,80
6.797e-05,0.000115348,80
6.7287e-05,0.000113307,80
6.6371e-05,0.000113819,80
6.7654e-05,0.000113456,80
6.7616e-05,0.000113338,80
8.3162e-05,0.000142562,90
8.4155e-05,0.000142566,90
8.3403e-05,0.000142748,90
9.2656e-05,0.000145677,90
5.2657e-05,9.4529e-05,90
8.3389e-05,0.000142906,90
8.331e-05,0.00014743,90
5.6339e-05,9.4256e-05,90
8.4146e-05,0.000142969,90
5.1416e-05,8.8798e-05,90
5.4286e-05,9.6202e-05,90
8.3338e-05,0.000142982,90
8.2495e-05,0.000149617,90
8.4614e-05,0.000142672,90
8.4436e-05,0.000172417,90
5.3017e-05,9.0068e-05,90
8.6318e-05,0.000150485,90
5.4618e-05,9.5291e-05,90
5.1661e-05,9.7591e-05,90
8.0491e-05,0.000142584,90
5.2769e-05,8.6984e-05,90
8.2289e-05,0.000143174,90
8.2428e-05,0.000142805,90
8.2909e-05,0.000142733,90
8.4655e-05,0.000145243,90
5.592e-05,9.4796e-05,90
5.7022e-05,9.485e-05,90
8.2847e-05,0.000156353,90
8.5014e-05,0.000142625,90
8.1894e-05,0.000147717,90
5.5535e-05,8.9283e-05,90
5.4269e-05,8.9246e-05,90
6.3375e-05,0.000106657,100
0.000132961,0.00017546,100
6.8079e-05,0.000119435,100
0.000102854,0.00017616,100
6.9375e-05,0.000113964,100
0.000100178,0.000107096,100
0.000109008,0.000175566,100
0.000102567,0.0001755,100
0.000121502,0.000176772,100
0.000103574,0.00017612,100
6.1976e-05,0.00011319,100
0.000102458,0.000175728,100
6.715e-05,0.000106632,100
0.000102988,0.000175421,100
7.0415e-05,0.000123024,100
6.2865e-05,0.000121672,100
0.000102454,0.000175803,100
0.000100737,0.000175866,100
0.000100692,0.000184861,100
0.000105011,0.000175532,100
9.9209e-05,0.000175881,100
0.000103067,0.000175493,100
0.000100635,0.000175356,100
6.3071e-05,0.000107731,100
0.000103628,0.000178919,100
6.2697e-05,0.000107423,100
0.000103088,0.000175675,100
0.000102451,0.000180905,100
0.000102652,0.000175339,100
0.000103605,0.000181326,100
6.6002e-05,0.000108021,100
6.4689e-05,0.000106543,100
0.000129479,0.000212074,110
0.000123907,0.000211549,110
0.000123254,0.000211976,110
9.4092e-05,0.000142184,110
7.8274e-05,0.000130719,110
0.000121267,0.00021167,110
0.000123733,0.000224746,110
0.000121982,0.00021162,110
0.000145236,0.000150796,110
0.000121624,0.000217094,110
0.000121348,0.000211613,110
0.000120959,0.000226072,110
0.000120697,0.000211701,110
0.000161399,0.000143988,110
0.000122459,0.000211846,110
0.000130482,0.000211909,110
0.000122502,0.000211642,110
0.000120976,0.000211678,110
0.000122368,0.000211719,110
7.8964e-05,0.000136012,110
0.000122814,0.000217224,110
0.000121271,0.00021159,110
0.000128531,0.000211846,110
0.000118519,0.000212086,110
7.9625e-05,0.000136468,110
0.000121873,0.000219652,110
0.000119285,0.00021178,110
0.000121157,0.000211711,110
0.00012398,0.000240808,110
7.9403e-05,0.000143671,110
0.000127799,0.000211926,110
0.000119928,0.000211554,110
8.9276e-05,0.00015558,120
0.000147187,0.000206251,120
0.000143365,0.00025147,120
0.000146947,0.000271687,120
0.000143905,0.000272696,120
9.3337e-05,0.000168278,120
9.2001e-05,0.000161587,120
0.000144076,0.000261657,120
0.0001503,0.000251662,120
0.000142867,0.00025112,120
0.000141036,0.00025149,120
8.614e-05,0.000155472,120
0.00014446,0.00025115,120
0.000147943,0.000251222,120
0.000146174,0.000318649,120
0.000145474,0.000251377,120
0.000143705,0.000251117,120
0.000152236,0.000247025,120
0.000144734,0.000343284,120
8.4829e-05,0.000156599,120
0.000139856,0.000251265,120
0.000140032,0.000251392,120
0.000145855,0.000257468,120
0.000143388,0.000251325,120
0.00014568,0.000251063,120
0.000148814,0.000251376,120
0.00014452,0.000252405,120
0.000145604,0.000256933,120
8.5629e-05,0.000152215,120
0.000145696,0.00025242,120
0.000144626,0.00026851,120
8.3897e-05,0.000156832,120
0.000169062,0.000294087,130
0.000100669,0.000182081,130
0.000171565,0.000295004,130
0.000175238,0.000340122,130
9.9949e-05,0.000182292,130
0.000175113,0.000294259,130
0.000170129,0.000306017,130
0.000172273,0.000301966,130
0.000253274,0.000192164,130
0.000174795,0.00030636,130
0.000105967,0.000195554,130
0.00017785,0.000302109,130
0.000187651,0.00030332,130
0.000170831,0.000301383,130
0.000173081,0.000304295,130
0.000171668,0.000296459,130
0.000105748,0.000201285,130
0.00016567,0.000296785,130
0.000165596,0.000294366,130
0.000195429,0.000306487,130
0.000172278,0.000287708,130
0.000169061,0.000311834,130
0.000176315,0.000314721,130
0.000183467,0.00032292,130
0.000175224,0.000308213,130
0.000171182,0.000311206,130
0.000167752,0.000294646,130
0.000107546,0.000183722,130
0.000176482,0.000294568,130
0.000184469,0.000188885,130
0.000100055,0.000178267,130
0.000101128,0.000181592,130
0.000214409,0.000344899,140
0.000198373,0.00034477,140
0.000128473,0.000206374,140
0.000116429,0.000210567,140
0.000241592,0.000348658,140
0.00020461,0.000341035,140
0.000120373,0.00023335,140
0.000114699,0.000217157,140
0.000193917,0.000340527,140
0.000202279,0.000344365,140
0.000197207,0.000373512,140
0.000198065,0.000477152,140
0.000194715,0.000354119,140
0.000188108,0.000357628,140
0.0001145,0.000210765,140
0.000198536,0.000341025,140
0.000190559,0.000351955,140
0.000195396,0.000320511,140
0.000111863,0.000209414,140
0.000195019,0.000341051,140
0.000121711,0.000214517,140
0.000199342,0.000356052,140
0.00011708,0.000210759,140
0.000114298,0.000210818,140
0.0002049,0.000347012,140
0.000200632,0.000342814,140
0.000113741,0.000216443,140
0.000194583,0.000341134,140
0.000196232,0.000340634,140
0.000232441,0.000206677,140
0.000218123,0.00034303,140
0.000143708,0.000303002,140
0.000221245,0.000390415,150
0.000129514,0.000236429,150
0.000224377,0.000393828,150
0.00013343,0.000241389,150
0.000227071,0.000390465,150
0.0002323,0.000393418,150
0.000233991,0.000391774,150
0.000224125,0.000395557,150
0.000223111,0.000447045,150
0.000223754,0.000424632,150
0.000219564,0.000394578,150
0.000133773,0.000239924,150
0.000141012,0.000260379,150
0.000228618,0.000403036,150
0.000260947,0.000238675,150
0.000232835,0.000390618,150
0.000128181,0.000246831,150
0.000223416,0.000407125,150
0.000134525,0.00023695,150
0.000227539,0.000395202,150
0.000223755,0.000402932,150
0.00022241,0.000394888,150
0.000222332,0.000397419,150
0.000214604,0.000406661,150
0.000225169,0.000395624,150
0.00022367,0.000394726,150
0.000220411,0.000396338,150
0.000217694,0.000395515,150
0.000226029,0.000405651,150
0.00022536,0.000394892,150
0.000220957,0.000396684,150
0.00022456,0.000394234,150
0.000254216,0.000447823,160
0.000265679,0.000459714,160
0.000266714,0.000432606,160
0.000152823,0.000271798,160
0.000260992,0.000444326,160
0.000258415,0.000446107,160
0.000149208,0.000279998,160
0.000146926,0.000319968,160
0.000244324,0.000444199,160
0.000254447,0.000462706,160
0.000146609,0.000268658,160
0.000191,0.000275413,160
0.000155219,0.000275724,160
0.000254228,0.000457686,160
0.000251211,0.000449207,160
0.000154117,0.000291765,160
0.000249383,0.000443921,160
0.000253112,0.000455714,160
0.000253126,0.000451632,160
0.00014547,0.00027852,160
0.000251943,0.000443373,160
0.00025662,0.000445583,160
0.000254518,0.000443839,160
0.000258826,0.000270116,160
0.000259793,0.000444395,160
0.000247472,0.000449573,160
0.000250065,0.000458172,160
0.000249153,0.000347575,160
0.00015062,0.00027783,160
0.000259108,0.000448709,160
0.000254861,0.000448038,160
0.000254365,0.000443656,160
0.000161455,0.000311951,170
0.000287512,0.000506909,170
0.000287882,0.000510537,170
0.000169287,0.000308447,170
0.000290171,0.000500867,170
0.000297888,0.000575019,170
0.000282932,0.000526362,170
0.000284078,0.000504655,170
0.000282787,0.000507004,170
0.000288499,0.000514788,170
0.00029146,0.000426182,170
0.000162272,0.000319765,170
0.000294387,0.000504219,170
0.000283084,0.000500945,170
0.000370433,0.000324684,170
0.000282719,0.000500269,170
0.00028705,0.000505327,170
0.000292963,0.000503352,170
0.000168744,0.000319608,170
0.000163413,0.000351507,170
0.000285303,0.000506655,170
0.00027811,0.000515246,170
0.000166637,0.00031698,170
0.000162051,0.000308954,170
0.000282308,0.000504236,170
0.000287331,0.000529959,170
0.000162011,0.000308504,170
0.000167064,0.000312183,170
0.000277818,0.000513897,170
0.000285056,0.000512859,170
0.000163573,0.000308703,170
0.000165011,0.000303531,170
0.0003119,0.000573248,180
0.000320348,0.000566793,180
0.000196098,0.000347829,180
0.000324706,0.000565652,180
0.000313781,0.000565788,180
0.000181405,0.000360054,180
0.000188835,0.000357613,180
0.000319648,0.000620846,180
0.000316624,0.000574386,180
0.000180263,0.000365694,180
0.000324371,0.000570284,180
0.000327814,0.000599656,180
0.000341056,0.000342249,180
0.000327439,0.000560466,180
0.000315008,0.00056599,180
0.000179027,0.000349144,180
0.000179532,0.00034385,180
0.000322338,0.000608528,180
0.000315205,0.000561852,180
0.000319833,0.000560605,180
0.00031661,0.000639621,180
0.000320313,0.000564364,180
0.000313094,0.000638763,180
0.000317605,0.000560361,180
0.00032562,0.000564953,180
0.000316983,0.000565039,180
0.000296799,0.000346303,180
0.000321046,0.000563217,180
0.000316801,0.000571751,180
0.000323246,0.000560157,180
0.000208597,0.000345611,180
0.00033668,0.000560506,180
0.000354921,0.000628521,190
0.000359373,0.000636627,190
0.000364047,0.000627174,190
0.000365949,0.000664036,190
0.000350217,0.000542507,190
0.000240176,0.000643937,190
0.000253687,0.000405418,190
0.000373549,0.000654134,190
0.000216127,0.000407462,190
0.000231456,0.000448426,190
0.000217612,0.000403598,190
0.0003721,0.000661381,190
0.000218069,0.000454683,190
0.000214664,0.000412354,190
0.00023006,0.000413458,190
0.000357671,0.000445864,190
0.000203247,0.000420949,190
0.000355875,0.000631818,190
0.000359631,0.000623832,190
0.000330436,0.000380308,190
0.000351966,0.000630285,190
0.000354131,0.000628861,190
0.000352156,0.000631472,190
0.000198873,0.000396522,190
0.000363981,0.000624186,190
0.000359669,0.000693945,190
0.000345666,0.00068584,190
0.000355847,0.000630519,190
0.00036101,0.000623672,190
0.000353287,0.000635645,190
0.00019941,0.000390182,190
0.000349376,0.000629169,190
0.000395381,0.000690522,200
0.000394262,0.00075252,200
0.000493781,0.000443834,200
0.000383763,0.000694144,200
0.000391303,0.000597846,200
0.0002364,0.000438463,200
0.000402791,0.000690311,200
0.000389369,0.000695759,200
0.000222072,0.00048828,200
0.000397458,0.000691955,200
0.000389331,0.000696044,200
0.00057348,0.000420283,200
0.000390361,0.000696019,200
0.000388925,0.000762029,200
0.000411959,0.000694424,200
0.000486641,0.000697063,200
0.000386996,0.000704549,200
0.000332435,0.000423101,200
0.000395321,0.000609939,200
0.000400828,0.000690249,200
0.000393562,0.000655035,200
0.000395618,0.000701506,200
0.000388193,0.000587764,200
0.000424163,0.000695026,200
0.00038759,0.00069609,200
0.000218407,0.000425074,200
0.00038362,0.000691193,200
0.000244121,0.000456161,200
0.000409492,0.000706585,200
0.000395971,0.000696094,200
0.000222442,0.000428864,200
0.00039279,0.0007001,200
0.000442833,0.000771033,210
0.000243197,0.000499986,210
0.000242677,0.000499886,210
0.000257853,0.000497409,210
0.000440334,0.000764077,210
0.000652657,0.000469905,210
0.000254388,0.000466317,210
0.000435012,0.000766493,210
0.0002479,0.000463409,210
0.000247775,0.000471963,210
0.000428623,0.000655062,210
0.000241738,0.000478611,210
0.000247952,0.000465704,210
0.000430969,0.000763628,210
0.000429248,0.000578717,210
0.000500941,0.000496139,210
0.00046663,0.000766244,210
0.0004375,0.000460161,210
0.000242046,0.000465683,210
0.000436239,0.000683738,210
0.000437522,0.000768851,210
0.000388957,0.000487894,210
0.000429212,0.000767501,210
0.000399752,0.000489893,210
0.000240992,0.00050238,210
0.00043731,0.000772265,210
0.000435611,0.000783842,210
0.000246035,0.00046277,210
0.000434696,0.000764603,210
0.000440558,0.000761098,210
0.00042624,0.000768195,210
0.000271864,0.000497543,210
0.000260044,0.000505806,220
0.000479338,0.000917248,220
0.000265865,0.000552987,220
0.000476603,0.000836892,220
0.000568525,0.000539094,220
0.000266331,0.000505069,220
0.000474301,0.000834515,220
0.000480082,0.000794344,220
0.000274041,0.000530852,220
0.000499732,0.000859096,220
0.000477489,0.000544881,220
0.000269128,0.000514058,220
0.000474794,0.000838304,220
0.000466775,0.000843753,220
0.000266086,0.000514297,220
0.000481448,0.000840556,220
0.000490233,0.000567505,220
0.000265708,0.000545748,220
0.000476236,0.000847072,220
0.000565739,0.000847201,220
0.000480408,0.000841313,220
0.000468836,0.000840371,220
0.000476305,0.000835893,220
0.000260111,0.000521323,220
0.000485372,0.00087836,220
0.00047164,0.000852938,220
0.000476122,0.000680917,220
0.000477664,0.000847956,220
0.000468003,0.000852102,220
0.0005231,0.000564778,220
0.000474554,0.000835214,220
0.000471418,0.000743109,220
0.000429495,0.000577015,230
0.00030519,0.000594548,230
0.000533029,0.000941679,230
0.000293918,0.000555729,230
0.000523161,0.000914491,230
0.000523445,0.000915805,230
0.000284994,0.000583129,230
0.000531666,0.000912315,230
0.00053043,0.00092495,230
0.000528099,0.000977968,230
0.000521514,0.000913974,230
0.000293202,0.000635101,230
0.000288084,0.000564519,230
0.000519494,0.000992451,230
0.000616056,0.000581164,230
0.000514406,0.000914569,230
0.00065772,0.000551982,230
0.000283862,0.000550575,230
0.000534974,0.000913638,230
0.000514136,0.000595279,230
0.000286738,0.000667548,230
0.000539143,0.000939875,230
0.000517879,0.000948052,230
0.000514121,0.00102119,230
0.000542952,0.000927952,230
0.000336319,0.000618229,230
0.000537518,0.000948853,230
0.000513431,0.000949389,230
0.00052466,0.000912528,230
0.000283882,0.00055079,230
0.000517891,0.000969522,230
0.000287354,0.000569804,230
0.000553448,0.00111252,240
0.000577597,0.00102737,240
0.000581035,0.00102983,240
0.000557574,0.00100805,240
0.000417346,0.00063353,240
0.000576847,0.000994358,240
0.000565685,0.000784355,240
0.000543739,0.00100332,240
0.000552939,0.000995728,240
0.000557615,0.000756313,240
0.000561781,0.000998335,240
0.000316931,0.000622493,240
0.000312245,0.000672913,240
0.000562832,0.00105793,240
0.000565535,0.0010119,240
0.00034123,0.000639163,240
0.000570156,0.000995341,240
0.00056623,0.000927289,240
0.000567986,0.000996276,240
0.000585734,0.00101252,240
0.00034909,0.000625476,240
0.000307565,0.000636653,240
0.00055652,0.00100224,240
0.000425665,0.000650899,240
0.000571734,0.00102416,240
0.000346014,0.000611586,240
0.000355426,0.000624657,240
0.000572548,0.00113356,240
0.000576643,0.000994449,240
0.000305609,0.000650555,240
0.000571355,0.000998177,240
0.0005776,0.00101173,240
0.000333266,0.000688464,250
0.000600084,0.00108468,250
0.000380228,0.000649681,250
0.000344108,0.000694986,250
0.000611325,0.00107858,250
0.000622138,0.00108281,250
0.000647809,0.0011115,250
0.000709423,0.000694839,250
0.000614177,0.00108586,250
0.000619146,0.00107969,250
0.000344252,0.000676453,250
0.000336568,0.000680804,250
0.000635862,0.00109858,250
0.000606801,0.00103324,250
0.000627995,0.00111446,250
0.000353124,0.000649866,250
0.000335811,0.000650003,250
0.000610085,0.00109036,250
0.0006043,0.000856005,250
0.000646575,0.00109375,250
0.000605918,0.00108196,250
0.000620214,0.000957679,250
0.000608674,0.00108456,250
0.000338531,0.000673593,250
0.000543387,0.00068565,250
0.000640642,0.00107756,250
0.000337317,0.000651826,250
0.000479651,0.00070183,250
0.000645018,0.00116032,250
0.000605176,0.00101542,250
0.000617526,0.00109813,250
0.000340909,0.000670506,250
0.000669592,0.0011838,260
0.000688269,0.000936704,260
0.00066535,0.000892523,260
0.000634522,0.0012496,260
0.000365334,0.000721911,260
0.000420246,0.000757828,260
0.000678862,0.00118725,260
0.000382397,0.000719345,260
0.000402923,0.000775093,260
0.000684194,0.00110762,260
0.00063169,0.000723198,260
0.000659669,0.001168,260
0.000486393,0.000817852,260
0.000698338,0.00117381,260
0.000649706,0.000867675,260
0.000417132,0.000753725,260
0.000666457,0.00118943,260
0.000384328,0.000708692,260
0.000667854,0.00117681,260
0.000661977,0.00103882,260
0.000549868,0.000717743,260
0.000438376,0.000723641,260
0.000697833,0.000761735,260
0.000513275,0.000751771,260
0.000651496,0.00116697,260
0.000376607,0.000770399,260
0.00035664,0.000721819,260
0.000369008,0.000731569,260
0.000358881,0.000706435,260
0.00066383,0.00116545,260
0.000369994,0.000789651,260
0.00065793,0.00116894,260
0.000745343,0.000854294,270
0.00079412,0.000769019,270
0.000707393,0.0013228,270
0.000423485,0.000808377,270
0.000780316,0.00125692,270
0.000570797,0.000795649,270
0.000749882,0.00128199,270
0.000727546,0.000976927,270
0.000719103,0.00116137,270
0.000702323,0.00126314,270
0.000741102,0.00120884,270
0.000708586,0.00126475,270
0.000387597,0.000765132,270
0.000386937,0.000804323,270
0.000600305,0.000867865,270
0.0007173,0.0011788,270
0.000696657,0.00125657,270
0.000385552,0.000786729,270
0.000383001,0.000830719,270
0.000758491,0.00117817,270
0.00069776,0.00101346,270
0.000706213,0.00125968,270
0.00039511,0.000792722,270
0.000380545,0.000752721,270
0.000448593,0.000803335,270
0.000404334,0.000757182,270
0.000721697,0.00126317,270
0.00054265,0.000809849,270
0.000705514,0.00125962,270
0.000733496,0.00126151,270
0.000421827,0.000760402,270
0.00081819,0.00127303,270
0.000795634,0.000896098,280
0.000441006,0.000822351,280
0.000765795,0.00135039,280
0.000789646,0.00129362,280
0.000760162,0.00135081,280
0.000793163,0.00135171,280
0.000751246,0.00138397,280
0.000810116,0.00136098,280
0.000774568,0.00135201,280
0.00076049,0.00143557,280
0.0004487,0.000954808,280
0.000762823,0.00135385,280
0.000913855,0.000834595,280
0.000782567,0.00135801,280
0.00063898,0.000865551,280
0.00041638,0.000850227,280
0.000761545,0.00137505,280
0.000784609,0.00102615,280
0.000460151,0.00092807,280
0.000769892,0.00103003,280
0.000409084,0.000822767,280
0.00078141,0.00136374,280
0.000562252,0.000894106,280
0.000424489,0.000820875,280
0.000760046,0.00136424,280
0.000766732,0.000977845,280
0.000409483,0.000831568,280
0.000791608,0.000896856,280
0.000458225,0.000820471,280
0.000743604,0.00135555,280
0.000433715,0.000860877,280
0.000424633,0.000918154,280
0.000829672,0.001457,290
0.000451246,0.000907287,290
0.000854236,0.00152088,290
0.00044409,0.000942443,290
0.000823381,0.00145103,290
0.000869729,0.000881511,290
0.0008878,0.00132781,290
0.000470735,0.000914582,290
0.000604679,0.000890001,290
0.000819178,0.00146134,290
0.000484803,0.000883037,290
0.000817795,0.0014483,290
0.000571308,0.000912637,290
0.000592616,0.00089719,290
0.000819695,0.001518,290
0.000849269,0.00116645,290
0.00081751,0.00145537,290
0.000834457,0.00126424,290
0.000808209,0.00145537,290
0.000465807,0.000867093,290
0.000437675,0.000863832,290
0.000830051,0.00133645,290
0.000830013,0.0010557,290
0.000905267,0.00144866,290
0.000476063,0.0009204,290
0.00081387,0.00127595,290
0.000826185,0.00112446,290
0.000810113,0.00144681,290
0.000440132,0.000879752,290
0.000824734,0.00144934,290
0.00083613,0.00105344,290
0.000441488,0.000883453,290
0.000878307,0.00155079,300
0.000485969,0.00098049,300
0.000875418,0.00156112,300
0.000484608,0.000968377,300
0.000495798,0.00103243,300
0.000889916,0.00130198,300
0.000920708,0.000953866,300
0.000874443,0.00155672,300
0.000899948,0.00123566,300
0.000877189,0.00154897,300
0.000884042,0.00132051,300
0.000873716,0.00145962,300
0.00086572,0.00148126,300
0.000885145,0.00155737,300
0.000825848,0.000937688,300
0.000486299,0.000967425,300
0.000892481,0.00156995,300
0.000837616,0.000939845,300
0.000870674,0.00155073,300
0.000888087,0.00126941,300
0.000863229,0.00154996,300
0.000872726,0.00118767,300
0.000895907,0.00159334,300
0.000511385,0.000936361,300
0.00095473,0.00155148,300
0.000856155,0.000967626,300
0.000867064,0.00117282,300
0.000864676,0.00132186,300
0.000522839,0.000926549,300
0.000876979,0.00154836,300
0.000857454,0.000977011,300
0.000900683,0.00155474,300
0.000534192,0.00100828,310
0.000922442,0.00169037,310
0.000529272,0.001034,310
0.000948249,0.00165172,310
0.000514483,0.00100245,310
0.000532466,0.00100435,310
0.000946523,0.00130926,310
0.000894809,0.00100736,310
0.000928464,0.00160543,310
0.000946841,0.00110969,310
0.000933792,0.00168893,310
0.000932492,0.00128374,310
0.000937739,0.00165485,310
0.000512773,0.00100355,310
0.000960282,0.00143596,310
0.000994188,0.0010032,310
0.000961389,0.00163052,310
0.000941351,0.00113807,310
0.000930903,0.00159896,310
0.00100556,0.0012384,310
0.000910411,0.00172734,310
0.00094417,0.00129565,310
0.000934349,0.00165687,310
0.000513353,0.00101164,310
0.000503493,0.00100592,310
0.000963403,0.00138407,310
0.000857196,0.00106396,310
0.000937898,0.00163525,310
0.000915483,0.00113222,310
0.00091949,0.0016729,310
0.000938776,0.00134746,310
0.000929401,0.0016643,310
0.00058562,0.00107498,320
0.000553102,0.0010807,320
0.000717498,0.00105654,320
0.000548586,0.00107098,320
0.00100345,0.00128037,320
0.00075749,0.00107257,320
0.00101846,0.00156593,320
0.00087583,0.00110676,320
0.00100355,0.00163606,320
0.00101371,0.00108527,320
0.00100066,0.00176339,320
0.0010077,0.00118823,320
0.00099102,0.00177219,320
0.000999208,0.00139522,320
0.000992336,0.0016843,320
0.000991843,0.00129332,320
0.00100225,0.00142117,320
0.000540272,0.00105718,320
0.000992151,0.00176214,320
0.000771704,0.00110555,320
0.00100856,0.00183489,320
0.000743828,0.00114279,320
0.000994631,0.00177095,320
0.000887735,0.00111191,320
0.00056306,0.00107523,320
0.00099481,0.00168296,320
0.00071019,0.00106743,320
0.000994203,0.00176012,320
0.000550342,0.00109176,320
0.00102741,0.00176226,320
0.000554783,0.00110087,320
0.000544382,0.00116079,320
0.00105859,0.00189668,330
0.00107881,0.00193097,330
0.00105836,0.00142233,330
0.0010789,0.00189409,330
0.000812689,0.00114254,330
0.00106568,0.00188158,330
0.000745046,0.00113794,330
0.00105684,0.00188514,330
0.000585039,0.00114957,330
0.00106781,0.00187108,330
0.000576627,0.00115841,330
0.00106202,0.0018731,330
0.000574264,0.00116893,330
0.000606019,0.00118669,330
0.00110105,0.00131615,330
0.000572424,0.00117335,330
0.000874704,0.00114644,330
0.000941742,0.00115103,330
0.00117363,0.00117197,330
0.000699801,0.00119568,330
0.00104905,0.00189416,330
0.000706904,0.00118083,330
0.00096643,0.00116629,330
0.00104344,0.00113758,330
0.00104382,0.00187639,330
0.00056276,0.00112382,330
0.00105659,0.00185746,330
0.000775334,0.001135,330
0.0010502,0.00184009,330
0.000727748,0.00115812,330
0.00103931,0.00187647,330
0.000723976,0.00112798,330
0.0011043,0.00194374,340
0.00115191,0.00157852,340
0.00111304,0.00199355,340
0.000936801,0.00119581,340
0.0011492,0.00191657,340
0.000644367,0.00122296,340
0.00115521,0.00188044,340
0.000602501,0.00121382,340
0.00111518,0.00172451,340
0.000648742,0.00124253,340
0.00111557,0.00199013,340
0.000609539,0.00122336,340
0.00111637,0.00200204,340
0.000614941,0.001207,340
0.00113561,0.00200985,340
0.000598265,0.00118518,340
0.00111776,0.00149544,340
0.000813919,0.00120935,340
0.000655087,0.00120701,340
0.000840927,0.00120574,340
0.000643886,0.00121771,340
0.000593258,0.00128144,340
0.00119392,0.00199243,340
0.00110874,0.00200605,340
0.00107485,0.00126677,340
0.00113189,0.00140065,340
0.000825722,0.00124854,340
0.00111547,0.00141664,340
0.000830813,0.00122806,340
0.00113134,0.00142215,340
0.000856498,0.00127013,340
0.00114923,0.00136155,340
0.000935813,0.00136908,350
0.00128352,0.00151689,350
0.000670512,0.0012979,350
0.00108396,0.00131332,350
0.000646386,0.00130704,350
0.00122552,0.00127588,350
0.000686143,0.00131663,350
0.00119597,0.00142603,350
0.000800851,0.00131962,350
0.00121732,0.00148583,350
0.000847192,0.00126593,350
0.0011986,0.00153703,350
0.000861853,0.00129968,350
0.0012372,0.00150717,350
0.000850562,0.00131092,350
0.00119099,0.00154085,350
0.0008984,0.00128199,350
0.00120418,0.00151342,350
0.000880398,0.00126323,350
0.00101244,0.00134014,350
0.00095959,0.00127914,350
0.00120262,0.00211115,350
0.000758016,0.00131675,350
0.00119305,0.00187029,350
0.000635555,0.0013235,350
0.00118888,0.00174221,350
0.000680193,0.00129229,350
0.00119081,0.00173704,350
0.000646996,0.00126957,350
0.00117653,0.00180252,350
0.000630979,0.00129877,350
0.00118057,0.00174014,350
0.000699253,0.00135946,360
0.000682957,0.00136781,360
0.000693036,0.00135159,360
0.00125109,0.00192604,360
0.00126393,0.00224043,360
0.000936948,0.00133636,360
0.00128443,0.00223045,360
0.000691551,0.00133947,360
0.00126455,0.00222916,360
0.000688424,0.00135187,360
0.0012676,0.00222643,360
0.000677459,0.00135637,360
0.00127119,0.00222663,360
0.00126408,0.00222844,360
0.00126107,0.00161285,360
0.000681686,0.00138357,360
0.0012698,0.00156533,360
0.000671669,0.00139901,360
0.00123608,0.00179119,360
0.000705712,0.00135019,360
0.00123746,0.00133886,360
0.000670522,0.00134779,360
0.00123944,0.00217633,360
0.000669236,0.0013428,360
0.00127026,0.002099,360
0.00072181,0.00134278,360
0.00127428,0.00203991,360
0.00085386,0.00138103,360
0.00124363,0.0018503,360
0.000675808,0.00135528,360
0.00127139,0.00182271,360
0.00070319,0.00134632,360
0.00132953,0.00226099,370
0.00071976,0.00151027,370
0.00127502,0.00146816,370
0.00134991,0.0023612,370
0.00140673,0.00145503,370
0.00132174,0.00202462,370
0.000752058,0.0015479,370
0.00133561,0.00242093,370
0.00075425,0.00152725,370
0.00139627,0.00202413,370
0.00137702,0.00189325,370
0.00112625,0.00143279,370
0.00134989,0.00241034,370
0.000757093,0.00148097,370
0.000745573,0.0020849,370
0.00133638,0.00236359,370
0.00115931,0.00150855,370
0.00133212,0.00236576,370
0.0007212,0.0014102,370
0.00133836,0.00235262,370
0.00133966,0.00236209,370
0.00134574,0.00234248,370
0.00133799,0.0023623,370
0.00133537,0.0014925,370
0.00133177,0.00237924,370
0.00109982,0.00158311,370
0.000774706,0.00165589,370
0.000743673,0.00217677,370
0.00141408,0.00235936,370
0.000774572,0.00147586,370
0.00101728,0.00150366,370
0.000762505,0.00143024,370
0.00111279,0.0016872,380
0.00148309,0.00251452,380
0.00141212,0.00161931,380
0.00140118,0.00248793,380
0.000801119,0.00150584,380
0.00140277,0.0024653,380
0.00140232,0.00155023,380
0.00114107,0.00150568,380
0.000759255,0.00148671,380
0.00138108,0.00257372,380
0.00103894,0.00151953,380
0.000978299,0.00157412,380
0.000822821,0.00152161,380
0.0013997,0.00226251,380
0.00138917,0.00184249,380
0.000945613,0.00156237,380
0.00142833,0.0019311,380
0.000763441,0.00156548,380
0.00139439,0.00240636,380
0.00139025,0.00196163,380
0.00149822,0.00155995,380
0.00122831,0.00151798,380
0.00102705,0.00154622,380
0.00142488,0.0024798,380
0.000731883,0.0015758,380
0.00111601,0.00163367,380
0.00154094,0.00149287,380
0.000734703,0.00150603,380
0.000780334,0.00150919,380
0.00144131,0.00218217,380
0.00138946,0.00214451,380
0.00117538,0.00149497,380
0.000833757,0.0016619,390
0.00120049,0.00175678,390
0.00149167,0.00247051,390
0.00146798,0.00186596,390
0.000787093,0.00158477,390
0.000810136,0.00162505,390
0.001467,0.00211348,390
0.00149153,0.00205566,390
0.00106453,0.00160232,390
0.00138412,0.00165643,390
0.000788064,0.00158117,390
0.00115258,0.00160969,390
0.000785562,0.0015729,390
0.00118912,0.00169193,390
0.000792517,0.00159436,390
0.00106832,0.00161145,390
0.000779838,0.00163727,390
0.00111763,0.00164266,390
0.000841093,0.00160904,390
0.00113361,0.00163703,390
0.000841527,0.00160202,390
0.000790216,0.00158152,390
0.000798072,0.00156574,390
0.00148073,0.00249464,390
0.00148254,0.00234957,390
0.00120491,0.00169661,390
0.00105661,0.00162342,390
0.000785517,0.00157948,390
0.00145459,0.00160499,390
0.00080902,0.00156898,390
0.00146443,0.00210752,390
0.000802439,0.00156596,390
0.000855747,0.00174965,400
0.000838747,0.00175307,400
0.00135195,0.00169818,400
0.00157023,0.00276428,400
0.00142818,0.00172126,400
0.00157688,0.00171089,400
0.00155146,0.00274799,400
0.00153601,0.00275106,400
0.00124369,0.00164524,400
0.00158556,0.00285381,400
0.00153287,0.00276151,400
0.00107841,0.00164271,400
0.00103328,0.001669,400
0.000827682,0.00170135,400
0.00155198,0.00256403,400
0.00123411,0.0018123,400
0.00140086,0.00172205,400
0.000817074,0.00169273,400
0.00104383,0.0016829,400
0.00156222,0.00262574,400
0.00154099,0.00199193,400
0.00127087,0.00170112,400
0.000955924,0.0017754,400
0.000824723,0.00164708,400
0.000823772,0.00166932,400
0.000838909,0.0016514,400
0.000879544,0.00177147,400
0.000851964,0.00170889,400
0.00087715,0.0017084,400
0.000827384,0.00173525,400
0.000836016,0.00173277,400
0.000824712,0.00164867,400
0.000872432,0.00183084,410
0.000889686,0.00181865,410
0.000880826,0.00174471,410
0.0012296,0.00174927,410
0.000872576,0.0017624,410
0.00161877,0.00241703,410
0.00162052,0.00288754,410
0.000874486,0.00177686,410
0.00162914,0.00244171,410
0.00117442,0.00174048,410
0.00154807,0.00183697,410
0.000871713,0.00173829,410
0.00108405,0.00172888,410
0.00161257,0.00265913,410
0.00160987,0.00201301,410
0.001253,0.00172877,410
0.00104153,0.00175878,410
0.000885611,0.00185883,410
0.000922944,0.00173415,410
0.000868553,0.00175316,410
0.000928128,0.00175467,410
0.000899637,0.00182627,410
0.000873938,0.00173852,410
0.000853336,0.00179001,410
0.00168133,0.00248576,410
0.00166324,0.00216989,410
0.000979756,0.00182841,410
0.00133026,0.00176084,410
0.00158789,0.00205682,410
0.00134621,0.0018436,410
0.00163125,0.00199373,410
0.000864422,0.00176256,410
0.00163154,0.00182204,420
0.000953716,0.00186271,420
0.000914829,0.00182542,420
0.00171481,0.00197908,420
0.000906201,0.00184658,420
0.00174655,0.00254267,420
0.00171671,0.002582,420
0.000908959,0.00189631,420
0.00151103,0.00185655,420
0.00137055,0.00270698,420
0.000889004,0.00182033,420
0.00173056,0.00234684,420
0.00102716,0.00181839,420
0.00131496,0.00184107,420
0.0016882,0.00244431,420
0.0015487,0.00183326,420
0.00174863,0.0025951,420
0.000938496,0.00183117,420
0.00170118,0.00249927,420
0.00175448,0.00185762,420
0.00125399,0.00182422,420
0.00171811,0.00271432,420
0.00170254,0.00201807,420
0.00118768,0.00184014,420
0.00169408,0.00278814,420
0.00169074,0.00302814,420
0.000905083,0.00181081,420
0.00173033,0.00268376,420
0.00169848,0.00302783,420
0.000903528,0.00181141,420
0.00171294,0.00250796,420
0.00175568,0.00184416,420
0.00120209,0.0019378,430
0.000964722,0.00198637,430
0.00134698,0.00202946,430
0.00164488,0.00193056,430
0.00177102,0.00298296,430
0.00191431,0.00317215,430
0.000988281,0.00191745,430
0.00178012,0.00317517,430
0.00101643,0.0019155,430
0.00187409,0.00194444,430
0.0017842,0.00224875,430
0.00097221,0.00190111,430
0.00118521,0.00191316,430
0.00179501,0.00271208,430
0.00120381,0.00195979,430
0.00142464,0.00199455,430
0.0018024,0.00274514,430
0.00128359,0.00201683,430
0.00132313,0.00202204,430
0.00179344,0.00271137,430
0.0012102,0.00189923,430
0.00139578,0.00195641,430
0.00182632,0.00273357,430
0.00127721,0.00205214,430
0.00130584,0.00196785,430
0.00126522,0.0020105,430
0.00107255,0.00190573,430
0.00182752,0.00256776,430
0.00180195,0.00256594,430
0.000940294,0.00194365,430
0.00142343,0.00191223,430
0.00180058,0.00288563,430
0.0015441,0.00200017,440
0.00174996,0.00202518,440
0.00192537,0.0027434,440
0.00187629,0.00332386,440
0.0018973,0.00201242,440
0.00149129,0.00203759,440
0.001035,0.00210809,440
0.00184431,0.00245186,440
0.00151272,0.00205434,440
0.00100166,0.002046,440
0.00112215,0.00202804,440
0.00190406,0.00263976,440
0.00192486,0.00331977,440
0.00173845,0.00205323,440
0.00155103,0.00205154,440
0.00182998,0.0019934,440
0.00191862,0.00303558,440
0.00190751,0.0033194,440
0.00103749,0.00201511,440
0.00187921,0.00234226,440
0.00187576,0.00324147,440
0.00110167,0.00199523,440
0.00177015,0.00203982,440
0.00189906,0.00296116,440
0.00185091,0.00335615,440
0.00174371,0.00211066,440
0.00189618,0.00286296,440
0.00191359,0.00228473,440
0.000994438,0.00202033,440
0.00104874,0.0021285,440
0.00189561,0.00261775,440
0.00184052,0.00342514,440
0.00196187,0.00233059,450
0.00104076,0.0020858,450
0.00195783,0.00225014,450
0.00192033,0.00311724,450
0.00183148,0.0021154,450
0.00104808,0.00210538,450
0.00199614,0.00247338,450
0.00137473,0.00207704,450
0.00103905,0.00218197,450
0.00107824,0.00209721,450
0.00200343,0.00263229,450
0.00199041,0.00281235,450
0.00102138,0.00208241,450
0.001993,0.00249709,450
0.00201876,0.00276831,450
0.00104629,0.00208485,450
0.00199491,0.00243634,450
0.0019863,0.00326098,450
0.00196125,0.00347245,450
0.00108315,0.00211485,450
0.00198949,0.0021673,450
0.00198135,0.0030674,450
0.00196658,0.00347555,450
0.00101678,0.00216886,450
0.00197052,0.00224935,450
0.0019942,0.00301565,450
0.001087,0.00208707,450
0.00152468,0.00217063,450
0.00198037,0.00286257,450
0.00200303,0.00346743,450
0.00124992,0.00219061,450
0.00176044,0.0021479,450
0.00213265,0.00228724,460
0.00204139,0.00363581,460
0.00113532,0.00225426,460
0.00134186,0.00221258,460
0.00205128,0.00276617,460
0.0020713,0.00335189,460
0.00112806,0.00216489,460
0.00143466,0.00216946,460
0.00145606,0.00224476,460
0.00201595,0.00363331,460
0.00109717,0.00217099,460
0.0020243,0.00222815,460
0.00111617,0.00224782,460
0.00111771,0.00225301,460
0.00188435,0.00218341,460
0.00203447,0.00296971,460
0.002072,0.00319687,460
0.00206742,0.00360611,460
0.00205434,0.00362674,460
0.00108238,0.00222811,460
0.001987,0.00228842,460
0.00212132,0.00293904,460
0.00203521,0.0035523,460
0.0010747,0.0021888,460
0.00163901,0.00222099,460
0.00205051,0.00290279,460
0.00204053,0.00344617,460
0.001216,0.00226924,460
0.00159722,0.00229471,460
0.00206718,0.00280814,460
0.00201519,0.00347255,460
0.00212715,0.00225238,460
0.00113574,0.00232244,470
0.00221834,0.00233349,470
0.00215909,0.00282407,470
0.00154375,0.00234466,470
0.00118492,0.00232447,470
0.00218607,0.00240875,470
0.00220372,0.0030777,470
0.00180504,0.00233275,470
0.00120862,0.00227652,470
0.0021348,0.00363516,470
0.00114009,0.00226258,470
0.00201199,0.00234082,470
0.00123434,0.00231794,470
0.00214932,0.00262175,470
0.00156252,0.0022759,470
0.00110962,0.00231651,470
0.00212442,0.00245742,470
0.00214514,0.00317101,470
0.00185754,0.00230191,470
0.00113694,0.00230452,470
0.00113973,0.0023484,470
0.00114883,0.00231396,470
0.00118829,0.00230105,470
0.00113191,0.00225811,470
0.00117265,0.00230343,470
0.00212952,0.00254933,470
0.00216348,0.00314644,470
0.00143229,0.00230403,470
0.00125268,0.00239604,470
0.0015845,0.00234982,470
0.00115845,0.00242877,470
0.00220557,0.00252554,470
0.00119758,0.00249562,480
0.00230335,0.00405833,480
0.00219776,0.00243197,480
0.00118406,0.00241675,480
0.00115502,0.00243519,480
0.00229878,0.00256857,480
0.00222715,0.00312737,480
0.00175902,0.0025174,480
0.00117826,0.00236868,480
0.0012225,0.00235808,480
0.00231899,0.00315685,480
0.0011742,0.00254867,480
0.00116994,0.00238499,480
0.00210042,0.00242494,480
0.00229886,0.00372043,480
0.00116929,0.00238837,480
0.00183115,0.00246441,480
0.00117509,0.00248978,480
0.00226168,0.00248191,480
0.00116922,0.00239451,480
0.00118209,0.00240241,480
0.00221118,0.00253685,480
0.00135891,0.0024607,480
0.00118528,0.00241979,480
0.00198794,0.00244195,480
0.00117073,0.00241988,480
0.00221358,0.00250764,480
0.00227703,0.0031834,480
0.00120394,0.0024826,480
0.00130224,0.00237361,480
0.00223982,0.00270709,480
0.00220902,0.00251575,480
0.00125439,0.0025624,490
0.00132716,0.00248738,490
0.00231608,0.00412796,490
0.00236074,0.00297681,490
0.00205171,0.00257871,490
0.00181023,0.00251951,490
0.00124769,0.00255649,490
0.00217418,0.00256848,490
0.00153647,0.00253898,490
0.00157705,0.00261356,490
0.001621,0.00255823,490
0.00225155,0.00248317,490
0.00122287,0.00247944,490
0.00235042,0.00265107,490
0.00158687,0.00254819,490
0.0023216,0.00275555,490
0.00124075,0.00248805,490
0.00126162,0.00253396,490
0.00223702,0.00249737,490
0.00230927,0.00314316,490
0.00121626,0.00260991,490
0.00239757,0.00292394,490
0.0012921,0.0027071,490
0.00132168,0.00267191,490
0.00226315,0.00279666,490
0.00125731,0.0025317,490
0.00231947,0.00254741,490
0.00232732,0.00316314,490
0.00155969,0.00254195,490
0.00127565,0.00250952,490
0.00235092,0.0025477,490
0.00240755,0.00296557,490
0.00130304,0.00258439,500
0.00225904,0.00272809,500
0.00243915,0.00317295,500
0.00131251,0.00255597,500
0.00224463,0.00264192,500
0.00144479,0.00266904,500
0.0024043,0.00428939,500
0.00241216,0.00378291,500
0.00246016,0.00264627,500
0.00244989,0.00305717,500
0.00126518,0.00263568,500
0.0013897,0.00261298,500
0.00250772,0.00266494,500
0.00243094,0.00317281,500
0.0024309,0.00349297,500
0.00245067,0.00428378,500
0.00240197,0.00427922,500
0.00245654,0.00334268,500
0.00165208,0.0025643,500
0.00238606,0.00290082,500
0.00129675,0.00267368,500
0.00234025,0.00270401,500
0.00246651,0.00309683,500
0.00144502,0.00258279,500
0.00247967,0.00260166,500
0.00240487,0.00322114,500
0.00159856,0.00257538,500
0.00217164,0.00261099,500
0.00240071,0.00291697,500
0.00130999,0.00270087,500
0.00132253,0.00259719,500
0.00183843,0.00263202,500
0.00253755,0.00293251,510
0.00133522,0.00268587,510
0.00134015,0.00269062,510
0.00233267,0.00279961,510
0.00243311,0.00272747,510
0.00250883,0.00301435,510
0.00247311,0.00333364,510
0.00255407,0.00354001,510
0.00253192,0.00360377,510
0.00254173,0.00363324,510
0.00254067,0.00378987,510
0.00256464,0.00380556,510
0.0025379,0.00369645,510
0.0025041,0.00373571,510
0.00248939,0.00376492,510
0.00259905,0.00371594,510
0.00256322,0.00374778,510
0.0024879,0.00379872,510
0.00254704,0.00383271,510
0.00253594,0.00391768,510
0.00252459,0.00393183,510
0.00255399,0.00390692,510
0.00258202,0.00377032,510
0.00251112,0.0038444,510
0.00250912,0.0038285,510
0.00246,0.00388274,510
0.0024943,0.00388321,510
0.00255352,0.00380919,510
0.00255978,0.00381306,510
0.00154104,0.00268575,510
0.00133203,0.00266556,510
0.00182833,0.00292216,510
0.00138035,0.00277506,520
0.00158707,0.0027845,520
0.00192647,0.00280933,520
0.00136807,0.00279549,520
0.00191429,0.00283832,520
0.00140226,0.00280897,520
0.0013868,0.00280506,520
0.00135782,0.0028114,520
0.00213966,0.00281387,520
0.00138272,0.00276798,520
0.00262799,0.00424755,520
0.00269419,0.00395142,520
0.00258838,0.00393947,520
0.00136998,0.00284743,520
0.0013856,0.00285877,520
0.00184383,0.00279383,520
0.0013809,0.00279847,520
0.00183491,0.00279805,520
0.00263099,0.00287596,520
0.00263208,0.00308638,520
0.00261721,0.00335114,520
0.00138589,0.00282818,520
0.00217591,0.00292708,520
0.00268694,0.00463302,520
0.00136757,0.00275749,520
0.00221715,0.00281177,520
0.00228773,0.00281892,520
0.00184591,0.00281748,520
0.00161786,0.00287097,520
0.00162317,0.00280664,520
0.00136962,0.00282344,520
0.00176899,0.0028527,520
0.00141797,0.00298465,530
0.00161183,0.00298023,530
0.00222473,0.00289318,530
0.00267796,0.003065,530
0.00273992,0.00324394,530
0.00269006,0.00341396,530
0.00268409,0.00363024,530
0.00270601,0.00353992,530
0.00266762,0.0036571,530
0.00273867,0.00359806,530
0.00275586,0.00362593,530
0.00268822,0.00369535,530
0.00276684,0.00363835,530
0.00265041,0.00307492,530
0.00142858,0.00290549,530
0.00214603,0.00295625,530
0.0027581,0.00295831,530
0.00212283,0.0028777,530
0.0026942,0.00453656,530
0.00271047,0.00332899,530
0.00278355,0.00343617,530
0.00158599,0.00307843,530
0.00143352,0.00298819,530
0.00211603,0.00296102,530
0.00264868,0.00294129,530
0.00270707,0.00309891,530
0.00273691,0.00332852,530
0.00272899,0.00338656,530
0.00272846,0.00346968,530
0.00269848,0.00368415,530
0.00273669,0.00346204,530
0.00157119,0.00445429,530
0.00291078,0.00511861,540
0.00290259,0.00347017,540
0.00272471,0.00316971,540
0.0029832,0.00305438,540
0.00287459,0.0032054,540
0.00279665,0.00331796,540
0.00283369,0.00339804,540
0.00283803,0.00337833,540
0.00281117,0.00353831,540
0.00282063,0.00345269,540
0.00282161,0.00354025,540
0.0027984,0.00317667,540
0.00289306,0.00302083,540
0.00284229,0.00406086,540
0.0028455,0.00383044,540
0.00269039,0.00303241,540
0.00295699,0.00315675,540
0.00284052,0.00321935,540
0.00278046,0.00334826,540
0.00278762,0.00453519,540
0.00279874,0.00419038,540
0.00237276,0.00304712,540
0.00282802,0.00310319,540
0.00277997,0.0032082,540
0.0028496,0.00331664,540
0.00281271,0.0034716,540
0.00279669,0.00346668,540
0.00281955,0.00329115,540
0.00186411,0.0030165,540
0.00260185,0.00309258,540
0.00275389,0.00299115,540
0.00280178,0.00330572,540
0.00287475,0.00372102,550
0.00287615,0.00319422,550
0.00301696,0.00314514,550
0.00303482,0.00317358,550
0.00291045,0.00324373,550
0.00267274,0.00313784,550
0.00293024,0.00460361,550
0.00269775,0.0031514,550
0.00293967,0.00324154,550
0.00293452,0.00312953,550
0.0029902,0.00321738,550
0.0028967,0.00325114,550
0.00216086,0.00334316,550
0.00155448,0.00319028,550
0.00205566,0.00327081,550
0.00263383,0.00327702,550
0.00266895,0.00316214,550
0.00292481,0.0033169,550
0.00260326,0.0031739,550
0.00277885,0.00320855,550
0.00281458,0.00315247,550
0.00297446,0.00324844,550
0.00285813,0.00318385,550
0.00297501,0.00330743,550
0.002876,0.00321255,550
0.0029877,0.00326021,550
0.00292403,0.00328145,550
0.00295656,0.00344452,550
0.00289068,0.0032507,550
0.00293968,0.00329331,550
0.00220946,0.00321567,550
0.00157728,0.00315498,550
0.0020998,0.00334432,560
0.00162795,0.00402338,560
0.00171975,0.00325425,560
0.00238706,0.00321257,560
0.0026523,0.00326201,560
0.00288074,0.00338528,560
0.0029656,0.00327298,560
0.00160304,0.00327483,560
0.00311192,0.00353772,560
0.00161233,0.00338828,560
0.00169968,0.00351784,560
0.00167765,0.00335703,560
0.00188591,0.00345342,560
0.00193244,0.00320938,560
0.00307639,0.0036261,560
0.00170181,0.0033663,560
0.00193451,0.00326027,560
0.00162439,0.00326497,560
0.00210156,0.00324971,560
0.00262538,0.00321173,560
0.00295712,0.00335788,560
0.00301653,0.00339662,560
0.00303404,0.00410743,560
0.00311675,0.00326815,560
0.00304889,0.00334557,560
0.00304903,0.00341992,560
0.00304303,0.00336306,560
0.0030174,0.00336469,560
0.00304842,0.00343984,560
0.0030951,0.00332043,560
0.00309523,0.00371436,560
0.00304364,0.00356381,560
0.00289852,0.00345757,570
0.0024124,0.00335703,570
0.00321003,0.00339747,570
0.00297185,0.00335886,570
0.00294856,0.00338871,570
0.00193735,0.00334476,570
0.00310923,0.00369475,570
0.00319305,0.00345246,570
0.00305884,0.0033961,570
0.00304552,0.00342969,570
0.00290299,0.00342007,570
0.00290072,0.00341954,570
0.00286915,0.00337345,570
0.00279687,0.00346185,570
0.00283807,0.00338067,570
0.00288509,0.00350227,570
0.00279605,0.00340399,570
0.00289809,0.00334361,570
0.00287262,0.00345068,570
0.00290047,0.00346247,570
0.00278785,0.00336848,570
0.00301143,0.00360083,570
0.00254119,0.0033966,570
0.00263768,0.00339706,570
0.00268873,0.00343528,570
0.00279764,0.00350514,570
0.00190772,0.00333025,570
0.00317687,0.00558001,570
0.00214205,0.003366,570
0.00254698,0.00336183,570
0.00275591,0.00339222,570
0.00289116,0.00347161,570
0.00330026,0.00584177,580
0.0017227,0.00357193,580
0.00194652,0.00363582,580
0.00211632,0.00354782,580
0.00251826,0.00350527,580
0.00334706,0.005988,580
0.00318119,0.00377987,580
0.00184676,0.00378242,580
0.00259715,0.00355561,580
0.00293306,0.00353117,580
0.00243106,0.00345647,580
0.00242333,0.00350494,580
0.00256915,0.00351787,580
0.00271526,0.00356541,580
0.00267094,0.00353206,580
0.00269355,0.00362504,580
0.00264108,0.00351001,580
0.00273524,0.00348575,580
0.0028,0.00358542,580
0.00275831,0.00359014,580
0.00273084,0.00346,580
0.00271896,0.00356823,580
0.00276845,0.00358312,580
0.00273336,0.00352438,580
0.00276408,0.00347366,580
0.00278099,0.00349258,580
0.00277822,0.00349611,580
0.00275133,0.00348262,580
0.00280622,0.00345915,580
0.00279409,0.00348062,580
0.00282364,0.00360686,580
0.00278853,0.00357997,580
0.00280641,0.00386545,590
0.00229701,0.00365427,590
0.00237101,0.00358995,590
0.0025458,0.00358381,590
0.00250665,0.00367315,590
0.00258264,0.00373236,590
0.00207749,0.0036339,590
0.00177774,0.00366211,590
0.00198784,0.00361305,590
0.0023544,0.00367323,590
0.002481,0.00363964,590
0.00250791,0.00371374,590
0.00260293,0.00363089,590
0.00262309,0.00358315,590
0.00265968,0.00368768,590
0.00262106,0.00372039,590
0.0025954,0.00367867,590
0.00246691,0.00362485,590
0.00245443,0.00370116,590
0.00251158,0.00368861,590
0.00250785,0.00360051,590
0.0025675,0.00364225,590
0.00262022,0.00362897,590
0.00272735,0.00370005,590
0.00176803,0.00376553,590
0.00180527,0.00356809,590
0.00207367,0.00364736,590
0.00233664,0.00364557,590
0.00251361,0.00361262,590
0.00266817,0.00356831,590
0.00268985,0.00365493,590
0.00250712,0.0036094,590
0.00359369,0.00627367,600
0.00244054,0.00552373,600
0.00191705,0.00378963,600
0.00179973,0.00378519,600
0.00210287,0.00384186,600
0.00199293,0.00371489,600
0.00219971,0.00369932,600
0.00238278,0.00519024,600
0.00190538,0.00392293,600
0.00182056,0.00376506,600
0.0020544,0.00369284,600
0.00216538,0.00370135,600
0.00290291,0.00375963,600
0.00271785,0.00381088,600
0.00253918,0.00370696,600
0.00252408,0.00367518,600
0.0025276,0.0037342,600
0.00249433,0.00368413,600
0.00184913,0.0037718,600
0.00185294,0.00372221,600
0.00193377,0.00375624,600
0.00231121,0.00372034,600
0.00180517,0.00375825,600
0.00203199,0.00380367,600
0.00215446,0.00374551,600
0.00240385,0.00372729,600
0.00252352,0.00371859,600
0.00265823,0.00371791,600
0.00263278,0.00373624,600
0.00256924,0.00377082,600
0.00261113,0.00371669,600
0.00257025,0.00372748,600
0.00267097,0.00404863,610
0.00192399,0.00388551,610
0.00187481,0.0038743,610
0.00189149,0.00411762,610
0.00198253,0.00380083,610
0.00356396,0.00637891,610
0.00257118,0.00396574,610
0.00241018,0.00384478,610
0.00243838,0.00388183,610
0.00248966,0.00390072,610
0.00248536,0.00388844,610
0.00241838,0.0038228,610
0.00252688,0.00391151,610
0.00186633,0.00385411,610
0.00200072,0.00380752,610
0.00210561,0.00380874,610
0.00235533,0.00385865,610
0.0023551,0.00384731,610
0.0025106,0.00399051,610
0.00188745,0.00379649,610
0.00190481,0.00387839,610
0.00204418,0.00388506,610
0.00217048,0.00386996,610
0.00233127,0.00383348,610
0.00240756,0.00382821,610
0.00243813,0.00385554,610
0.00252737,0.00379196,610
0.00247355,0.00385721,610
0.00248956,0.00381859,610
0.00255388,0.0038636,610
0.00258773,0.00389591,610
0.00242044,0.0038401,610
0.00248405,0.00404177,620
0.00215024,0.00394506,620
0.00212835,0.00394821,620
0.00214086,0.00390983,620
0.00210348,0.0039566,620
0.00228112,0.00390324,620
0.00229179,0.00395452,620
0.00217253,0.00406631,620
0.00199088,0.00398612,620
0.00195644,0.0039579,620
0.00198032,0.00394302,620
0.00213982,0.00394998,620
0.00222626,0.00391233,620
0.00222269,0.00401377,620
0.00219867,0.00395657,620
0.00220522,0.00394728,620
0.00224481,0.00396195,620
0.00219619,0.00399253,620
0.00223372,0.00395196,620
0.00331119,0.00397186,620
0.00284036,0.00393987,620
0.00253671,0.00413077,620
0.00236161,0.00411122,620
0.00230011,0.00393628,620
0.00237389,0.00401649,620
0.00227792,0.004082,620
0.0022803,0.00403677,620
0.00221749,0.00405698,620
0.00221943,0.00402893,620
0.00218001,0.00394383,620
0.00221414,0.00403454,620
0.00221595,0.00402579,620
0.00226384,0.00429359,630
0.00206838,0.00412155,630
0.00200424,0.00412824,630
0.00204434,0.00406745,630
0.00200734,0.0041288,630
0.00223468,0.00415444,630
0.00214935,0.00418761,630
0.00199753,0.00416215,630
0.00204068,0.00414891,630
0.00202998,0.0040495,630
0.00211987,0.00419733,630
0.00211543,0.00426036,630
0.00198444,0.00412668,630
0.00202799,0.00414494,630
0.00202073,0.00413688,630
0.00199278,0.00419259,630
0.00217838,0.00408628,630
0.00221946,0.00415726,630
0.00205384,0.00423944,630
0.00203958,0.00408981,630
0.00203264,0.00410715,630
0.00199345,0.00410585,630
0.00216713,0.00410407,630
0.00318803,0.0041315,630
0.00204981,0.00409808,630
0.00199157,0.00414862,630
0.0021277,0.00410213,630
0.00220595,0.0040599,630
0.00236649,0.00411098,630
0.00232351,0.00412028,630
0.00228881,0.00404981,630
0.00237072,0.00410806,630
0.00241509,0.0043406,640
0.00209415,0.00426668,640
0.00212949,0.00426032,640
0.00212365,0.00426807,640
0.00208397,0.00423514,640
0.00210876,0.00422201,640
0.00401459,0.00522805,640
0.00203709,0.00423501,640
0.00208464,0.00429085,640
0.00209019,0.004208,640
0.00211533,0.00427038,640
0.00203264,0.00425947,640
0.00401364,0.00501719,640
0.00369731,0.00433056,640
0.00283299,0.00427679,640
0.00249371,0.00421201,640
0.00375179,0.00425364,640
0.00293878,0.00431496,640
0.00246879,0.0042161,640
0.00231103,0.0043367,640
0.00231322,0.00422373,640
0.00209204,0.00429038,640
0.00206111,0.0043144,640
0.00214156,0.00420801,640
0.00210901,0.0041914,640
0.00206626,0.00430897,640
0.0020969,0.00424163,640
0.00204959,0.00418814,640
0.0020328,0.00428921,640
0.00205934,0.00432678,640
0.00212125,0.004303,640
0.00207892,0.00436438,640
0.00216402,0.00448379,650
0.00212528,0.00437555,650
0.0021085,0.0044761,650
0.00209247,0.00453347,650
0.00215338,0.00445928,650
0.00213485,0.0045588,650
0.00215621,0.00455605,650
0.00215567,0.00448371,650
0.00214284,0.00435376,650
0.00212977,0.00454534,650
0.00219764,0.00486411,650
0.00412683,0.00439533,650
0.00303727,0.00440013,650
0.00254485,0.00466297,650
0.00211157,0.00437996,650
0.00217229,0.00441093,650
0.00216331,0.00443636,650
0.00215592,0.00441071,650
0.00214824,0.00434288,650
0.00218181,0.00435105,650
0.00217154,0.00436668,650
0.00214628,0.00430134,650
0.00220054,0.00437773,650
0.00216136,0.00437499,650
0.00211868,0.00434907,650
0.0021371,0.00438031,650
0.00244795,0.00436075,650
0.00242578,0.0043357,650
0.00216096,0.00434877,650
0.00212865,0.00432251,650
0.00213382,0.00435373,650
0.00213034,0.00435056,650
0.00270939,0.00576157,660
0.00248604,0.0047733,660
0.00441393,0.00486161,660
0.00220103,0.00452909,660
0.00227562,0.00450663,660
0.00418633,0.00548439,660
0.00336324,0.00453494,660
0.00260197,0.00472851,660
0.00217751,0.00457511,660
0.00220694,0.00454053,660
0.00220249,0.00465003,660
0.00222274,0.00459837,660
0.00219529,0.00452166,660
0.00263617,0.00458247,660
0.00300628,0.00448996,660
0.00250349,0.00449821,660
0.00221919,0.00450806,660
0.00221783,0.00446777,660
0.00218239,0.0046528,660
0.00216157,0.00447466,660
0.00418373,0.00460825,660
0.00319937,0.00465944,660
0.00246051,0.00450608,660
0.00220862,0.00472991,660
0.00228144,0.00454385,660
0.00222933,0.00458239,660
0.00218215,0.00468045,660
0.00221353,0.00456986,660
0.00218262,0.00452376,660
0.0022216,0.00453865,660
0.00219833,0.00457374,660
0.00221786,0.0044664,660
0.00226954,0.00479635,670
0.00225577,0.00476654,670
0.00233041,0.00471175,670
0.00364874,0.00462794,670
0.00292134,0.00467084,670
0.00436705,0.00513558,670
0.0023248,0.00463225,670
0.00318763,0.00466042,670
0.00226191,0.00464879,670
0.00227202,0.00459055,670
0.00275568,0.00468587,670
0.0023567,0.00462547,670
0.00226784,0.00467445,670
0.00434842,0.00769993,670
0.0025035,0.00459359,670
0.00223604,0.00464798,670
0.00228954,0.00465208,670
0.00227286,0.00464858,670
0.00415348,0.00469779,670
0.00224848,0.00459002,670
0.00228185,0.00467934,670
0.00227523,0.00463168,670
0.00228055,0.0046349,670
0.00230912,0.00457786,670
0.00435403,0.00558567,670
0.00390881,0.00465381,670
0.00378527,0.00463038,670
0.00245642,0.00463217,670
0.00228799,0.00462243,670
0.0022622,0.00456264,670
0.00225319,0.00460954,670
0.00228197,0.00462139,670
0.00235862,0.00491745,680
0.00245197,0.00608862,680
0.00373365,0.00482413,680
0.00271674,0.00471939,680
0.00232023,0.00477777,680
0.00274839,0.0047826,680
0.00231461,0.00471288,680
0.00451366,0.00540695,680
0.00350656,0.00483168,680
0.00250778,0.00472839,680
0.0023703,0.00476971,680
0.00449535,0.0057632,680
0.003293,0.00488413,680
0.00241535,0.00473484,680
0.00233004,0.00474877,680
0.00236549,0.00494622,680
0.00233198,0.0048962,680
0.0023903,0.00503727,680
0.00235251,0.00496417,680
0.00449923,0.00792291,680
0.00236788,0.0048033,680
0.00232193,0.00485206,680
0.00279823,0.00475447,680
0.00232055,0.00475357,680
0.0023308,0.00475346,680
0.0023292,0.00473244,680
0.00234843,0.00479329,680
0.00234636,0.00479435,680
0.00232292,0.00476607,680
0.00239705,0.00476659,680
0.00364514,0.00484504,680
0.00231533,0.00494148,680
0.00245924,0.00517073,690
0.00321336,0.00499415,690
0.00243484,0.00495148,690
0.00250735,0.00503192,690
0.0024285,0.00486232,690
0.00247842,0.00494799,690
0.00245139,0.00487097,690
0.00432658,0.00501445,690
0.00462117,0.00547625,690
0.00341725,0.00501302,690
0.00242932,0.00491304,690
0.00324836,0.00486329,690
0.00246686,0.00490812,690
0.00458812,0.00521804,690
0.002955,0.0049185,690
0.00247822,0.00496406,690
0.00240704,0.00499315,690
0.00239935,0.0049965,690
0.00236644,0.00497579,690
0.00244718,0.00501589,690
0.0024036,0.00508105,690
0.00238904,0.00508031,690
0.00244356,0.0050929,690
0.00471218,0.00575122,690
0.00360321,0.00484963,690
0.00258545,0.00486544,690
0.00244125,0.00493479,690
0.00240959,0.00491398,690
0.00462109,0.00815005,690
0.00252139,0.00493693,690
0.0024214,0.00495958,690
0.00239773,0.00502347,690
0.00246218,0.00519851,700
0.00248931,0.00523167,700
0.0048657,0.005135,700
0.00295087,0.00502245,700
0.00249727,0.00505877,700
0.00248775,0.00507393,700
0.00246289,0.00508239,700
0.00250877,0.00505562,700
0.00252919,0.00499583,700
0.00244854,0.00506219,700
0.00246323,0.00504395,700
0.00249469,0.0050252,700
0.0025477,0.00505142,700
0.00250422,0.00513083,700
0.00480833,0.0070122,700
0.0033163,0.005041,700
0.00248451,0.00503077,700
0.00252536,0.00513091,700
0.00489363,0.00609677,700
0.00362019,0.00509032,700
0.00242844,0.00504535,700
0.00245627,0.00502233,700
0.00251552,0.00522558,700
0.00245859,0.00502914,700
0.00255646,0.00506932,700
0.00250293,0.00526652,700
0.00467484,0.00594657,700
0.00272839,0.00506589,700
0.00328624,0.00516795,700
0.00245903,0.00504472,700
0.00246013,0.00504384,700
0.00254863,0.00511202,700
0.00259296,0.00532644,710
0.00485576,0.00867814,710
0.00273522,0.0053425,710
0.00254225,0.00522713,710
0.0048376,0.00605987,710
0.00348709,0.00525398,710
0.00255615,0.00524486,710
0.00254881,0.00521986,710
0.00252931,0.00523024,710
0.00250979,0.00516684,710
0.00255508,0.00521091,710
0.00256352,0.00519838,710
0.00253508,0.00514438,710
0.00253938,0.00516174,710
0.00494222,0.00600175,710
0.00362775,0.00517817,710
0.00256372,0.00520664,710
0.00254149,0.00519629,710
0.0025279,0.00517527,710
0.00254222,0.00515936,710
0.00253253,0.00514225,710
0.00262133,0.00520936,710
0.00483716,0.00559189,710
0.00330151,0.00518431,710
0.00252821,0.00520111,710
0.00252669,0.00525295,710
0.00485425,0.00599102,710
0.00258951,0.0054046,710
0.00257914,0.00527216,710
0.00486852,0.00608624,710
0.00348674,0.00532355,710
0.00260846,0.00522986,710
0.00506563,0.00627874,720
0.00334949,0.00564803,720
0.00502702,0.00633785,720
0.00281182,0.00534476,720
0.00265838,0.00540839,720
0.00498672,0.00882024,720
0.00312151,0.00534709,720
0.00499379,0.00659555,720
0.00378567,0.00528235,720
0.00265928,0.00543257,720
0.00444547,0.00533413,720
0.00260726,0.00529898,720
0.00503846,0.00766045,720
0.0032587,0.00533979,720
0.00264911,0.00553742,720
0.00272531,0.005369,720
0.00500836,0.0065178,720
0.00381792,0.00560125,720
0.0026116,0.00610097,720
0.00308906,0.00750516,720
0.00439443,0.00643001,720
0.00378404,0.00528453,720
0.00280975,0.00532902,720
0.00268812,0.00540561,720
0.00506703,0.00556721,720
0.00263292,0.00549765,720
0.00260268,0.00542286,720
0.00502377,0.00887489,720
0.00261387,0.00555536,720
0.00268856,0.00547896,720
0.00508983,0.00648353,720
0.00258087,0.00547625,720
0.00309751,0.00560975,730
0.00266466,0.00573764,730
0.00380183,0.00558554,730
0.00269254,0.00557213,730
0.00276402,0.00557423,730
0.00268505,0.00570357,730
0.00268352,0.00550462,730
0.00513116,0.00818023,730
0.00277573,0.00547398,730
0.00517203,0.00773339,730
0.00273805,0.0055755,730
0.00269924,0.00549679,730
0.00272393,0.00548883,730
0.0045873,0.00569816,730
0.0052246,0.00798853,730
0.00293779,0.00578358,730
0.0026978,0.00562651,730
0.00275109,0.00559049,730
0.00272095,0.00561416,730
0.0027376,0.00554411,730
0.00509546,0.00859549,730
0.00455087,0.00556086,730
0.00520804,0.00815372,730
0.00266943,0.00565106,730
0.0026657,0.00544863,730
0.0051235,0.00625508,730
0.00345803,0.00549469,730
0.00274545,0.00555285,730
0.0026861,0.0055468,730
0.00265266,0.00577133,730
0.00275259,0.00576277,730
0.00275714,0.0055584,730
0.00277422,0.00590143,740
0.00281301,0.0056676,740
0.00272135,0.00565434,740
0.00280393,0.00564418,740
0.00277157,0.00559065,740
0.00278926,0.00562794,740
0.00275274,0.00562614,740
0.00275101,0.00575229,740
0.0027479,0.00564208,740
0.00281233,0.00563007,740
0.00272347,0.00567807,740
0.00278165,0.00568712,740
0.00525613,0.00599458,740
0.00311859,0.00572328,740
0.00282518,0.00570482,740
0.00276348,0.00563679,740
0.00277931,0.00565973,740
0.00529179,0.00655675,740
0.00365436,0.00559505,740
0.00409114,0.00579053,740
0.0027618,0.00569196,740
0.00276898,0.00574433,740
0.00274258,0.00588682,740
0.00273928,0.00576025,740
0.00279882,0.00571657,740
0.00279482,0.00572382,740
0.0028467,0.005703,740
0.00275253,0.00583469,740
0.00275455,0.00561805,740
0.00278444,0.00579843,740
0.00279342,0.00614697,740
0.00272698,0.0057408,740
0.0029453,0.00592612,750
0.00552187,0.00946356,750
0.00553767,0.0058812,750
0.00304274,0.0058485,750
0.00288175,0.00592601,750
0.00550656,0.00634755,750
0.00331672,0.00581355,750
0.00286098,0.00592195,750
0.00550212,0.00636583,750
0.00285362,0.00578033,750
0.00287921,0.00581796,750
0.00282028,0.00581317,750
0.00285878,0.0057652,750
0.00285297,0.00601223,750
0.00530798,0.00631879,750
0.00335198,0.00586011,750
0.00289123,0.00576784,750
0.00282175,0.00573551,750
0.0027719,0.00578902,750
0.00280341,0.00581726,750
0.00284306,0.00579207,750
0.00286209,0.00576129,750
0.00278941,0.00582443,750
0.00283871,0.00576042,750
0.0028469,0.00574101,750
0.00282272,0.00577106,750
0.00280825,0.00583606,750
0.00282811,0.00578177,750
0.00280076,0.00578789,750
0.00283937,0.00580182,750
0.00288855,0.00585382,750
0.00280316,0.00576353,750
0.00290954,0.00616481,760
0.00563207,0.00598674,760
0.00341493,0.00592953,760
0.0028788,0.00593918,760
0.00291685,0.00590278,760
0.0029353,0.00596206,760
0.00294816,0.00593899,760
0.00290456,0.00592667,760
0.00288628,0.0060028,760
0.00561972,0.00706082,760
0.00289946,0.00607787,760
0.00291971,0.00587037,760
0.0029708,0.00613546,760
0.00352135,0.00616306,760
0.00291556,0.0059587,760
0.00562706,0.00806474,760
0.00449243,0.00597658,760
0.00300211,0.00594249,760
0.00294738,0.00591171,760
0.00292044,0.00596295,760
0.00288942,0.00595518,760
0.0056465,0.00647836,760
0.00332113,0.0059745,760
0.00286796,0.00593854,760
0.00556974,0.0065611,760
0.00290056,0.00596717,760
0.00297999,0.00600085,760
0.00478862,0.00606687,760
0.00322276,0.00593217,760
0.00302158,0.00594809,760
0.00292757,0.00594396,760
0.00553924,0.00660797,760
0.00336912,0.00631244,770
0.00469746,0.00611872,770
0.00297073,0.0060454,770
0.00297072,0.00610317,770
0.00574168,0.00652382,770
0.00327508,0.00608235,770
0.00301025,0.00608378,770
0.00531672,0.00621151,770
0.0030962,0.00613183,770
0.00577698,0.00687663,770
0.00298232,0.00620461,770
0.00305134,0.00625909,770
0.00299414,0.006111,770
0.0056645,0.0085693,770
0.00478533,0.00610451,770
0.0029863,0.00617056,770
0.00548753,0.0060708,770
0.00568572,0.00777811,770
0.00396467,0.0061271,770
0.00299641,0.00617623,770
0.00296312,0.00647631,770
0.00304315,0.00615339,770
0.00571967,0.0103125,770
0.00574102,0.00686071,770
0.00299279,0.00611475,770
0.00298454,0.00610716,770
0.00575444,0.00659497,770
0.00335019,0.00608689,770
0.00297218,0.00611484,770
0.00572037,0.00653986,770
0.00334334,0.0061329,770
0.00299046,0.00607882,770
0.00507794,0.00650189,780
0.00311902,0.00632866,780
0.00312663,0.00633839,780
0.00308482,0.00632134,780
0.00304453,0.00649433,780
0.00311935,0.00623358,780
0.00312303,0.00647428,780
0.00309176,0.00951508,780
0.00574611,0.00794656,780
0.00317025,0.0062924,780
0.00304844,0.00623412,780
0.00305078,0.00627827,780
0.00365433,0.00634115,780
0.00305788,0.00626435,780
0.00314257,0.00649585,780
0.00313755,0.00637624,780
0.00309376,0.0063586,780
0.00304186,0.00627004,780
0.00303843,0.00625171,780
0.00339727,0.00651105,780
0.00301731,0.00628764,780
0.00321193,0.00636008,780
0.00308627,0.0064203,780
0.00304384,0.00645065,780
0.00308707,0.00642833,780
0.00315584,0.00642114,780
0.00306414,0.00639452,780
0.00310412,0.00625293,780
0.00303942,0.00625657,780
0.00307206,0.0063508,780
0.00311421,0.00639127,780
0.00307827,0.00643935,780
0.00318868,0.00670413,790
0.00419031,0.00647463,790
0.00596815,0.00672556,790
0.00320681,0.00677065,790
0.00308761,0.00642287,790
0.00609041,0.00690576,790
0.00312391,0.00664474,790
0.00313209,0.00653434,790
0.00313786,0.00656112,790
0.0031935,0.00662682,790
0.00602386,0.0066381,790
0.00334852,0.00641909,790
0.00603779,0.00690569,790
0.00315575,0.00653138,790
0.00619228,0.00697757,790
0.00321345,0.00655865,790
0.00315325,0.00662737,790
0.00318233,0.00646677,790
0.00616112,0.00689218,790
0.00315875,0.0064272,790
0.00314202,0.00655697,790
0.00313705,0.0065082,790
0.00314716,0.00643301,790
0.00316641,0.0064882,790
0.00433157,0.00777849,790
0.00387725,0.00659654,790
0.00326072,0.0064579,790
0.00318136,0.0065058,790
0.00320978,0.00669257,790
0.00593037,0.00642469,790
0.00310243,0.00648978,790
0.00319066,0.00646262,790
0.00325045,0.00672054,800
0.00631472,0.00717935,800
0.00323132,0.00661071,800
0.00600826,0.0067183,800
0.00327441,0.00657992,800
0.00602857,0.0065849,800
0.00327075,0.00666897,800
0.00604205,0.0066499,800
0.00331379,0.00662989,800
0.00322221,0.00694406,800
0.00649248,0.00801245,800
0.00321173,0.00680161,800
0.00323845,0.00655317,800
0.00613811,0.00687797,800
0.00326521,0.00701299,800
0.00618053,0.00693894,800
0.0032355,0.00659865,800
0.0032207,0.00666701,800
0.00351774,0.00657976,800
0.00498139,0.0066714,800
0.00318953,0.00658572,800
0.00618612,0.00684921,800
0.00330093,0.00662648,800
0.00561935,0.00668276,800
0.00321485,0.00667768,800
0.00503646,0.00655099,800
0.00322258,0.00676205,800
0.00322713,0.00664781,800
0.00619383,0.00697063,800
0.00327942,0.0066367,800
0.00320563,0.00662597,800
0.00402169,0.00658133,800
0.00332169,0.00703397,810
0.00340135,0.00670852,810
0.00332749,0.00672379,810
0.00330825,0.00682381,810
0.00634071,0.00897349,810
0.00335252,0.00667833,810
0.00640569,0.00691889,810
0.00344111,0.00686212,810
0.00334699,0.00681491,810
0.00327285,0.00683989,810
0.00635721,0.00710894,810
0.0032761,0.00675608,810
0.00329774,0.00692144,810
0.00407853,0.00678172,810
0.00373217,0.00677048,810
0.00330372,0.00680465,810
0.00340407,0.00698563,810
0.00340368,0.00691539,810
0.00542016,0.00678159,810
0.00332212,0.00686458,810
0.00333908,0.00678534,810
0.00607537,0.00675502,810
0.00327525,0.00678891,810
0.0033483,0.00679531,810
0.00627356,0.00700905,810
0.00325604,0.00690891,810
0.00633216,0.00688223,810
0.00328636,0.00682225,810
0.00332312,0.00680505,810
0.00331275,0.00695011,810
0.00332667,0.00685869,810
0.00343392,0.00678533,810
0.00338527,0.00708796,820
0.00342205,0.00698293,820
0.0033501,0.00694311,820
0.00338662,0.0069806,820
0.00336977,0.00693515,820
0.0034026,0.00693787,820
0.00339044,0.00691588,820
0.00343975,0.0069386,820
0.00340229,0.00691593,820
0.00381008,0.00695148,820
0.00358858,0.00705129,820
0.00337534,0.00694456,820
0.00340112,0.00703926,820
0.00335141,0.00708561,820
0.00345797,0.00702506,820
0.00337731,0.00693896,820
0.00345907,0.00699184,820
0.00331331,0.00729411,820
0.003402,0.00827706,820
0.00336661,0.0069342,820
0.00339733,0.00702747,820
0.00342443,0.00699714,820
0.00337449,0.00700764,820
0.00401506,0.00696197,820
0.0042311,0.00690647,820
0.00337273,0.00693531,820
0.00355237,0.00711633,820
0.00340479,0.00715936,820
0.00338366,0.00703125,820
0.00341645,0.00715481,820
0.00333529,0.00693829,820
0.00334014,0.00704896,820
0.00354938,0.00741913,830
0.0034195,0.00710404,830
0.00670671,0.0072179,830
0.00351985,0.00713539,830
0.00339412,0.00710374,830
0.00344459,0.00736449,830
0.0058452,0.00710564,830
0.00367883,0.00720378,830
0.00659298,0.00719632,830
0.00673427,0.00719643,830
0.00350113,0.00721734,830
0.00383694,0.00761861,830
0.00378845,0.00736799,830
0.00359164,0.00715483,830
0.00347501,0.00716796,830
0.00531078,0.00706298,830
0.00350604,0.00714124,830
0.00354014,0.00730178,830
0.00371448,0.00721703,830
0.00674197,0.00716226,830
0.00343085,0.00704523,830
0.00347798,0.00706929,830
0.00347709,0.00708181,830
0.00347354,0.00711924,830
0.00344553,0.00707348,830
0.00346599,0.00715079,830
0.00340079,0.00709568,830
0.00341093,0.00707179,830
0.0034918,0.00702813,830
0.00345604,0.00714927,830
0.00341947,0.0070733,830
0.00354618,0.00745162,830
0.00476704,0.00736956,840
0.00363032,0.00734506,840
0.00354549,0.0073225,840
0.00359023,0.00742241,840
0.00683998,0.0075475,840
0.00355174,0.00749757,840
0.00363187,0.00738069,840
0.00683523,0.00803899,840
0.00356559,0.00747796,840
0.00374287,0.00730705,840
0.00359406,0.00728562,840
0.00358086,0.00729136,840
0.00684683,0.00740258,840
0.00354597,0.00734939,840
0.00354826,0.00729214,840
0.0058211,0.00748117,840
0.0035233,0.00733814,840
0.00666238,0.00724845,840
0.00684952,0.0088406,840
0.00362826,0.00753201,840
0.00369969,0.00764089,840
0.00362187,0.00742741,840
0.00680333,0.00934879,840
0.00414612,0.00730563,840
0.00354189,0.00733553,840
0.00533111,0.00728061,840
0.00355682,0.00729002,840
0.00677174,0.00848822,840
0.0037349,0.00724029,840
0.00362116,0.00730241,840
0.00403631,0.00731878,840
0.00362799,0.00729046,840
0.00622918,0.00771649,850
0.00687464,0.00750585,850
0.00364791,0.00765253,850
0.00366386,0.00745025,850
0.00369399,0.0075628,850
0.00372575,0.00771101,850
0.00370998,0.00747545,850
0.00370327,0.007404,850
0.00359397,0.00745172,850
0.00365606,0.00754493,850
0.00365184,0.00746129,850
0.00450557,0.00752933,850
0.003658,0.00751468,850
0.00368806,0.00752628,850
0.00364457,0.00742612,850
0.00369751,0.00758045,850
0.00362056,0.00743456,850
0.00695321,0.00828083,850
0.00366366,0.00748645,850
0.00686586,0.007527,850
0.00360636,0.0075845,850
0.0036437,0.00748589,850
0.00405283,0.00751269,850
0.00367387,0.00764923,850
0.00362638,0.00745771,850
0.00394275,0.00743793,850
0.00370615,0.00750638,850
0.00363515,0.00744034,850
0.00685855,0.00796683,850
0.00365756,0.00779688,850
0.00463201,0.00740707,850
0.00371842,0.00745291,850
0.00387909,0.00780112,860
0.003738,0.00765475,860
0.00374737,0.00773417,860
0.00368732,0.00767615,860
0.00379532,0.00765605,860
0.00372224,0.00768423,860
0.00372421,0.00773545,860
0.00370899,0.00770814,860
0.00369073,0.00765056,860
0.00378598,0.00773765,860
0.00373723,0.00770728,860
0.00376696,0.00782625,860
0.00377919,0.00771269,860
0.00370292,0.00767162,860
0.00376063,0.00773339,860
0.00712052,0.00942119,860
0.00412225,0.00773309,860
0.00374532,0.00760511,860
0.00368941,0.00769927,860
0.00383329,0.00771455,860
0.00738434,0.00783149,860
0.00379791,0.00763232,860
0.00444444,0.00792342,860
0.00710458,0.00857971,860
0.00372102,0.00770972,860
0.00370043,0.00792471,860
0.00382972,0.00785888,860
0.00390522,0.00822633,860
0.00393781,0.00804501,860
0.00715001,0.00854155,860
0.00393003,0.00821029,860
0.00394938,0.00841705,860
0.00418954,0.00858296,870
0.00435631,0.00868766,870
0.00425742,0.00871869,870
0.0042535,0.00870805,870
0.00739105,0.00871187,870
0.00435387,0.00896443,870
0.00435086,0.00899732,870
0.00436522,0.00891376,870
0.00437407,0.00894549,870
0.00436608,0.0092044,870
0.00445924,0.00926766,870
0.00760261,0.00923083,870
0.00750021,0.00947276,870
0.00450087,0.00924346,870
0.00755458,0.0092129,870
0.00747901,0.0092697,870
0.00749194,0.00933339,870
0.00701923,0.00920397,870
0.0045382,0.0095428,870
0.00463704,0.00938211,870
0.00464759,0.00951064,870
0.00462975,0.00961864,870
0.00461843,0.0094039,870
0.00463349,0.00954115,870
0.00459028,0.00947692,870
0.00461252,0.00963615,870
0.0047852,0.00984174,870
0.00522221,0.0111686,870
0.00497801,0.0100898,870
0.00487266,0.00996361,870
0.00597237,0.00998696,870
0.00727448,0.0103667,870
0.0080038,0.0106106,880
0.00777111,0.0105028,880
0.00504763,0.0103618,880
0.00501921,0.0102981,880
0.00487524,0.010398,880
0.00497413,0.0105478,880
0.00947403,0.0117592,880
0.00497803,0.0104343,880
0.007388,0.0102603,880
0.00497029,0.0105498,880
0.00513157,0.0108074,880
0.00515406,0.0104937,880
0.00963747,0.0119618,880
0.00514376,0.010724,880
0.00515961,0.0105567,880
0.00621658,0.0108044,880
0.00516187,0.0105058,880
0.00791081,0.0105205,880
0.00511983,0.0104989,880
0.00758632,0.0104152,880
0.00516003,0.0105091,880
0.00627402,0.0107845,880
0.00513461,0.0105637,880
0.00810417,0.0104516,880
0.00857033,0.0104574,880
0.00501178,0.0102803,880
0.00498182,0.0105523,880
0.00509596,0.0104472,880
0.00613587,0.0107064,880
0.00643518,0.0105482,880
0.00511127,0.0105054,880
0.00755893,0.0107568,880
0.00552506,0.0108438,890
0.0080331,0.0107541,890
0.00517405,0.0107804,890
0.00520927,0.0109999,890
0.00530979,0.0108405,890
0.00526647,0.0108448,890
0.00522217,0.010853,890
0.00525755,0.0107113,890
0.00523253,0.0108181,890
0.00516486,0.010776,890
0.0052854,0.0107568,890
0.00521266,0.0108381,890
0.00525308,0.0108855,890
0.00518623,0.010832,890
0.00532172,0.0108382,890
0.00540069,0.0111717,890
0.00679163,0.0109015,890
0.00522566,0.0111434,890
0.00541022,0.0111336,890
0.00524652,0.0109597,890
0.00523125,0.0111872,890
0.00528821,0.010996,890
0.0056485,0.0112561,890
0.00539001,0.0113667,890
0.00538523,0.0111994,890
0.00831155,0.0107602,890
0.00537536,0.0109019,890
0.00533254,0.011036,890
0.00546781,0.0112204,890
0.00805817,0.0111664,890
0.00867636,0.0107759,890
0.00528099,0.0107757,890
0.00815984,0.0111461,900
0.00535928,0.0112036,900
0.00834172,0.0117949,900
0.00541836,0.0113526,900
0.00543645,0.0114798,900
0.00548768,0.01138,900
0.00570036,0.0114417,900
0.00558834,0.0115586,900
0.00549907,0.0113191,900
0.00551236,0.0114157,900
0.00552187,0.0113622,900
0.00648702,0.0114385,900
0.0053944,0.0113708,900
0.00785177,0.0110238,900
0.00533048,0.011039,900
0.00538467,0.011788,900
0.00545537,0.0116899,900
0.00558388,0.0113695,900
0.00554314,0.011318,900
0.00547081,0.0114843,900
0.00614909,0.0114481,900
0.00680102,0.0114779,900
0.0055299,0.0114912,900
0.00550035,0.0115151,900
0.00563021,0.0118316,900
0.00561752,0.0115227,900
0.00545336,0.0113904,900
0.00561109,0.011595,900
0.00552571,0.0117373,900
0.00553199,0.0116452,900
0.00555163,0.01139,900
0.00568353,0.0115225,900
0.00587161,0.0118527,910
0.0105632,0.0125883,910
0.00850416,0.01164,910
0.00550882,0.011259,910
0.00545256,0.0114564,910
0.00557255,0.0144734,910
0.00887116,0.0127424,910
0.00573165,0.0116678,910
0.00656418,0.0116398,910
0.00577085,0.0118227,910
0.00568778,0.0117262,910
0.00568555,0.011633,910
0.00574498,0.0118175,910
0.00756353,0.0121536,910
0.00575852,0.0116315,910
0.00594896,0.0118152,910
0.00563943,0.0116025,910
0.00576749,0.0115805,910
0.00562862,0.0117372,910
0.0107816,0.0127137,910
0.00571982,0.0121749,910
0.00562945,0.0118958,910
0.00629188,0.0119473,910
0.0056775,0.0118653,910
0.00573055,0.0120472,910
0.00860824,0.0118743,910
0.0062345,0.0115965,910
0.00568651,0.0115725,910
0.00568961,0.0115749,910
0.00820679,0.0117134,910
0.00710556,0.0115871,910
0.00561332,0.0116203,910
0.00597926,0.0120399,920
0.00570678,0.0118312,920
0.00864635,0.0119625,920
0.00847443,0.0118544,920
0.00574867,0.0120761,920
0.00576278,0.0119212,920
0.00582096,0.0119741,920
0.00583282,0.0119186,920
0.00860819,0.0122122,920
0.00668041,0.011989,920
0.00580351,0.0120446,920
0.00610092,0.0118187,920
0.00573006,0.012004,920
0.00572577,0.0120173,920
0.00582346,0.0118847,920
0.0107505,0.0128818,920
0.00859199,0.011873,920
0.00851831,0.0117369,920
0.0055997,0.011562,920
0.00570619,0.0117815,920
0.00860363,0.0114073,920
0.00563159,0.0114354,920
0.00563369,0.011752,920
0.00565479,0.0116535,920
0.00559993,0.0119328,920
0.00869978,0.0116959,920
0.00563411,0.0122338,920
0.00584094,0.0121024,920
0.00577413,0.0118217,920
0.00578797,0.0118343,920
0.00861879,0.0114923,920
0.00589248,0.0122005,920
0.00747457,0.0121103,930
0.0058967,0.0121677,930
0.0110946,0.0120545,930
0.00860677,0.0118294,930
0.00860898,0.0119365,930
0.00582259,0.0119069,930
0.00673214,0.0120439,930
0.00582972,0.0121021,930
0.00673965,0.0116306,930
0.00575761,0.0125172,930
0.00580016,0.0116651,930
0.00879235,0.0122868,930
0.00576129,0.0118491,930
0.0110087,0.0119162,930
0.00570038,0.0121663,930
0.00571637,0.0116402,930
0.00578089,0.0119561,930
0.00572764,0.0120473,930
0.0102285,0.0119986,930
0.00572592,0.0117536,930
0.00566345,0.0120501,930
0.00868764,0.0119035,930
0.00755999,0.0122704,930
0.00567616,0.0118097,930
0.00589501,0.011945,930
0.00567727,0.0118113,930
0.0082361,0.012146,930
0.00583124,0.0117485,930
0.00579685,0.0120021,930
0.00583407,0.01177,930
0.00572417,0.0120984,930
0.00575132,0.0118524,930
0.00898496,0.0122708,940
0.00587495,0.0121602,940
0.00578084,0.0120372,940
0.00585746,0.0121675,940
0.00591259,0.0120607,940
0.00582956,0.0120484,940
0.00583684,0.0122126,940
0.00623427,0.012506,940
0.00621136,0.0123247,940
0.00745097,0.0124855,940
0.00606461,0.0123733,940
0.00790967,0.0126576,940
0.00601406,0.0126645,940
0.00693101,0.0127562,940
0.00598302,0.0123945,940
0.00737043,0.0127264,940
0.006041,0.0126042,940
0.00599885,0.0127921,940
0.00615457,0.01238,940
0.0060956,0.0123382,940
0.00835925,0.0126512,940
0.00600228,0.0124412,940
0.0109306,0.0123706,940
0.00594724,0.0123881,940
0.00883409,0.0122098,940
0.00579611,0.0123454,940
0.00581075,0.0125254,940
0.00591373,0.0123444,940
0.00588955,0.012572,940
0.00886593,0.01197,940
0.00737524,0.0120505,940
0.00586539,0.0120552,940
0.00629684,0.0124247,950
0.00644137,0.0124523,950
0.0060328,0.0122977,950
0.00748304,0.012434,950
0.00603444,0.0123436,950
0.00688839,0.012629,950
0.00603792,0.0122994,950
0.00597276,0.0123912,950
0.00629512,0.0129226,950
0.00623623,0.0129291,950
0.00624794,0.0127885,950
0.00613082,0.0127962,950
0.00611366,0.0127318,950
0.00617144,0.012864,950
0.0062185,0.0127625,950
0.00620241,0.0126914,950
0.0114594,0.0128879,950
0.00795835,0.0122648,950
0.00602572,0.0124923,950
0.011478,0.0126948,950
0.00603964,0.0122824,950
0.00600008,0.012165,950
0.00594052,0.0124326,950
0.00628971,0.0126239,950
0.00601726,0.0122504,950
0.0059159,0.012551,950
0.00904535,0.0122691,950
0.00602085,0.0130353,950
0.00970816,0.0122151,950
0.00815622,0.0122143,950
0.00599921,0.0123999,950
0.00606109,0.0122118,950
0.00767619,0.0124803,960
0.00610348,0.0126034,960
0.00611902,0.0125667,960
0.01167,0.0136267,960
0.00612776,0.0125091,960
0.00848549,0.0125926,960
0.00612179,0.0126508,960
0.00612619,0.0127188,960
0.00607481,0.0128628,960
0.00618688,0.0126101,960
0.00762762,0.0126482,960
0.00604496,0.0125823,960
0.0114872,0.0126427,960
0.00609034,0.0125245,960
0.0066731,0.0124168,960
0.00689998,0.0124617,960
0.00610828,0.0126389,960
0.00618877,0.0125709,960
0.00705439,0.0127622,960
0.00603008,0.0126517,960
0.008857,0.01257,960
0.00610307,0.0128926,960
0.00614954,0.0125951,960
0.00605026,0.0126399,960
0.00926485,0.0126906,960
0.00617701,0.0124491,960
0.00609547,0.0125895,960
0.00887684,0.0124603,960
0.00882171,0.0123213,960
0.00605437,0.0123807,960
0.00896399,0.0125304,960
0.0059107,0.0122856,960
0.00637677,0.0130185,970
0.00902307,0.0130971,970
0.00627042,0.0130139,970
0.00908091,0.0128016,970
0.00608306,0.0132424,970
0.00645017,0.0131255,970
0.00767845,0.0131488,970
0.00636871,0.0132173,970
0.00652363,0.0131105,970
0.0111802,0.0145035,970
0.00671412,0.0129692,970
0.00625845,0.0129833,970
0.00727608,0.0128779,970
0.00627073,0.0128071,970
0.00624407,0.0132271,970
0.00639074,0.0133177,970
0.00665516,0.0149959,970
0.00646283,0.0133714,970
0.00647804,0.0131748,970
0.00747188,0.012911,970
0.00868149,0.0127276,970
0.00914882,0.0129045,970
0.00639839,0.0128685,970
0.006305,0.0129457,970
0.00911247,0.0128524,970
0.00619494,0.0127366,970
0.00629877,0.0130894,970
0.00622059,0.0128819,970
0.00930892,0.0127748,970
0.00872603,0.0129464,970
0.0101665,0.0129229,970
0.00625228,0.0129882,970
0.00686725,0.0134228,980
0.00651225,0.0131843,980
0.00647616,0.0129773,980
0.00827413,0.0132926,980
0.00639139,0.0131663,980
0.00924781,0.0131645,980
0.00634275,0.0131363,980
0.00690719,0.0133189,980
0.00642653,0.0132162,980
0.0117527,0.0131277,980
0.00639756,0.0130023,980
0.0063621,0.0135541,980
0.011861,0.013151,980
0.00638174,0.0130867,980
0.00916285,0.0131511,980
0.00636765,0.0132432,980
0.00639765,0.0131017,980
0.00639576,0.013114,980
0.00633453,0.01303,980
0.0064133,0.0131892,980
0.00911322,0.0128072,980
0.00626435,0.013065,980
0.00632461,0.0131579,980
0.0101122,0.0133911,980
0.00650487,0.0132503,980
0.00648248,0.013199,980
0.00641885,0.0130588,980
0.00640026,0.0131356,980
0.00912577,0.0131567,980
0.00628724,0.0130356,980
0.00637853,0.0133857,980
0.00641682,0.0133322,980
0.00943727,0.0133043,990
0.00653531,0.0135629,990
0.00659015,0.013324,990
0.00652916,0.0134952,990
0.00752109,0.0135341,990
0.00656764,0.0134607,990
0.00656269,0.0138194,990
0.00651466,0.0135564,990
0.00679685,0.0134007,990
0.00647998,0.0132735,990
0.0084061,0.0136517,990
0.0130053,0.0155484,990
0.00959335,0.0143378,990
0.00682229,0.0140981,990
0.00679391,0.0139498,990
0.00967832,0.0141397,990
0.00690403,0.0140783,990
0.00684027,0.0143038,990
0.00671988,0.0139689,990
0.00665458,0.0138291,990
0.00947484,0.0137283,990
0.00679507,0.0138335,990
0.00682383,0.0144338,990
0.00685386,0.0142597,990
0.00672841,0.0141112,990
0.0067923,0.0139621,990
0.00780202,0.0136416,990
0.00942075,0.0137876,990
0.00878572,0.0141858,990
0.00701745,0.0145948,990
0.00671935,0.0136677,990
0.00672035,0.0138088,990
0.00971079,0.0140735,1000
0.00679572,0.0139752,1000
0.00678423,0.014598,1000
0.00968333,0.0142515,1000
0.012523,0.0141409,1000
0.00926635,0.0145566,1000
0.0067838,0.0141546,1000
0.00692794,0.0141547,1000
0.00683495,0.0138909,1000
0.00697459,0.0169509,1000
0.00827222,0.0146963,1000
0.00722042,0.0154409,1000
0.00725886,0.0149348,1000
0.0136713,0.0154536,1000
0.00759697,0.0156861,1000
0.00768158,0.016236,1000
0.00797761,0.0162899,1000
0.0103201,0.0161389,1000
0.00798242,0.0161858,1000
0.0102613,0.0157969,1000
0.010327,0.0159249,1000
0.00850502,0.0166568,1000
0.00792451,0.0156499,1000
0.0101237,0.014893,1000
0.00741237,0.015712,1000
0.0101252,0.015391,1000
0.00858994,0.0151033,1000
0.0073019,0.0149354,1000
0.00872127,0.0147528,1000
0.00993319,0.0148587,1000
0.00711615,0.0147655,1000
0.00709568,0.0160382,1000
0.00751397,0.0148551,1010
0.00715288,0.0148271,1010
0.00726339,0.0149044,1010
0.00718948,0.014761,1010
0.00721151,0.014769,1010
0.00727114,0.0153575,1010
0.00748427,0.0149282,1010
0.00721174,0.0150442,1010
0.0099775,0.0148056,1010
0.00705973,0.0150935,1010
0.00958756,0.0148698,1010
0.00691408,0.0145951,1010
0.00972732,0.0147081,1010
0.00838653,0.014618,1010
0.0068861,0.014704,1010
0.0083237,0.0142964,1010
0.00697899,0.0143617,1010
0.00965995,0.0144716,1010
0.00698756,0.0145294,1010
0.0128265,0.0143864,1010
0.0067166,0.0140381,1010
0.00681562,0.0139983,1010
0.00682031,0.0140554,1010
0.00669332,0.0150839,1010
0.0067583,0.0140618,1010
0.00675499,0.0141601,1010
0.00678549,0.0142129,1010
0.00678571,0.0153478,1010
0.00676019,0.0141512,1010
0.00687923,0.0147262,1010
0.0121826,0.0139224,1010
0.00730622,0.0139398,1010
0.00889487,0.0142913,1020
0.00831129,0.0142316,1020
0.0068823,0.0143187,1020
0.00696436,0.0140965,1020
0.00687453,0.0144597,1020
0.00701734,0.0142623,1020
0.00977103,0.0143412,1020
0.0069905,0.0144349,1020
0.00700299,0.0146545,1020
0.00696976,0.0145443,1020
0.00916727,0.0145919,1020
0.00689081,0.0141812,1020
0.00687387,0.0140924,1020
0.00708685,0.0199211,1020
0.0108536,0.014985,1020
0.00732723,0.0146637,1020
0.00713147,0.0147922,1020
0.00709167,0.014716,1020
0.00712571,0.0146153,1020
0.00711115,0.0149358,1020
0.00729535,0.0145286,1020
0.00713052,0.0145699,1020
0.00715516,0.0149075,1020
0.0071897,0.0150129,1020
0.00717636,0.016628,1020
0.00707654,0.0148764,1020
0.00730009,0.0144467,1020
0.00712547,0.0149373,1020
0.00720221,0.0145321,1020
0.00705898,0.0145698,1020
0.00713389,0.0145712,1020
0.00717796,0.0145347,1020
0.00743317,0.015058,1030
0.0100388,0.0147733,1030
0.00735299,0.015074,1030
0.0100229,0.0150513,1030
0.00725757,0.0149909,1030
0.0099102,0.0143385,1030
0.0072722,0.0147394,1030
0.0100103,0.0144825,1030
0.0082615,0.0145992,1030
0.00698144,0.0143974,1030
0.00994279,0.0145081,1030
0.00797006,0.0146112,1030
0.00707274,0.0144162,1030
0.00940585,0.0146173,1030
0.00712762,0.0144038,1030
0.00698071,0.0143922,1030
0.00707191,0.0143569,1030
0.00705406,0.0143868,1030
0.00719795,0.0144814,1030
0.00999771,0.0144954,1030
0.0089714,0.014476,1030
0.00922514,0.0142064,1030
0.00699206,0.0149585,1030
0.00708531,0.0146452,1030
0.00811561,0.0145041,1030
0.00717396,0.0145017,1030
0.00713124,0.014665,1030
0.00702132,0.0145582,1030
0.0070935,0.0146425,1030
0.00712497,0.0145684,1030
0.00858032,0.0144707,1030
0.00703111,0.0145214,1030
0.00748121,0.0147052,1040
0.00723346,0.0148188,1040
0.00723168,0.0148793,1040
0.00988487,0.0148238,1040
0.00710568,0.0148188,1040
0.00711868,0.01491,1040
0.00729201,0.0149308,1040
0.00715771,0.0146056,1040
0.00710389,0.0146171,1040
0.0071661,0.0150359,1040
0.00719091,0.0149416,1040
0.00718412,0.0151024,1040
0.00717984,0.0148695,1040
0.00716109,0.0146727,1040
0.00707558,0.014976,1040
0.007407,0.0147278,1040
0.00714948,0.0146978,1040
0.0071447,0.0146637,1040
0.0072333,0.0146219,1040
0.00718603,0.0147615,1040
0.00729681,0.0147261,1040
0.00715952,0.0148729,1040
0.00720467,0.0146453,1040
0.00721913,0.0147338,1040
0.00709957,0.0149494,1040
0.00712024,0.014698,1040
0.00717039,0.0146463,1040
0.00722818,0.0147101,1040
0.00714631,0.0148224,1040
0.00719634,0.0146625,1040
0.00737706,0.0148381,1040
0.0074177,0.0148305,1040
0.0120552,0.0206654,1050
0.00841055,0.0154098,1050
0.00762722,0.0157604,1050
0.00757562,0.0154952,1050
0.00748552,0.0155196,1050
0.0074133,0.0155195,1050
0.00751675,0.0153638,1050
0.00764318,0.0154613,1050
0.0104817,0.0154855,1050
0.0089299,0.0156399,1050
0.00757544,0.0157366,1050
0.00748092,0.0155496,1050
0.0111913,0.0201075,1050
0.010996,0.0155512,1050
0.00755604,0.0153435,1050
0.00746271,0.0155484,1050
0.00755709,0.0156441,1050
0.00764494,0.0156846,1050
0.00752071,0.0157728,1050
0.00766189,0.015566,1050
0.00765097,0.015995,1050
0.00757975,0.0155937,1050
0.00757608,0.0157458,1050
0.00798796,0.0155915,1050
0.00763488,0.0155425,1050
0.00751135,0.0153618,1050
0.00751985,0.0156828,1050
0.00747467,0.0157735,1050
0.00753797,0.0157535,1050
0.00760041,0.0155256,1050
0.0104153,0.0161701,1050
0.00854185,0.0159398,1050
0.00938225,0.0158258,1060
0.00762184,0.0157016,1060
0.00774017,0.0157889,1060
0.00772177,0.0159261,1060
0.0104662,0.0159363,1060
0.0102201,0.0152673,1060
0.00875704,0.0152667,1060
0.0076736,0.0154854,1060
0.00965401,0.0153312,1060
0.00760194,0.0154292,1060
0.00837761,0.015263,1060
0.00748488,0.015657,1060
0.00748048,0.0158817,1060
0.0104295,0.0155435,1060
0.0105597,0.0165157,1060
0.0109099,0.0160934,1060
0.00989257,0.0155023,1060
0.0075046,0.0153708,1060
0.00743307,0.0153437,1060
0.00745046,0.0153014,1060
0.0101947,0.0151509,1060
0.00896537,0.0151502,1060
0.00755973,0.0154726,1060
0.00770124,0.015483,1060
0.0075251,0.015439,1060
0.00745326,0.0155275,1060
0.00755805,0.0153787,1060
0.00746698,0.0154633,1060
0.00745623,0.0155954,1060
0.00753463,0.0155644,1060
0.00767941,0.0156789,1060
0.0076872,0.0159109,1060
0.00975906,0.0161455,1070
0.0127122,0.0160231,1070
0.0103789,0.0155907,1070
0.0107546,0.0157649,1070
0.00761832,0.0155361,1070
0.0105096,0.0156284,1070
0.00764307,0.0158017,1070
0.010535,0.016018,1070
0.0104861,0.0154466,1070
0.0075685,0.0157171,1070
0.00760926,0.0161588,1070
0.00756159,0.0157868,1070
0.00756735,0.0157748,1070
0.00813105,0.0162186,1070
0.00818173,0.0162777,1070
0.0077817,0.0160456,1070
0.00785948,0.0162368,1070
0.00790357,0.016425,1070
0.00963239,0.0164058,1070
0.00778745,0.0165975,1070
0.00791397,0.0165533,1070
0.00783434,0.0162729,1070
0.010562,0.0160233,1070
0.00769606,0.0155554,1070
0.00760941,0.0155537,1070
0.0103487,0.0157945,1070
0.00759022,0.0157004,1070
0.00823244,0.0167412,1070
0.00761667,0.0163382,1070
0.00833538,0.0164201,1070
0.00766479,0.0156263,1070
0.00769095,0.0158497,1070
0.00809384,0.0159325,1080
0.0105091,0.0162855,1080
0.00768363,0.0158747,1080
0.00775438,0.0159929,1080
0.0104906,0.0161675,1080
0.00772143,0.0158145,1080
0.0104976,0.0159762,1080
0.00773033,0.017005,1080
0.00769817,0.0162497,1080
0.00774243,0.0160301,1080
0.00766082,0.0158263,1080
0.0106922,0.0161505,1080
0.00765665,0.0160982,1080
0.00780768,0.0159721,1080
0.00786148,0.0162061,1080
0.00775179,0.0160014,1080
0.00783612,0.0159969,1080
0.00777048,0.0161149,1080
0.00772755,0.0158883,1080
0.0106994,0.016143,1080
0.00793697,0.0163056,1080
0.00892234,0.0158711,1080
0.00776703,0.0157489,1080
0.00781282,0.0158431,1080
0.00767807,0.0160887,1080
0.0125212,0.0160906,1080
0.00774615,0.0161913,1080
0.00764767,0.0160345,1080
0.00774117,0.0160288,1080
0.00771289,0.0158655,1080
0.0077449,0.0157689,1080
0.0103439,0.0153251,1080
0.00795511,0.0165032,1090
0.0115198,0.0156951,1090
0.00787244,0.0159267,1090
0.00784882,0.0162479,1090
0.00972682,0.0164473,1090
0.00786307,0.016108,1090
0.00803281,0.0165667,1090
0.00915119,0.0163298,1090
0.00916894,0.0161832,1090
0.00788138,0.0168488,1090
0.00790407,0.0163784,1090
0.00787725,0.0162066,1090
0.00810455,0.0163886,1090
0.00801994,0.0161301,1090
0.00786718,0.0162753,1090
0.00857519,0.0160183,1090
0.00799465,0.0161615,1090
0.00799491,0.0162394,1090
0.00787895,0.016446,1090
0.00782295,0.0160906,1090
0.00793338,0.0162573,1090
0.0105421,0.0160875,1090
0.00774742,0.0162586,1090
0.0078641,0.0165662,1090
0.00935307,0.0220223,1090
0.00919351,0.016368,1090
0.00819529,0.0168703,1090
0.00991223,0.0167311,1090
0.00825864,0.016812,1090
0.00818275,0.0165282,1090
0.00808467,0.0170784,1090
0.00821209,0.0167977,1090
0.00841509,0.0171731,1100
0.00822989,0.0172882,1100
0.00835502,0.0170373,1100
0.00838223,0.0169418,1100
0.0104907,0.0166874,1100
0.00798938,0.0165244,1100
0.00809007,0.0170958,1100
0.00792019,0.0174827,1100
0.0108179,0.0163625,1100
0.00799472,0.0167406,1100
0.00808634,0.016748,1100
0.0081313,0.0170824,1100
0.00825998,0.016994,1100
0.00833486,0.0168307,1100
0.00943908,0.0163434,1100
0.00799373,0.0164777,1100
0.00807333,0.016606,1100
0.00970698,0.0163946,1100
0.0080866,0.0163226,1100
0.0094969,0.0165344,1100
0.00811781,0.0166168,1100
0.0080328,0.0166965,1100
0.0129568,0.0165741,1100
0.00803032,0.0165628,1100
0.0108102,0.0164772,1100
0.00816553,0.0169588,1100
0.0079391,0.0163668,1100
0.0110731,0.0164174,1100
0.0112102,0.016747,1100
0.0080935,0.0177761,1100
0.0103582,0.0167653,1100
0.00798318,0.0164563,1100
0.00832519,0.0169398,1110
0.0108562,0.0167492,1110
0.00812145,0.016837,1110
0.00830623,0.0168898,1110
0.00817632,0.0168248,1110
0.00829681,0.0168872,1110
0.00812684,0.0166198,1110
0.00821315,0.0166568,1110
0.00827999,0.0202068,1110
0.00815991,0.0167837,1110
0.0131742,0.0167841,1110
0.00796105,0.0161575,1110
0.00798112,0.0166879,1110
0.0106805,0.0165388,1110
0.00820245,0.0168145,1110
0.00838668,0.0169217,1110
0.0103814,0.0172803,1110
0.00822361,0.0168992,1110
0.00957056,0.0167996,1110
0.00947836,0.0173179,1110
0.00821768,0.0168299,1110
0.00825449,0.0167493,1110
0.00826243,0.0166619,1110
0.00843032,0.0166483,1110
0.00833233,0.0167789,1110
0.00809042,0.0167339,1110
0.00816765,0.0169415,1110
0.00809932,0.0167831,1110
0.008142,0.0166255,1110
0.00856973,0.0166998,1110
0.0110373,0.0168529,1110
0.00817269,0.0170394,1110
0.00917945,0.0172638,1120
0.0088928,0.0179693,1120
0.00861336,0.0175909,1120
0.00851169,0.0175925,1120
0.0108316,0.0177956,1120
0.00855828,0.0177474,1120
0.0113849,0.0181832,1120
0.00861049,0.0178544,1120
0.00956861,0.0177544,1120
0.00877981,0.0176251,1120
0.0112027,0.0171109,1120
0.00880833,0.0173372,1120
0.00985059,0.0169832,1120
0.00850114,0.0170631,1120
0.013598,0.0168832,1120
0.0111402,0.0173389,1120
0.00841101,0.0169695,1120
0.00976762,0.0171819,1120
0.0086506,0.0172218,1120
0.00842041,0.0170375,1120
0.00835098,0.0172849,1120
0.0112897,0.0173732,1120
0.00838944,0.0172195,1120
0.0154118,0.0175438,1120
0.00885672,0.0168622,1120
0.00827983,0.0175315,1120
0.00835148,0.019088,1120
0.00848425,0.0170898,1120
0.00838116,0.0171664,1120
0.00833826,0.0171886,1120
0.00833078,0.0171104,1120
0.00830724,0.0171278,1120
0.00930414,0.0177077,1130
0.0084784,0.0173066,1130
0.00857346,0.0173207,1130
0.00848447,0.0175771,1130
0.0111346,0.0172327,1130
0.00854702,0.0176007,1130
0.00843687,0.0172278,1130
0.00863838,0.0172544,1130
0.00857228,0.017619,1130
0.00857118,0.0171858,1130
0.00848545,0.0174441,1130
0.00850415,0.0183129,1130
0.00843291,0.0171978,1130
0.0084769,0.017392,1130
0.00974094,0.0173648,1130
0.0112438,0.0175309,1130
0.0115519,0.0174958,1130
0.0110944,0.0167998,1130
0.00826671,0.0169734,1130
0.00849674,0.018695,1130
0.0109739,0.0171004,1130
0.00865332,0.0174298,1130
0.00981735,0.0176208,1130
0.010923,0.017007,1130
0.00822269,0.0170524,1130
0.0110876,0.0168971,1130
0.00823388,0.0171688,1130
0.00961272,0.0193168,1130
0.00814207,0.017035,1130
0.00826479,0.0170054,1130
0.00828034,0.0173358,1130
0.0135668,0.0172207,1130
0.00879599,0.0182136,1140
0.00872245,0.0177018,1140
0.00850436,0.0178159,1140
0.00867587,0.0175461,1140
0.0102494,0.0172511,1140
0.0113165,0.0175877,1140
0.00845238,0.0185607,1140
0.00903298,0.018077,1140
0.0099788,0.0184064,1140
0.0116288,0.0183279,1140
0.00864673,0.0178418,1140
0.0106933,0.0178348,1140
0.00870316,0.0175658,1140
0.0108931,0.0194753,1140
0.0086839,0.0176096,1140
0.00877244,0.0176874,1140
0.00968434,0.0181788,1140
0.00863537,0.0176321,1140
0.00864673,0.0177713,1140
0.0159945,0.0179624,1140
0.00872564,0.0181789,1140
0.00868466,0.0176969,1140
0.00868537,0.0189386,1140
0.00983033,0.0178511,1140
0.00873697,0.0177208,1140
0.00999256,0.0176216,1140
0.00871653,0.0226006,1140
0.0087742,0.0183428,1140
0.0101351,0.0218464,1140
0.012926,0.0187067,1140
0.0113382,0.0190149,1140
0.0108108,0.0194866,1140
0.00970655,0.0197083,1150
0.0109053,0.020473,1150
0.0100613,0.0203841,1150
0.0104064,0.0216381,1150
0.0117271,0.0205829,1150
0.0114373,0.0207794,1150
0.0100443,0.0206662,1150
0.0100095,0.0205855,1150
0.00987634,0.0211041,1150
0.00943488,0.0202567,1150
0.00974979,0.022201,1150
0.0096537,0.0195529,1150
0.00964567,0.0197254,1150
0.0117795,0.0197621,1150
0.00943101,0.0191994,1150
0.00938019,0.0192904,1150
0.00938423,0.0192095,1150
0.00944625,0.0193904,1150
0.00932396,0.0194616,1150
0.00939151,0.0191493,1150
0.00913299,0.0183412,1150
0.0100245,0.0191183,1150
0.0116503,0.01847,1150
0.00895961,0.0185989,1150
0.00906102,0.0187235,1150
0.00909983,0.0185487,1150
0.00906941,0.0189988,1150
0.00902741,0.0186566,1150
0.00917961,0.0185353,1150
0.00900509,0.0187269,1150
0.00904106,0.0187147,1150
0.00904821,0.0191794,1150
0.00982362,0.0198086,1160
0.0102866,0.019272,1160
0.00945399,0.0197609,1160
0.0104369,0.0194143,1160
0.00928661,0.0189704,1160
0.012018,0.019234,1160
0.00912068,0.0190444,1160
0.0130397,0.0209153,1160
0.010149,0.0197345,1160
0.00962832,0.0198047,1160
0.0110072,0.0196705,1160
0.00954664,0.0203655,1160
0.0117275,0.0193609,1160
0.00923753,0.0190576,1160
0.00931774,0.01906,1160
0.00916405,0.0192085,1160
0.0121242,0.0191959,1160
0.0120721,0.0193621,1160
0.00931489,0.0188302,1160
0.00928963,0.0194818,1160
0.00923186,0.019162,1160
0.00934097,0.0193976,1160
0.00934408,0.0191368,1160
0.00932369,0.0187678,1160
0.00928054,0.0197254,1160
0.00918023,0.0189488,1160
0.00922278,0.0187942,1160
0.00915432,0.0199692,1160
0.00918669,0.0185228,1160
0.00896944,0.0182281,1160
0.00897424,0.0182783,1160
0.00887869,0.0187495,1160
0.00950303,0.0193193,1170
0.011843,0.018829,1170
0.00916691,0.0188797,1170
0.00913386,0.0189841,1170
0.0119243,0.0188567,1170
0.00905971,0.0195004,1170
0.00927057,0.0191699,1170
0.00907254,0.0187495,1170
0.00907627,0.0187943,1170
0.00926611,0.0192053,1170
0.0172391,0.0201026,1170
0.0113222,0.0187035,1170
0.00901615,0.0187925,1170
0.00906727,0.0187274,1170
0.0090489,0.0186062,1170
0.0106171,0.0187398,1170
0.0113913,0.0189492,1170
0.0113773,0.0189393,1170
0.013936,0.0185482,1170
0.00966973,0.0189121,1170
0.00924341,0.0187041,1170
0.00949812,0.0187753,1170
0.0101081,0.0186911,1170
0.00918668,0.0190489,1170
0.0102234,0.0188026,1170
0.00917769,0.0187272,1170
0.00910679,0.0189323,1170
0.00913597,0.0186919,1170
0.00895482,0.0193917,1170
0.0108052,0.019087,1170
0.00892176,0.0188615,1170
0.00898914,0.0188632,1170
0.0093191,0.0194623,1180
0.00924839,0.0189606,1180
0.00918633,0.0192267,1180
0.00925592,0.0190798,1180
0.00915046,0.0189423,1180
0.00985614,0.0201248,1180
0.0102633,0.0190203,1180
0.0124653,0.0258591,1180
0.0092345,0.0194655,1180
0.00952497,0.0200214,1180
0.0119159,0.0208146,1180
0.00914878,0.0195169,1180
0.00932222,0.0190982,1180
0.009283,0.0189373,1180
0.0119151,0.0190541,1180
0.00929047,0.0193895,1180
0.00924253,0.0189001,1180
0.00936966,0.0195572,1180
0.00930194,0.0190321,1180
0.0111388,0.0189035,1180
0.0121057,0.0191811,1180
0.0119575,0.0189619,1180
0.00919762,0.0189255,1180
0.0105574,0.0191394,1180
0.00937653,0.0198658,1180
0.00936188,0.0189191,1180
0.0106331,0.0191171,1180
0.00929386,0.0190178,1180
0.00918213,0.0189743,1180
0.0119751,0.0189375,1180
0.00936055,0.0188954,1180
0.0118327,0.0189729,1180
0.00942974,0.0230746,1190
0.00936447,0.0194727,1190
0.0118343,0.0191939,1190
0.0093898,0.0195266,1190
0.00982032,0.0193434,1190
0.00947446,0.0191728,1190
0.00929628,0.0194601,1190
0.00930892,0.0194589,1190
0.00945049,0.019255,1190
0.0160555,0.0186418,1190
0.00936089,0.0191673,1190
0.00914302,0.0189688,1190
0.0092432,0.0192193,1190
0.0106005,0.0185549,1190
0.00905289,0.0193842,1190
0.0094037,0.0194228,1190
0.0092995,0.0195951,1190
0.009336,0.0194171,1190
0.00996006,0.0193853,1190
0.00940692,0.0192711,1190
0.0106565,0.0193669,1190
0.0093661,0.019308,1190
0.0106784,0.0196085,1190
0.00937194,0.0193394,1190
0.00942204,0.0199166,1190
0.00946863,0.019464,1190
0.00943896,0.0194533,1190
0.00940329,0.019408,1190
0.00962568,0.0193417,1190
0.00932913,0.019359,1190
0.00946529,0.0197518,1190
0.00947909,0.0195509,1190
0.0100216,0.0196027,1200
0.00959446,0.0199953,1200
0.00955123,0.0199801,1200
0.0096547,0.019608,1200
0.00963131,0.0196371,1200
0.00956271,0.0195865,1200
0.00982869,0.0204627,1200
0.0126583,0.0203316,1200
0.0103695,0.0218744,1200
0.0101138,0.0204196,1200
0.0127349,0.0207755,1200
0.0108861,0.0201677,1200
0.0123058,0.0198848,1200
0.00953262,0.0195461,1200
0.0109334,0.0196765,1200
0.00961237,0.0197234,1200
0.00958861,0.020139,1200
0.0095526,0.0196717,1200
0.00951637,0.0199611,1200
0.0103042,0.0202747,1200
0.00952777,0.0198103,1200
0.0109667,0.0199212,1200
0.00954728,0.0196257,1200
0.011328,0.0198867,1200
0.00954583,0.0201824,1200
0.00964502,0.0198109,1200
0.00958704,0.0198669,1200
0.0108712,0.0195677,1200
0.00959342,0.0194209,1200
0.00946452,0.0203708,1200
0.0095316,0.0197875,1200
0.0163707,0.0200219,1200
0.0166815,0.0202966,1210
0.00999964,0.0199728,1210
0.00988329,0.0234832,1210
0.00963956,0.0206053,1210
0.0093984,0.020153,1210
0.00939177,0.0198436,1210
0.00954482,0.0202992,1210
0.00970973,0.0198523,1210
0.011654,0.019479,1210
0.0120814,0.0203708,1210
0.00935967,0.0194664,1210
0.00957353,0.0192415,1210
0.00969821,0.0201648,1210
0.00992614,0.0197896,1210
0.00952751,0.0199222,1210
0.0121156,0.0197218,1210
0.00970897,0.0197485,1210
0.00983646,0.0205072,1210
0.0123999,0.0200287,1210
0.00967634,0.0198001,1210
0.00976899,0.0213782,1210
0.00966755,0.0203726,1210
0.00980831,0.02032,1210
0.00972514,0.019951,1210
0.00961947,0.0200874,1210
0.0122441,0.0196189,1210
0.0095296,0.0192983,1210
0.0094738,0.0197383,1210
0.00989157,0.0201615,1210
0.00955327,0.0199547,1210
0.00939016,0.020089,1210
0.0123088,0.0196682,1210
0.0101718,0.0204287,1220
0.00999752,0.0207278,1220
0.00993126,0.0206724,1220
0.0100551,0.0203066,1220
0.00985093,0.0210024,1220
0.0104898,0.0214014,1220
0.0102317,0.0208367,1220
0.0158001,0.0211776,1220
0.0129647,0.0207584,1220
0.00992018,0.0202153,1220
0.00984032,0.0207395,1220
0.00986135,0.0204836,1220
0.00983508,0.020742,1220
0.00983085,0.0210574,1220
0.0099373,0.0209276,1220
0.00987597,0.0208932,1220
0.0101533,0.020953,1220
0.0128276,0.020724,1220
0.00989972,0.0206724,1220
0.00983185,0.0205408,1220
0.00980222,0.0207717,1220
0.0100109,0.0201726,1220
0.0100169,0.0203758,1220
0.0156049,0.0203651,1220
0.00986056,0.0209437,1220
0.00994094,0.0206461,1220
0.0100742,0.0212955,1220
0.0100125,0.0205293,1220
0.0125686,0.0203909,1220
0.00993871,0.0201802,1220
0.0125282,0.0206253,1220
0.010713,0.0203934,1220
0.012901,0.0219033,1230
0.0101003,0.0205336,1230
0.010127,0.0207357,1230
0.0101073,0.0203943,1230
0.0101199,0.02063,1230
0.0101772,0.0206029,1230
0.010065,0.020907,1230
0.0100592,0.0207029,1230
0.0101389,0.0205258,1230
0.0119047,0.0204976,1230
0.00981862,0.0200338,1230
0.00986788,0.0203066,1230
0.00990677,0.0203339,1230
0.0116213,0.0206952,1230
0.0102596,0.0207284,1230
0.00996023,0.0204889,1230
0.0100817,0.0207667,1230
0.0101366,0.0204774,1230
0.0100135,0.0204796,1230
0.0110891,0.0202829,1230
0.0112504,0.0211144,1230
0.0111596,0.0200101,1230
0.00978615,0.0206073,1230
0.012518,0.0200146,1230
0.0112823,0.0198782,1230
0.0097546,0.0198983,1230
0.00981632,0.0201796,1230
0.00969394,0.0199311,1230
0.0101755,0.0202763,1230
0.0124388,0.0201797,1230
0.00977065,0.0205198,1230
0.0125544,0.0205735,1230
0.0106996,0.0211481,1240
0.0144938,0.022402,1240
0.0106328,0.021514,1240
0.0106981,0.0214089,1240
0.0105826,0.021547,1240
0.0104586,0.0219096,1240
0.0131583,0.0217638,1240
0.0104778,0.0219152,1240
0.0101947,0.0210992,1240
0.0101903,0.0208942,1240
0.012948,0.0214077,1240
0.0104789,0.0209692,1240
0.0102593,0.0213301,1240
0.0102773,0.0212705,1240
0.0129385,0.0213804,1240
0.0131009,0.0211209,1240
0.0128909,0.0212149,1240
0.0102897,0.0208082,1240
0.0129181,0.0207558,1240
0.0102696,0.0235746,1240
0.0100793,0.0207473,1240
0.0101351,0.0209289,1240
0.0103324,0.0208595,1240
0.0103782,0.020934,1240
0.0126166,0.0206753,1240
0.0102783,0.0213374,1240
0.0101907,0.0208744,1240
0.0104079,0.0207894,1240
0.010362,0.0209194,1240
0.0121915,0.0213624,1240
0.0102678,0.0215965,1240
0.0102943,0.0208805,1240
0.0113572,0.0216422,1250
0.0117782,0.0213782,1250
0.0114717,0.0212457,1250
0.0104746,0.021347,1250
0.0103432,0.0212503,1250
0.0104808,0.0212919,1250
0.0117724,0.0211719,1250
0.0102927,0.0214149,1250
0.0104264,0.0219939,1250
0.0103981,0.0211549,1250
0.0105447,0.0210941,1250
0.0105338,0.0214222,1250
0.0112842,0.0219788,1250
0.0116895,0.0214191,1250
0.0126556,0.0207072,1250
0.0100151,0.0209326,1250
0.0103462,0.0210035,1250
0.0103703,0.0212542,1250
0.010314,0.021293,1250
0.0167964,0.020571,1250
0.0111982,0.0205587,1250
0.0100722,0.0209391,1250
0.0102272,0.0213288,1250
0.0105051,0.0216357,1250
0.0105739,0.0212719,1250
0.0130978,0.0215852,1250
0.0105687,0.0214734,1250
0.0131661,0.0243323,1250
0.0109031,0.0223226,1250
0.0106939,0.0223715,1250
0.0108424,0.0233369,1250
0.010769,0.0220677,1250
0.0111438,0.0222295,1260
0.0123078,0.0220979,1260
0.0108389,0.0220623,1260
0.0105816,0.021535,1260
0.0110553,0.0224255,1260
0.0115709,0.0227057,1260
0.0107876,0.0223675,1260
0.0109152,0.0222167,1260
0.0132956,0.0215021,1260
0.0106252,0.0217269,1260
0.0107929,0.0219607,1260
0.0106497,0.0220451,1260
0.0105687,0.0220772,1260
0.010614,0.0227505,1260
0.0131834,0.021648,1260
0.0106158,0.0227683,1260
0.0107346,0.0220321,1260
0.0105253,0.0216613,1260
0.0107892,0.0231447,1260
0.0109055,0.0225284,1260
0.0125987,0.0216504,1260
0.0131748,0.02181,1260
0.0108204,0.0224332,1260
0.0119013,0.0220164,1260
0.0106329,0.0221376,1260
0.0104519,0.0214534,1260
0.0104783,0.022024,1260
0.0106368,0.0217967,1260
0.0109462,0.0218568,1260
0.0105923,0.0215214,1260
0.0134093,0.0214781,1260
0.0106137,0.0220748,1260
0.0108659,0.0222157,1270
0.0107661,0.02259,1270
0.0108884,0.0221089,1270
0.0109684,0.0218525,1270
0.0108459,0.0222789,1270
0.0133831,0.0220177,1270
0.0107116,0.0220008,1270
0.0107628,0.0217612,1270
0.0134298,0.0219455,1270
0.010732,0.0218762,1270
0.0140312,0.0218366,1270
0.0108729,0.0220715,1270
0.0107762,0.0219168,1270
0.0108057,0.022028,1270
0.0107536,0.0219647,1270
0.0107314,0.0225247,1270
0.0132713,0.0219696,1270
0.0106373,0.0218804,1270
0.0106778,0.0225899,1270
0.010821,0.0218988,1270
0.0142689,0.026783,1270
0.0110865,0.0226574,1270
0.0110348,0.0225451,1270
0.011148,0.0232154,1270
0.0128367,0.0228912,1270
0.0107328,0.0224128,1270
0.0132831,0.0219652,1270
0.010755,0.0222334,1270
0.0119639,0.0219803,1270
0.0106892,0.0220018,1270
0.010723,0.0219127,1270
0.010857,0.0221972,1270
0.0112243,0.0224143,1280
0.0109503,0.022375,1280
0.013677,0.0223371,1280
0.0110223,0.022244,1280
0.0109936,0.0226359,1280
0.0107838,0.0221679,1280
0.0108133,0.0223093,1280
0.0110261,0.0225736,1280
0.0109952,0.0225265,1280
0.0122014,0.0222907,1280
0.0109992,0.022763,1280
0.0109873,0.0222592,1280
0.0135694,0.0223836,1280
0.0109131,0.0222012,1280
0.0112364,0.0222801,1280
0.010838,0.0227463,1280
0.0137739,0.0227692,1280
0.0109268,0.0239772,1280
0.0109882,0.0225001,1280
0.0108884,0.0224174,1280
0.0109195,0.0224288,1280
0.0111267,0.0221519,1280
0.010898,0.0222728,1280
0.0109266,0.0247183,1280
0.011052,0.0224467,1280
0.0109544,0.0226254,1280
0.0108853,0.0224421,1280
0.0109012,0.0225224,1280
0.0108601,0.0223106,1280
0.0126678,0.0224475,1280
0.0108484,0.0223072,1280
0.0111924,0.0223942,1280
0.0110987,0.0225447,1290
0.0110087,0.0232535,1290
0.0136985,0.023162,1290
0.0136805,0.0220204,1290
0.0109203,0.0225946,1290
0.011129,0.0227223,1290
0.0111049,0.0227838,1290
0.0111135,0.0229178,1290
0.013245,0.0227899,1290
0.0112626,0.0243894,1290
0.0111796,0.0230988,1290
0.0138264,0.0250861,1290
0.0172578,0.023181,1290
0.0116734,0.0234079,1290
0.0136856,0.022693,1290
0.0110814,0.0225994,1290
0.0110765,0.0234453,1290
0.0110238,0.0226154,1290
0.0138586,0.0229719,1290
0.0111592,0.0230764,1290
0.0111244,0.0232337,1290
0.0115554,0.0229491,1290
0.0110116,0.023203,1290
0.0110774,0.0229159,1290
0.0138555,0.0227753,1290
0.011165,0.0226421,1290
0.0111366,0.0227097,1290
0.011104,0.022465,1290
0.0109805,0.0229543,1290
0.0111076,0.0228416,1290
0.0124589,0.0230759,1290
0.0110858,0.0226306,1290
0.0112156,0.0229972,1300
0.0148397,0.0229863,1300
0.0139061,0.0230906,1300
0.0113517,0.0233276,1300
0.0115331,0.0230525,1300
0.0113403,0.0228709,1300
0.0143805,0.0231721,1300
0.011335,0.0230988,1300
0.013843,0.0234137,1300
0.0136517,0.0228243,1300
0.0110468,0.0229679,1300
0.0136297,0.0226482,1300
0.0115456,0.0235011,1300
0.0134582,0.0230095,1300
0.0128918,0.0232756,1300
0.013567,0.0222303,1300
0.0109791,0.0225626,1300
0.0109747,0.0230635,1300
0.01112,0.0233173,1300
0.0137104,0.0230329,1300
0.0108665,0.0226031,1300
0.0107171,0.0225486,1300
0.0109268,0.0231775,1300
0.0136883,0.0237873,1300
0.0111118,0.022243,1300
0.0124584,0.0223399,1300
0.0108482,0.0224775,1300
0.0177776,0.0221611,1300
0.0135642,0.0227267,1300
0.0122561,0.0225251,1300
0.0110198,0.0235219,1300
0.0112728,0.0234927,1300
0.0114073,0.0234469,1310
0.0115133,0.026943,1310
0.011901,0.0239607,1310
0.0121636,0.0239792,1310
0.0117652,0.0241491,1310
0.0118907,0.0236362,1310
0.0114984,0.0233963,1310
0.0114689,0.0241474,1310
0.0117388,0.024138,1310
0.0116314,0.023173,1310
0.0113039,0.0236052,1310
0.0116564,0.0246016,1310
0.0142093,0.0233306,1310
0.0113274,0.0232544,1310
0.0113951,0.0234434,1310
0.0114205,0.0233434,1310
0.0140244,0.02341,1310
0.0132542,0.0235628,1310
0.0115648,0.0232265,1310
0.0115125,0.0231951,1310
0.0113219,0.0236017,1310
0.0116281,0.0242328,1310
0.0141523,0.0232786,1310
0.0116819,0.0233656,1310
0.0117812,0.023518,1310
0.0120279,0.0232279,1310
0.0116041,0.0232743,1310
0.011474,0.0235504,1310
0.0141708,0.0234676,1310
0.0113594,0.0236272,1310
0.0139018,0.0228493,1310
0.0113977,0.0236959,1310
0.0129301,0.0239364,1320
0.0123833,0.0241575,1320
0.0137937,0.0238245,1320
0.0116382,0.0235069,1320
0.0115663,0.024088,1320
0.0116299,0.0238115,1320
0.0115837,0.0240626,1320
0.0116441,0.0243978,1320
0.0137329,0.0235129,1320
0.0112897,0.0233229,1320
0.0113174,0.0236544,1320
0.0112396,0.0233725,1320
0.0113778,0.0235572,1320
0.011274,0.0234845,1320
0.0116618,0.023591,1320
0.0140067,0.0233519,1320
0.01165,0.0237374,1320
0.0131807,0.0237491,1320
0.0140637,0.0248925,1320
0.0116337,0.0238726,1320
0.0113926,0.0236431,1320
0.0116892,0.0234708,1320
0.0113542,0.030969,1320
0.0116281,0.0241723,1320
0.0122018,0.0262044,1320
0.0115673,0.0236673,1320
0.0120327,0.0235629,1320
0.0116725,0.0251236,1320
0.0120214,0.0251012,1320
0.0129933,0.0246426,1320
0.0115563,0.0237238,1320
0.0115338,0.0237517,1320
0.0147419,0.0240294,1330
0.0118913,0.02409,1330
0.01345,0.0242109,1330
0.0118387,0.0246211,1330
0.011832,0.0241148,1330
0.0116583,0.0241278,1330
0.0117984,0.0240768,1330
0.0119051,0.0241726,1330
0.0118203,0.0241139,1330
0.0118182,0.0245042,1330
0.0134748,0.0240514,1330
0.0117303,0.0240279,1330
0.0119489,0.0260333,1330
0.0117309,0.0240532,1330
0.0117552,0.0248511,1330
0.0119207,0.0240305,1330
0.0118836,0.0248843,1330
0.0143124,0.024491,1330
0.0129331,0.0245538,1330
0.0118904,0.0242953,1330
0.0118949,0.0240185,1330
0.0121302,0.0244948,1330
0.0118419,0.0245097,1330
0.0121776,0.0243454,1330
0.0117668,0.0243803,1330
0.014543,0.0241879,1330
0.0119114,0.0241561,1330
0.014548,0.0242594,1330
0.0118682,0.0244311,1330
0.0145473,0.0240126,1330
0.0118311,0.0237597,1330
0.0117431,0.0242986,1330
0.0124708,0.024611,1340
0.012783,0.0246635,1340
0.0142963,0.0244763,1340
0.014424,0.0243539,1340
0.0123033,0.0244263,1340
0.011963,0.0253378,1340
0.0149079,0.0245627,1340
0.0120781,0.0242386,1340
0.0117283,0.0241438,1340
0.0119812,0.0252174,1340
0.018415,0.0247349,1340
0.0124033,0.0253185,1340
0.0121032,0.0246898,1340
0.0119769,0.0242928,1340
0.0123972,0.0252142,1340
0.0124339,0.0257059,1340
0.0130686,0.0247685,1340
0.012054,0.0267415,1340
0.01195,0.0244751,1340
0.0119489,0.0245508,1340
0.0147404,0.0251697,1340
0.0119523,0.0245449,1340
0.0145323,0.0246408,1340
0.0149385,0.0246893,1340
0.0121448,0.0251733,1340
0.0148184,0.0247141,1340
0.011918,0.0248886,1340
0.0123038,0.0246713,1340
0.0146261,0.0254273,1340
0.0125919,0.0245202,1340
0.0130047,0.0243905,1340
0.0117172,0.0248087,1340
0.0123023,0.025008,1350
0.0146023,0.0247676,1350
0.0117207,0.0249254,1350
0.0119987,0.0255745,1350
0.0122073,0.0248918,1350
0.0122307,0.0255968,1350
0.0122049,0.025362,1350
0.0169552,0.0249161,1350
0.0119424,0.0245196,1350
0.0120574,0.0243045,1350
0.0143909,0.0242776,1350
0.0122103,0.024761,1350
0.0122567,0.0250258,1350
0.0143932,0.0245777,1350
0.0132423,0.0241429,1350
0.0120156,0.0244173,1350
0.0146831,0.0247398,1350
0.0119297,0.0239253,1350
0.0118174,0.0244977,1350
0.0120115,0.0255424,1350
0.0124874,0.0247115,1350
0.0122813,0.0248062,1350
0.0122717,0.0249036,1350
0.013904,0.025656,1350
0.0121261,0.0249848,1350
0.0133153,0.0252245,1350
0.0121248,0.0250095,1350
0.0136568,0.0258446,1350
0.0130634,0.0283864,1350
0.0126491,0.0254674,1350
0.0125653,0.0257828,1350
0.0145491,0.0259715,1350
0.0128039,0.0267948,1360
0.0128052,0.026592,1360
0.0122899,0.0251224,1360
0.012392,0.0258587,1360
0.0151305,0.0254868,1360
0.0126061,0.0250597,1360
0.0124916,0.025307,1360
0.012364,0.0252184,1360
0.0149938,0.0251862,1360
0.0149817,0.0251173,1360
0.0151369,0.0274727,1360
0.0121562,0.0257088,1360
0.0124615,0.0257049,1360
0.0150142,0.0253565,1360
0.0124713,0.0253604,1360
0.0161928,0.0256649,1360
0.0152099,0.0253982,1360
0.0124022,0.0256005,1360
0.0122868,0.0251972,1360
0.0122938,0.0250006,1360
0.0123451,0.0251855,1360
0.0123053,0.0255975,1360
0.0122306,0.0251951,1360
0.0150775,0.0262322,1360
0.0125402,0.0253716,1360
0.0125013,0.0252045,1360
0.0123429,0.0249464,1360
0.0149768,0.0255083,1360
0.0125482,0.0250416,1360
0.0124362,0.0255253,1360
0.0124092,0.0254531,1360
0.012611,0.0265233,1360
0.0134985,0.0257257,1370
0.0147432,0.0256998,1370
0.0125018,0.0254883,1370
0.0124504,0.0259835,1370
0.0152924,0.0256191,1370
0.0137265,0.0255796,1370
0.0151102,0.0257772,1370
0.0125619,0.0264089,1370
0.0151953,0.0256525,1370
0.01255,0.026137,1370
0.0124234,0.0252867,1370
0.0127738,0.0254433,1370
0.012473,0.0255437,1370
0.0176465,0.0264633,1370
0.0155112,0.0265543,1370
0.0129765,0.027077,1370
0.0152693,0.0268831,1370
0.0175793,0.0276461,1370
0.0127169,0.0253211,1370
0.0148786,0.0255597,1370
0.0124451,0.0259161,1370
0.0130834,0.0260818,1370
0.012707,0.0253786,1370
0.0124928,0.0256676,1370
0.0137135,0.025611,1370
0.0126063,0.0257429,1370
0.0125433,0.0256495,1370
0.0152639,0.0254606,1370
0.0150817,0.0258675,1370
0.0126368,0.0264706,1370
0.0151902,0.0255973,1370
0.0156336,0.0256476,1370
0.0129741,0.0258924,1380
0.012852,0.0261263,1380
0.0152088,0.0263298,1380
0.0128474,0.0260211,1380
0.0127344,0.0259395,1380
0.0127499,0.0258352,1380
0.0149004,0.0253888,1380
0.0126804,0.026186,1380
0.0127344,0.0259496,1380
0.0128656,0.0262034,1380
0.0154184,0.0259016,1380
0.0130512,0.0263081,1380
0.0144999,0.0259346,1380
0.0127763,0.0257125,1380
0.0127087,0.0262489,1380
0.0128695,0.0271394,1380
0.0128265,0.0257064,1380
0.0128386,0.0257716,1380
0.0125555,0.0258866,1380
0.0126267,0.0260262,1380
0.0124431,0.0262915,1380
0.0128413,0.0260953,1380
0.0126807,0.0275584,1380
0.0148217,0.0259675,1380
0.012652,0.0257142,1380
0.0127619,0.026082,1380
0.012862,0.0258175,1380
0.0128152,0.0265968,1380
0.0125521,0.026008,1380
0.0144185,0.0269121,1380
0.0169089,0.0266059,1380
0.0143478,0.0266448,1380
0.0136478,0.0272079,1390
0.0145196,0.0272511,1390
0.0133772,0.0276346,1390
0.0135413,0.027638,1390
0.0162751,0.0271223,1390
0.0133879,0.0273097,1390
0.0131952,0.0260528,1390
0.015601,0.0264966,1390
0.0155563,0.0266843,1390
0.0129466,0.0268375,1390
0.0129269,0.0265645,1390
0.0131873,0.0266948,1390
0.0131506,0.0269242,1390
0.0130214,0.0264721,1390
0.013132,0.0276315,1390
0.0133799,0.0270063,1390
0.0133761,0.0269681,1390
0.0130029,0.0276395,1390
0.0129422,0.0273813,1390
0.0146544,0.0273391,1390
0.0129599,0.0264055,1390
0.012799,0.0270644,1390
0.014339,0.0271749,1390
0.0129019,0.02667,1390
0.0128378,0.0263297,1390
0.015401,0.026139,1390
0.0133177,0.0262653,1390
0.0128927,0.026544,1390
0.0128354,0.0268617,1390
0.0129573,0.0262076,1390
0.0129742,0.026207,1390
0.0148361,0.0270666,1390
0.0144432,0.0268347,1400
0.0131153,0.0268851,1400
0.0131578,0.0274622,1400
0.0134688,0.0272727,1400
0.0132693,0.0273258,1400
0.0135867,0.0299709,1400
0.0136482,0.0274792,1400
0.0131387,0.0273124,1400
0.0132486,0.0269963,1400
0.0145879,0.0267338,1400
0.0132252,0.026638,1400
0.0130353,0.0274499,1400
0.0211249,0.0277064,1400
0.0135304,0.0279653,1400
0.0162886,0.0282565,1400
0.0134315,0.0276728,1400
0.0135976,0.0273673,1400
0.013909,0.0278245,1400
0.0135324,0.0273137,1400
0.0158819,0.0273673,1400
0.013096,0.0266517,1400
0.012975,0.0269942,1400
0.0128929,0.0271953,1400
0.0156433,0.027168,1400
0.0132193,0.026644,1400
0.0158492,0.0274543,1400
0.0131377,0.0265739,1400
0.0132464,0.0268687,1400
0.0199766,0.0273044,1400
0.0146224,0.0273524,1400
0.0129161,0.0271685,1400
0.0130781,0.0266617,1400
0.013545,0.0281399,1410
0.0133313,0.0270342,1410
0.0149849,0.0267037,1410
0.0132579,0.0270819,1410
0.0136614,0.0276852,1410
0.0156843,0.0275426,1410
0.0133902,0.0267416,1410
0.0134181,0.0281861,1410
0.0132605,0.027336,1410
0.0134713,0.027964,1410
0.0132791,0.0270867,1410
0.014818,0.0276079,1410
0.0133613,0.0270739,1410
0.0132859,0.027042,1410
0.0161085,0.0278457,1410
0.014873,0.0270969,1410
0.0134961,0.0273853,1410
0.016094,0.0271123,1410
0.015269,0.0272994,1410
0.0134342,0.0270303,1410
0.0132719,0.0271464,1410
0.0133343,0.0286936,1410
0.0131571,0.0270127,1410
0.0133546,0.0270455,1410
0.0154417,0.0269407,1410
0.0133773,0.0268892,1410
0.0205254,0.0304745,1410
0.0136975,0.0283837,1410
0.0138081,0.0280875,1410
0.0136249,0.028021,1410
0.0139197,0.0286,1410
0.0136307,0.0285018,1410
0.0166338,0.0289275,1420
0.0138813,0.0282919,1420
0.0139414,0.0286873,1420
0.0139091,0.0284712,1420
0.0134262,0.0273933,1420
0.0135423,0.0281802,1420
0.0151885,0.0287553,1420
0.0157813,0.027777,1420
0.0137127,0.0274181,1420
0.0153737,0.0279099,1420
0.0135391,0.0279014,1420
0.0136236,0.0275345,1420
0.0159495,0.0282817,1420
0.0135416,0.0273153,1420
0.0134159,0.0291161,1420
0.0156343,0.0277794,1420
0.0134723,0.0274209,1420
0.0152807,0.0274943,1420
0.0156426,0.0275302,1420
0.013615,0.0273644,1420
0.0135164,0.0284427,1420
0.0140097,0.0275496,1420
0.0134908,0.0278286,1420
0.0133084,0.0274099,1420
0.0134417,0.027395,1420
0.013427,0.0276168,1420
0.0133925,0.0275079,1420
0.0136627,0.027506,1420
0.0134167,0.0272876,1420
0.013555,0.0300971,1420
0.0147074,0.0277408,1420
0.013504,0.0294154,1420
0.0139193,0.0281852,1430
0.020435,0.0275992,1430
0.0137722,0.0288378,1430
0.0138241,0.0291904,1430
0.0162731,0.0280921,1430
0.0135108,0.0281177,1430
0.013307,0.0278232,1430
0.0160735,0.0291119,1430
0.0149209,0.0306531,1430
0.0142729,0.0288957,1430
0.0165413,0.0286724,1430
0.0137224,0.0277788,1430
0.0135463,0.0275931,1430
0.0161325,0.0278135,1430
0.0138614,0.0280643,1430
0.0136736,0.0283774,1430
0.0163762,0.0278617,1430
0.013643,0.02806,1430
0.0137589,0.0278686,1430
0.0182936,0.0277755,1430
0.0161851,0.0280643,1430
0.0134961,0.0285265,1430
0.0164279,0.0280958,1430
0.0138373,0.0290967,1430
0.0136566,0.028288,1430
0.0135641,0.0279857,1430
0.0135836,0.027638,1430
0.0136658,0.0285941,1430
0.0139105,0.0277171,1430
0.013895,0.0279142,1430
0.0137841,0.0282849,1430
0.0148805,0.0284804,1430
0.0139926,0.0285297,1440
0.013945,0.0282649,1440
0.015171,0.0294255,1440
0.013868,0.028375,1440
0.0163207,0.0284905,1440
0.0140938,0.0285401,1440
0.0139608,0.0286172,1440
0.0138536,0.0281879,1440
0.0140221,0.0284848,1440
0.0141388,0.0281171,1440
0.0140645,0.0286903,1440
0.01391,0.0285165,1440
0.0141979,0.0293706,1440
0.0141364,0.0289683,1440
0.0165557,0.028247,1440
0.0137673,0.0280709,1440
0.0140505,0.0293456,1440
0.0151269,0.0287294,1440
0.0167941,0.029023,1440
0.0141841,0.0295056,1440
0.0151906,0.0290199,1440
0.0175347,0.0297809,1440
0.0144014,0.0295055,1440
0.0156284,0.0292411,1440
0.0165936,0.029601,1440
0.014466,0.0300384,1440
0.0144696,0.0293476,1440
0.013847,0.0287295,1440
0.0138415,0.0282674,1440
0.0140354,0.0291068,1440
0.0152702,0.0291575,1440
0.0164749,0.0286954,1440
0.0142962,0.0295591,1450
0.0179747,0.0290592,1450
0.0139288,0.02933,1450
0.0167049,0.0291376,1450
0.0140793,0.030673,1450
0.0142712,0.0284838,1450
0.0140856,0.028576,1450
0.0139788,0.0288403,1450
0.0141872,0.0286869,1450
0.0150189,0.0302442,1450
0.0141423,0.0288187,1450
0.0141322,0.0297622,1450
0.014322,0.0287153,1450
0.0166155,0.0291459,1450
0.0139727,0.0291265,1450
0.0140773,0.0287093,1450
0.0141845,0.0287476,1450
0.0140381,0.0293416,1450
0.0141078,0.0286521,1450
0.014151,0.0291491,1450
0.0206193,0.0291816,1450
0.0153492,0.0290224,1450
0.0141195,0.0292714,1450
0.0173212,0.029149,1450
0.016736,0.0286003,1450
0.0140063,0.0288764,1450
0.0141765,0.0287554,1450
0.0141584,0.0288244,1450
0.0140908,0.0292098,1450
0.0154937,0.028466,1450
0.0165585,0.0284958,1450
0.0202347,0.0292783,1450
0.0149635,0.0299546,1460
0.0147132,0.0302765,1460
0.0173934,0.0298843,1460
0.0147533,0.0306303,1460
0.0143157,0.029715,1460
0.0144403,0.0295729,1460
0.0156208,0.0292663,1460
0.014297,0.0291028,1460
0.0154874,0.0293132,1460
0.0160075,0.0290118,1460
0.0150582,0.0290733,1460
0.0144052,0.0310207,1460
0.014387,0.029343,1460
0.0144557,0.0291721,1460
0.0142209,0.0289558,1460
0.014257,0.0296361,1460
0.0166604,0.0292592,1460
0.0169454,0.0292067,1460
0.0157621,0.0287285,1460
0.0171545,0.0291028,1460
0.0143355,0.0291979,1460
0.0141948,0.0292107,1460
0.0142573,0.028877,1460
0.0169329,0.0292486,1460
0.0141525,0.0293141,1460
0.0140376,0.029566,1460
0.014022,0.0304115,1460
0.0163508,0.0281026,1460
0.0140616,0.0282623,1460
0.0137841,0.0288677,1460
0.0139826,0.0286038,1460
0.0143525,0.0289258,1460
0.0172697,0.0301616,1470
0.0146778,0.0295261,1470
0.0149963,0.0296958,1470
0.014755,0.0295554,1470
0.014557,0.0295869,1470
0.0144974,0.0298166,1470
0.014513,0.0295766,1470
0.0168071,0.0294677,1470
0.0145899,0.0297301,1470
0.0145525,0.0296008,1470
0.0184974,0.0306446,1470
0.0155088,0.0302235,1470
0.0149426,0.0307878,1470
0.0151546,0.0306188,1470
0.0150473,0.0302707,1470
0.016749,0.0299603,1470
0.014604,0.02952,1470
0.017566,0.029592,1470
0.0169687,0.0298728,1470
0.0144624,0.0298045,1470
0.0168636,0.0293719,1470
0.014442,0.0315903,1470
0.0143701,0.0298256,1470
0.0145221,0.029309,1470
0.0147158,0.0294358,1470
0.0145838,0.0315878,1470
0.0168716,0.0295494,1470
0.0145013,0.0298928,1470
0.0147162,0.0301892,1470
0.014743,0.0293345,1470
0.0144134,0.0292482,1470
0.014673,0.0301402,1470
0.0150956,0.0314291,1480
0.0146285,0.0300346,1480
0.014546,0.0301187,1480
0.0147259,0.0300772,1480
0.0148649,0.0301572,1480
0.0172335,0.0296946,1480
0.0146724,0.0304305,1480
0.0176795,0.0299563,1480
0.0147706,0.0299769,1480
0.0149064,0.0299954,1480
0.0149596,0.0301445,1480
0.0174521,0.0305609,1480
0.0147127,0.0300808,1480
0.0146967,0.0307536,1480
0.014915,0.0306774,1480
0.0148609,0.0299814,1480
0.0148223,0.0296921,1480
0.0174957,0.0302565,1480
0.0178184,0.0296976,1480
0.0149073,0.029781,1480
0.0161431,0.0361055,1480
0.0153754,0.0304649,1480
0.01508,0.0314621,1480
0.015164,0.0307472,1480
0.015144,0.0310139,1480
0.0177189,0.0305557,1480
0.0152631,0.0318621,1480
0.0179664,0.0322022,1480
0.0180973,0.0325379,1480
0.0156186,0.0325152,1480
0.0178432,0.032182,1480
0.0200593,0.0314707,1480
0.0172034,0.0325058,1490
0.0157751,0.031946,1490
0.0156418,0.032069,1490
0.0159871,0.0315163,1490
0.0174781,0.0321708,1490
0.0157199,0.0329714,1490
0.0157548,0.0325772,1490
0.0157414,0.0324789,1490
0.017923,0.0318235,1490
0.0155225,0.0311065,1490
0.0153828,0.0310877,1490
0.0155731,0.0310832,1490
0.0154967,0.0334089,1490
0.0153584,0.0317424,1490
0.0177757,0.0317447,1490
0.0148646,0.0309633,1490
0.015071,0.0328597,1490
0.0153161,0.0312301,1490
0.0155838,0.0328746,1490
0.0194674,0.0321338,1490
0.0179427,0.031317,1490
0.017052,0.0301061,1490
0.014794,0.0305026,1490
0.0163306,0.0304113,1490
0.0149627,0.0303125,1490
0.0176081,0.0304081,1490
0.0171775,0.0303175,1490
0.01497,0.0305375,1490
0.0148559,0.0330538,1490
0.0154029,0.031419,1490
0.015267,0.0314424,1490
0.0152499,0.031427,1490
0.0155415,0.031642,1500
0.0181785,0.0317874,1500
0.0164671,0.0322481,1500
0.0160476,0.0321235,1500
0.017603,0.031678,1500
0.0153725,0.0320742,1500
0.0152163,0.0343601,1500
0.0160442,0.0310237,1500
0.0151394,0.0317969,1500
0.0151511,0.031109,1500
0.0150863,0.0313672,1500
0.0174047,0.031389,1500
0.0162169,0.0305446,1500
0.0166225,0.0309937,1500
0.0150193,0.0304879,1500
0.015267,0.0312679,1500
0.0150854,0.0305471,1500
0.015056,0.0313899,1500
0.0151658,0.0311481,1500
0.017782,0.0310102,1500
0.0149338,0.0306097,1500
0.0151879,0.0303589,1500
0.0151407,0.0309022,1500
0.0148913,0.0322489,1500
0.0173538,0.0303537,1500
0.0172341,0.0303177,1500
0.0150167,0.0307727,1500
0.01626,0.0308011,1500
0.0151199,0.030713,1500
0.0150806,0.0311527,1500
0.0151991,0.0306617,1500
0.0149397,0.0334985,1500
0.0157186,0.0321475,1510
0.0152715,0.0317641,1510
0.0160444,0.031726,1510
0.0174777,0.0313981,1510
0.015508,0.0309426,1510
0.0180541,0.0323433,1510
0.0182545,0.0324562,1510
0.0158347,0.0320889,1510
0.0155892,0.0323251,1510
0.0182898,0.0320851,1510
0.0156095,0.0312128,1510
0.0159775,0.0332903,1510
0.0157337,0.0325574,1510
0.0176657,0.0310114,1510
0.0173164,0.0309597,1510
0.0155202,0.0310056,1510
0.015445,0.0313969,1510
0.0154555,0.0309245,1510
0.0178946,0.0311526,1510
0.0152824,0.0309986,1510
0.0153251,0.031016,1510
0.0152996,0.0314269,1510
0.015369,0.0338684,1510
0.0157612,0.0313987,1510
0.0154444,0.0309991,1510
0.0152001,0.0308551,1510
0.0152971,0.0313688,1510
0.0154708,0.0322089,1510
0.0153465,0.0309884,1510
0.0154322,0.0314999,1510
0.0153564,0.0310132,1510
0.0152165,0.0312884,1510
0.015661,0.0314806,1520
0.0181423,0.0322849,1520
0.0182936,0.032115,1520
0.0157047,0.031686,1520
0.0181264,0.0319465,1520
0.0183989,0.0318649,1520
0.0155095,0.0319449,1520
0.015722,0.0314314,1520
0.0156393,0.0318897,1520
0.0155809,0.0331659,1520
0.0155807,0.0317275,1520
0.0155977,0.0316516,1520
0.017871,0.0335925,1520
0.0184534,0.035527,1520
0.0186438,0.0329916,1520
0.0161278,0.0319257,1520
0.0181773,0.031266,1520
0.0156372,0.0315579,1520
0.0180178,0.0314501,1520
0.0158105,0.0323111,1520
0.0183086,0.031452,1520
0.0169286,0.031502,1520
0.0166852,0.0316079,1520
0.0158237,0.0328581,1520
0.0155004,0.0322538,1520
0.0154633,0.0315612,1520
0.0172351,0.0317128,1520
0.0181544,0.0312282,1520
0.0155332,0.0314796,1520
0.0155056,0.0316133,1520
0.0154495,0.0319565,1520
0.0180009,0.031972,1520
0.0179919,0.0321687,1530
0.0156029,0.0317925,1530
0.0156809,0.0319725,1530
0.0158586,0.0322726,1530
0.0182515,0.031737,1530
0.0185199,0.0321276,1530
0.0161867,0.0329033,1530
0.0180686,0.0315715,1530
0.0156292,0.0326814,1530
0.0157187,0.0319625,1530
0.015748,0.0320623,1530
0.0157721,0.0321598,1530
0.0159819,0.0317684,1530
0.0184111,0.0325087,1530
0.0159405,0.0319579,1530
0.0184378,0.0325028,1530
0.0157585,0.0322319,1530
0.0208592,0.0323148,1530
0.0180961,0.0318082,1530
0.0173495,0.032435,1530
0.0153773,0.0368057,1530
0.0180847,0.0327922,1530
0.0163635,0.0319779,1530
0.0156204,0.0318079,1530
0.0156352,0.032207,1530
0.0155786,0.0325474,1530
0.0160089,0.0322441,1530
0.0156073,0.0331082,1530
0.0158836,0.0324905,1530
0.0184678,0.0328488,1530
0.0159916,0.0330437,1530
0.0186292,0.0320616,1530
0.0160869,0.0404871,1540
0.0333313,0.037963,1540
0.022975,0.0378893,1540
0.0212716,0.0382778,1540
0.020613,0.0383997,1540
0.0246327,0.038249,1540
0.0189079,0.0381341,1540
0.0188103,0.0382976,1540
0.0189643,0.0382307,1540
0.018927,0.0379813,1540
0.0180992,0.0368148,1540
0.0204687,0.0372107,1540
0.0197172,0.035679,1540
0.0175233,0.0357278,1540
0.0176157,0.0360461,1540
0.0175279,0.0370962,1540
0.0170128,0.034847,1540
0.0173234,0.0345502,1540
0.0170715,0.0346453,1540
0.0169905,0.0351017,1540
0.0194873,0.0341741,1540
0.0188659,0.0329649,1540
0.01639,0.0329221,1540
0.0165474,0.033276,1540
0.0173004,0.0383188,1540
0.0186408,0.0343121,1540
0.0173256,0.0333591,1540
0.0165353,0.0332782,1540
0.0177589,0.0334831,1540
0.0188991,0.0334806,1540
0.0178423,0.0333432,1540
0.0163828,0.0339778,1540
0.0180641,0.0333809,1550
0.0166794,0.033755,1550
0.0166751,0.0570753,1550
0.0207313,0.0370767,1550
0.0178904,0.0361075,1550
0.0207411,0.0366511,1550
0.0181629,0.0363415,1550
0.0174852,0.0352297,1550
0.0198045,0.0345729,1550
0.0171359,0.0350866,1550
0.0174054,0.0344196,1550
0.0166329,0.0340811,1550
0.0167755,0.0335166,1550
0.0165341,0.0340612,1550
0.0167783,0.0345488,1550
0.0166293,0.034026,1550
0.0167978,0.034867,1550
0.0171304,0.0363803,1550
0.0199541,0.0346739,1550
0.0172827,0.0351077,1550
0.0174609,0.0354486,1550
0.0172656,0.0348884,1550
0.0171231,0.0352827,1550
0.0171902,0.0415782,1550
0.0174008,0.0352306,1550
0.0173575,0.0347152,1550
0.0196552,0.0356254,1550
0.0168664,0.0338214,1550
0.0167087,0.035924,1550
0.0180534,0.0351969,1550
0.0198862,0.0356932,1550
0.0174135,0.0349128,1550
0.0173599,0.0379123,1560
0.0172984,0.0346821,1560
0.0195385,0.0345693,1560
0.0179067,0.0371346,1560
0.0170596,0.0338469,1560
0.0185305,0.0336921,1560
0.0169208,0.0350207,1560
0.0180051,0.0343657,1560
0.0180469,0.0339947,1560
0.0203849,0.033482,1560
0.0169758,0.033611,1560
0.0167443,0.0343769,1560
0.016708,0.0334833,1560
0.0177577,0.0344978,1560
0.0164999,0.0333537,1560
0.016132,0.0338587,1560
0.0182076,0.0333247,1560
0.0164173,0.0332031,1560
0.0163439,0.0336564,1560
0.0177245,0.0339351,1560
0.0255235,0.033328,1560
0.0172233,0.0335334,1560
0.0163634,0.0334005,1560
0.0163212,0.0337289,1560
0.0164435,0.0398217,1560
0.0168646,0.033663,1560
0.019738,0.0339758,1560
0.0187904,0.0335311,1560
0.0164718,0.0333039,1560
0.0163537,0.0331948,1560
0.0164031,0.0334306,1560
0.0162337,0.0332041,1560
0.0167881,0.0334239,1570
0.0165332,0.0369042,1570
0.0172055,0.034637,1570
0.017375,0.0346924,1570
0.0178868,0.0352653,1570
0.0167096,0.0350894,1570
0.0175606,0.0349871,1570
0.0166405,0.0352325,1570
0.0194561,0.0337196,1570
0.0167071,0.0336415,1570
0.0168178,0.0353919,1570
0.0189581,0.0363222,1570
0.0513544,0.0566588,1570
0.0213728,0.0412912,1570
0.0257768,0.0414505,1570
0.0222336,0.041524,1570
0.0201404,0.0408326,1570
0.0200375,0.0400061,1570
0.0194388,0.0392795,1570
0.0211585,0.0393499,1570
0.0210444,0.0373272,1570
0.0179818,0.0373218,1570
0.0183315,0.0365957,1570
0.0203687,0.0368047,1570
0.0177156,0.0359786,1570
0.0178423,0.0361494,1570
0.0177474,0.0356697,1570
0.0179959,0.0361908,1570
0.0221812,0.0349778,1570
0.0170979,0.0350786,1570
0.019574,0.0356293,1570
0.0185494,0.0347307,1570
0.017435,0.0351144,1580
0.0171608,0.0374184,1580
0.0174062,0.0347484,1580
0.0172597,0.0437044,1580
0.0184766,0.0355117,1580
0.0173253,0.0350777,1580
0.0182203,0.036396,1580
0.0198217,0.0371148,1580
0.0181718,0.0351848,1580
0.0175789,0.0369317,1580
0.0171808,0.0352706,1580
0.0171164,0.0351264,1580
0.0198848,0.0349206,1580
0.0168698,0.0348195,1580
0.016881,0.0353684,1580
0.0172957,0.0350892,1580
0.0170753,0.0357751,1580
0.0167971,0.0337588,1580
0.01681,0.0337196,1580
0.0170182,0.0349608,1580
0.0166714,0.0345852,1580
0.0168024,0.035822,1580
0.0168314,0.0341505,1580
0.0191838,0.0340688,1580
0.0167717,0.0340156,1580
0.0167645,0.0341505,1580
0.0191577,0.0342083,1580
0.0167972,0.0347521,1580
0.0168882,0.0349094,1580
0.0201294,0.0401263,1580
0.0185479,0.046509,1580
0.0195088,0.042098,1580
0.0230809,0.0510003,1590
0.0318568,0.0456618,1590
0.0214601,0.0433545,1590
0.0216288,0.0427095,1590
0.0205744,0.04098,1590
0.0203162,0.04788,1590
0.0264469,0.040543,1590
0.0223788,0.0400338,1590
0.0213526,0.0393195,1590
0.0192088,0.0380389,1590
0.0185951,0.0383013,1590
0.0208759,0.0386627,1590
0.0206569,0.0370926,1590
0.0209728,0.0372827,1590
0.0202161,0.0382815,1590
0.0207851,0.0361332,1590
0.0190625,0.0361048,1590
0.017688,0.0353479,1590
0.0201093,0.0356829,1590
0.017347,0.0368342,1590
0.0205259,0.0350707,1590
0.0176779,0.0351827,1590
0.0197957,0.0340947,1590
0.0192609,0.0345612,1590
0.0170621,0.0354507,1590
0.0170918,0.0352574,1590
0.0187692,0.0343861,1590
0.0169729,0.0354004,1590
0.0173975,0.034961,1590
0.0198512,0.0344102,1590
0.0170075,0.0351142,1590
0.0186767,0.0352788,1590
0.0173556,0.0347967,1600
0.0198946,0.0350544,1600
0.0211696,0.036978,1600
0.0187877,0.0355246,1600
0.0173532,0.0347119,1600
0.0199646,0.0346966,1600
0.0175331,0.0346343,1600
0.0172496,0.0346502,1600
0.0172953,0.0420532,1600
0.0182377,0.0360019,1600
0.0178671,0.0364745,1600
0.0195668,0.0362257,1600
0.0196835,0.0353382,1600
0.0197293,0.0349198,1600
0.0173981,0.0353369,1600
0.0174426,0.0351489,1600
0.0173554,0.0351866,1600
0.0173459,0.0351664,1600
0.0175758,0.0361338,1600
0.017238,0.0360669,1600
0.017934,0.0365011,1600
0.0174513,0.0353546,1600
0.0172822,0.0352925,1600
0.0172047,0.0357139,1600
0.0174704,0.0358299,1600
0.0175635,0.0348301,1600
0.0200251,0.0348693,1600
0.0171532,0.0355781,1600
0.0174268,0.0367616,1600
0.0197483,0.0347775,1600
0.017067,0.0353786,1600
0.0180832,0.0356878,1600
0.0204389,0.03629,1610
0.0187761,0.0353411,1610
0.0176582,0.0355474,1610
0.0188365,0.0355098,1610
0.017502,0.0354543,1610
0.0176578,0.0362577,1610
0.0209211,0.0358156,1610
0.020025,0.0349799,1610
0.0175431,0.0353474,1610
0.0202398,0.0351163,1610
0.0236156,0.0352748,1610
0.0200557,0.0346139,1610
0.0217515,0.0396876,1610
0.0181057,0.0368018,1610
0.0200495,0.035601,1610
0.0176168,0.0367359,1610
0.0175275,0.0366531,1610
0.0181734,0.0352272,1610
0.0177415,0.0360865,1610
0.0175941,0.0352141,1610
0.0176373,0.0373803,1610
0.0198622,0.0356764,1610
0.0185083,0.0365525,1610
0.0194283,0.0353443,1610
0.0178466,0.0354687,1610
0.017592,0.0357025,1610
0.0199818,0.0356778,1610
0.0171209,0.0353166,1610
0.0177726,0.0350338,1610
0.0173035,0.0351698,1610
0.0177127,0.0352566,1610
0.0198874,0.0351435,1610
0.0180676,0.0364604,1620
0.0177806,0.0354882,1620
0.0207606,0.0358488,1620
0.0200265,0.0366366,1620
0.0178251,0.0361193,1620
0.0204515,0.0374933,1620
0.0185014,0.0359227,1620
0.017836,0.0359933,1620
0.0179122,0.0358012,1620
0.0176969,0.0356706,1620
0.0177919,0.0371306,1620
0.017609,0.0356361,1620
0.0202525,0.0390387,1620
0.0176722,0.0356214,1620
0.020348,0.0358059,1620
0.0174681,0.0412274,1620
0.0181676,0.0371731,1620
0.0210025,0.0365179,1620
0.0188994,0.0356981,1620
0.0178965,0.0363157,1620
0.0177386,0.0357672,1620
0.0176365,0.0360204,1620
0.0176434,0.0363798,1620
0.020486,0.039339,1620
0.0204614,0.0363887,1620
0.0207578,0.0355405,1620
0.0177161,0.035788,1620
0.0177884,0.035695,1620
0.0210336,0.0362069,1620
0.0175645,0.035983,1620
0.017962,0.0358853,1620
0.0176392,0.0356929,1620
0.0203605,0.0362606,1630
0.0201408,0.0367298,1630
0.0179652,0.0360015,1630
0.0182235,0.0358622,1630
0.0213367,0.0361824,1630
0.0184106,0.0382436,1630
0.0205809,0.0406232,1630
0.0196218,0.0406605,1630
0.0204593,0.0405856,1630
0.020696,0.0415529,1630
0.0222563,0.0417983,1630
0.0205746,0.0428739,1630
0.0226937,0.0432132,1630
0.0231856,0.0433961,1630
0.0207523,0.0418534,1630
0.021024,0.0418825,1630
0.0207357,0.0419993,1630
0.026615,0.0433993,1630
0.0221896,0.0426947,1630
0.0208205,0.0418245,1630
0.0202347,0.0408333,1630
0.0200635,0.041585,1630
0.0208245,0.03989,1630
0.0253155,0.0391687,1630
0.0191046,0.0387746,1630
0.0227051,0.0390152,1630
0.0190907,0.0385002,1630
0.0185078,0.0376082,1630
0.0244082,0.0383214,1630
0.0208234,0.0377713,1630
0.0186143,0.037411,1630
0.0183046,0.0394349,1630
0.0185269,0.0387991,1640
0.0244053,0.0368021,1640
0.0195039,0.0363344,1640
0.0194779,0.0370269,1640
0.0185848,0.0371003,1640
0.0181746,0.0364267,1640
0.0181003,0.0366886,1640
0.018067,0.0367798,1640
0.0183693,0.0373888,1640
0.0181377,0.037527,1640
0.0184948,0.0380277,1640
0.0186697,0.0369851,1640
0.0180682,0.0371771,1640
0.0180683,0.0371627,1640
0.0202699,0.0375189,1640
0.0208358,0.0366145,1640
0.0180254,0.0363786,1640
0.0194431,0.0367168,1640
0.0205413,0.0447432,1640
0.0238148,0.0416575,1640
0.0209251,0.044439,1640
0.0222894,0.0451809,1640
0.0225309,0.045442,1640
0.0222774,0.0451121,1640
0.0220857,0.0447615,1640
0.0265923,0.0457296,1640
0.0225373,0.0435491,1640
0.0216046,0.0441582,1640
0.0211434,0.0429269,1640
0.0207493,0.0421936,1640
0.0205386,0.0411362,1640
0.0201454,0.0406144,1640
0.0206751,0.0408315,1650
0.0201603,0.0403983,1650
0.0197129,0.0396099,1650
0.0199588,0.0399862,1650
0.0198083,0.0399341,1650
0.0199165,0.0400431,1650
0.0197885,0.0396258,1650
0.0197088,0.0398871,1650
0.0195049,0.0393968,1650
0.0216954,0.0386574,1650
0.0190581,0.0388121,1650
0.0191282,0.0395603,1650
0.0190142,0.038822,1650
0.0190305,0.0392138,1650
0.0250156,0.0386737,1650
0.0190543,0.0389401,1650
0.0191945,0.0385864,1650
0.0230599,0.0467848,1650
0.0188808,0.0385096,1650
0.0187585,0.0388566,1650
0.0192447,0.0381156,1650
0.0189424,0.0388731,1650
0.0191107,0.0382854,1650
0.0189012,0.0386926,1650
0.0190686,0.0385744,1650
0.0195456,0.038604,1650
0.0193977,0.0385507,1650
0.0226337,0.0385674,1650
0.0199957,0.0391386,1650
0.0188508,0.0379761,1650
0.0188957,0.0378916,1650
0.01894,0.0382175,1650
0.0249348,0.037856,1660
0.0248592,0.0381443,1660
0.0186789,0.0371502,1660
0.0183873,0.0382334,1660
0.019165,0.0386364,1660
0.0210994,0.038557,1660
0.0188881,0.0379561,1660
0.018884,0.0380402,1660
0.018682,0.0380672,1660
0.0188177,0.0393847,1660
0.021447,0.0399467,1660
0.0185615,0.0375155,1660
0.0203185,0.038628,1660
0.0212503,0.0381747,1660
0.0186136,0.0375491,1660
0.018693,0.0371539,1660
0.0185878,0.0374927,1660
0.0189702,0.0385895,1660
0.0191922,0.0400457,1660
0.0198143,0.038898,1660
0.019025,0.0402147,1660
0.0189912,0.0394238,1660
0.0193234,0.0387223,1660
0.0217025,0.0390782,1660
0.0252824,0.0383378,1660
0.0249991,0.0378126,1660
0.0211322,0.0382164,1660
0.0215869,0.0458615,1660
0.0233862,0.0487687,1660
0.0246573,0.0511029,1660
0.0262473,0.0468623,1660
0.0232078,0.0472425,1660
0.0244027,0.0510979,1670
0.0253906,0.0488559,1670
0.0245097,0.0570368,1670
0.0268088,0.0508365,1670
0.0244669,0.0492051,1670
0.0249619,0.0474089,1670
0.0231693,0.0472878,1670
0.0243281,0.0459381,1670
0.0218722,0.0448069,1670
0.0246012,0.0460081,1670
0.0231149,0.0442922,1670
0.0214031,0.0443405,1670
0.0217005,0.0732166,1670
0.0302907,0.0533199,1670
0.0237969,0.0505208,1670
0.0288037,0.0484621,1670
0.0238219,0.0469315,1670
0.0232944,0.0467861,1670
0.0232593,0.0447657,1670
0.022324,0.0449644,1670
0.022413,0.0446421,1670
0.0212791,0.0433081,1670
0.0213304,0.042969,1670
0.0207324,0.0424238,1670
0.0208664,0.0420048,1670
0.0222856,0.0424279,1670
0.0202099,0.0422092,1670
0.0202221,0.040774,1670
0.0200122,0.0407242,1670
0.0204898,0.0406138,1670
0.0199222,0.0406326,1670
0.0200294,0.0407361,1670
0.0222373,0.0411222,1680
0.0201843,0.0398847,1680
0.0224711,0.039721,1680
0.0204011,0.0405739,1680
0.0198395,0.0396874,1680
0.019755,0.0400426,1680
0.0196622,0.0400253,1680
0.0197425,0.0397938,1680
0.0198283,0.0437761,1680
0.0200708,0.0397154,1680
0.0210936,0.0401493,1680
0.019617,0.0397679,1680
0.0240956,0.0438675,1680
0.025061,0.0449976,1680
0.0217141,0.043048,1680
0.0212844,0.0424549,1680
0.0210989,0.0423072,1680
0.0211405,0.0425494,1680
0.022076,0.0420218,1680
0.0202656,0.0453279,1680
0.0267224,0.0431186,1680
0.0230945,0.0443626,1680
0.022717,0.0455036,1680
0.0288852,0.0601448,1680
0.0288003,0.0475746,1680
0.0232869,0.0469228,1680
0.0224437,0.0455007,1680
0.0225271,0.0450688,1680
0.023313,0.0440693,1680
0.0222981,0.0473671,1680
0.0221128,0.0426445,1680
0.021197,0.0431171,1680
0.0219946,0.0430391,1690
0.022594,0.0415553,1690
0.020285,0.0426647,1690
0.0216177,0.0414682,1690
0.0205977,0.0420026,1690
0.0202426,0.0400205,1690
0.0201158,0.0401957,1690
0.0203971,0.0404704,1690
0.0197821,0.0398762,1690
0.0199252,0.0424686,1690
0.0200933,0.0484707,1690
0.020507,0.0417933,1690
0.0212376,0.0412362,1690
0.0212233,0.0426521,1690
0.0199426,0.0400718,1690
0.0224753,0.0413851,1690
0.0206825,0.040123,1690
0.019669,0.0417995,1690
0.0207097,0.0401054,1690
0.0197492,0.0399113,1690
0.0203048,0.0401584,1690
0.01991,0.0407117,1690
0.0202379,0.0407032,1690
0.0198335,0.0419172,1690
0.0202124,0.041079,1690
0.020403,0.0404532,1690
0.0197263,0.0408959,1690
0.0199215,0.041613,1690
0.0199809,0.0414733,1690
0.0202994,0.0401042,1690
0.0199475,0.0407816,1690
0.020512,0.0402408,1690
0.0204847,0.0412689,1700
0.0207334,0.0408946,1700
0.0200118,0.0406109,1700
0.0203506,0.0409839,1700
0.0207104,0.0412491,1700
0.0195132,0.0408825,1700
0.0221194,0.0402563,1700
0.0204053,0.0411334,1700
0.0204627,0.0408232,1700
0.0202268,0.0410802,1700
0.0203527,0.0415818,1700
0.0214712,0.0409912,1700
0.0220513,0.0416738,1700
0.0208098,0.0418328,1700
0.0200734,0.0434355,1700
0.020159,0.0416018,1700
0.0200406,0.0406183,1700
0.0200613,0.0410816,1700
0.0202122,0.042589,1700
0.0209333,0.0413242,1700
0.0257509,0.0402651,1700
0.0199161,0.0403445,1700
0.0213034,0.0394415,1700
0.0202629,0.0411781,1700
0.0208534,0.0414957,1700
0.0219591,0.041185,1700
0.020048,0.0408022,1700
0.0212193,0.0398695,1700
0.0196399,0.0401481,1700
0.0200666,0.0406747,1700
0.0203924,0.0412278,1700
0.0202706,0.040845,1700
0.0208635,0.0421419,1710
0.0220362,0.0407538,1710
0.020022,0.0429484,1710
0.0205075,0.0426147,1710
0.019739,0.0402834,1710
0.0223245,0.0397914,1710
0.0216594,0.0406241,1710
0.0204476,0.0415818,1710
0.0200929,0.0422413,1710
0.02815,0.0430032,1710
0.0209979,0.0436267,1710
0.0203181,0.041414,1710
0.0205507,0.0417879,1710
0.0214504,0.0415475,1710
0.0204263,0.0410498,1710
0.0210689,0.0408321,1710
0.0204264,0.0416256,1710
0.0209445,0.0418813,1710
0.0228821,0.0439303,1710
0.0207346,0.0414509,1710
0.0205143,0.0419988,1710
0.0205499,0.0416873,1710
0.0207634,0.0423167,1710
0.0206122,0.0415089,1710
0.021666,0.0415369,1710
0.0218348,0.0413476,1710
0.0208732,0.0416119,1710
0.0208061,0.0416551,1710
0.0198657,0.0414815,1710
0.0228339,0.0426925,1710
0.0200211,0.0406493,1710
0.0204978,0.0409426,1710
0.0209751,0.0415197,1720
0.0205725,0.042334,1720
0.0207299,0.0416607,1720
0.0199294,0.0412313,1720
0.0253173,0.0404722,1720
0.0199927,0.0414724,1720
0.0204656,0.0432272,1720
0.0206565,0.0415355,1720
0.0294411,0.042875,1720
0.0211457,0.0429715,1720
0.0208474,0.0417493,1720
0.0206582,0.0422443,1720
0.0205267,0.0415372,1720
0.0207707,0.0416342,1720
0.0207398,0.0412949,1720
0.0209452,0.0432795,1720
0.0238401,0.0419398,1720
0.0230916,0.0430084,1720
0.0208467,0.041822,1720
0.0204257,0.0409163,1720
0.0201815,0.0420491,1720
0.0223595,0.0418517,1720
0.0208622,0.0414196,1720
0.0213882,0.0420952,1720
0.0204206,0.0421964,1720
0.025234,0.0483703,1720
0.021558,0.0468163,1720
0.021216,0.0431875,1720
0.021952,0.0430913,1720
0.0248929,0.0422217,1720
0.0208386,0.0435144,1720
0.0212714,0.0425843,1720
0.0225788,0.0429529,1730
0.0210666,0.0432732,1730
0.0229356,0.043698,1730
0.0211954,0.0445603,1730
0.0216993,0.0428007,1730
0.0209613,0.0425896,1730
0.0223557,0.0438071,1730
0.021442,0.0434121,1730
0.0238904,0.0440716,1730
0.021964,0.043277,1730
0.0218022,0.0443773,1730
0.0208869,0.0425967,1730
0.0210322,0.0425474,1730
0.0212948,0.0417433,1730
0.0209562,0.0421211,1730
0.020948,0.0433861,1730
0.0208183,0.041967,1730
0.020691,0.0423898,1730
0.0212399,0.0426578,1730
0.0229858,0.0430893,1730
0.0208127,0.0439291,1730
0.0206814,0.0427127,1730
0.0209167,0.0435872,1730
0.0210091,0.0425128,1730
0.0212015,0.0421205,1730
0.023919,0.0417952,1730
0.021017,0.0421692,1730
0.0209801,0.0422485,1730
0.02136,0.0424957,1730
0.0212718,0.0420766,1730
0.0210553,0.0417848,1730
0.0208561,0.0439391,1730
0.0223909,0.0424028,1740
0.0229836,0.0424384,1740
0.0215508,0.0426652,1740
0.0210964,0.0424893,1740
0.021024,0.0521478,1740
0.0238952,0.0429289,1740
0.0216224,0.0440493,1740
0.0268057,0.04543,1740
0.0239887,0.0468941,1740
0.0240577,0.0489843,1740
0.0240663,0.0494301,1740
0.0232675,0.0474556,1740
0.0250652,0.0454257,1740
0.0227851,0.0453958,1740
0.022734,0.0465139,1740
0.0246954,0.0439442,1740
0.0216132,0.0437955,1740
0.021605,0.0447049,1740
0.0222047,0.0447486,1740
0.0242607,0.0442186,1740
0.0221218,0.0440304,1740
0.0215521,0.0438047,1740
0.0211879,0.0435299,1740
0.0212422,0.0437939,1740
0.023708,0.043036,1740
0.0211085,0.0431175,1740
0.0211032,0.0465116,1740
0.0214824,0.0429239,1740
0.0211674,0.0430785,1740
0.0240937,0.0428789,1740
0.021529,0.0426909,1740
0.0211834,0.0426933,1740
0.0218149,0.0432338,1750
0.0233728,0.0441639,1750
0.0236473,0.0444188,1750
0.02176,0.0461381,1750
0.0213338,0.043417,1750
0.0214503,0.0430969,1750
0.0214357,0.0439525,1750
0.0214409,0.0433403,1750
0.0213758,0.043347,1750
0.0213379,0.0434352,1750
0.0217034,0.0437628,1750
0.0217238,0.044287,1750
0.0214619,0.0438603,1750
0.0213112,0.043803,1750
0.0241427,0.0435759,1750
0.021453,0.0443025,1750
0.0214346,0.0433111,1750
0.0213913,0.0439606,1750
0.0211931,0.043203,1750
0.0212658,0.0427681,1750
0.0216421,0.0434305,1750
0.0226581,0.0418547,1750
0.0208264,0.0428108,1750
0.0213885,0.0436228,1750
0.0230765,0.0416888,1750
0.0235815,0.0420401,1750
0.0215899,0.0437278,1750
0.0218208,0.0442322,1750
0.0255407,0.0425876,1750
0.0208101,0.0419132,1750
0.023072,0.0440151,1750
0.02201,0.0426383,1750
0.0221066,0.0448634,1760
0.0221977,0.0447771,1760
0.022107,0.0436196,1760
0.0216479,0.0443176,1760
0.0236688,0.0437646,1760
0.0224022,0.0435275,1760
0.0215986,0.0445774,1760
0.0247204,0.044807,1760
0.0231802,0.0434037,1760
0.021982,0.0437433,1760
0.0222109,0.0434292,1760
0.0217278,0.0438706,1760
0.0216929,0.0439486,1760
0.0217186,0.0437325,1760
0.0212825,0.0436696,1760
0.0228446,0.0438177,1760
0.0237032,0.0424707,1760
0.0236627,0.0419084,1760
0.0209445,0.0434718,1760
0.0211838,0.042034,1760
0.0210138,0.0427506,1760
0.0213856,0.0430855,1760
0.0212716,0.0445854,1760
0.0262384,0.042342,1760
0.0213909,0.0461594,1760
0.0238832,0.0430284,1760
0.0239255,0.0423915,1760
0.0209728,0.0426682,1760
0.0211781,0.0450717,1760
0.0212568,0.0439489,1760
0.0223669,0.0439062,1760
0.0221423,0.0431965,1760
0.0225921,0.044194,1770
0.0219493,0.0436567,1770
0.0218243,0.0443221,1770
0.0234157,0.0449274,1770
0.0216747,0.0443144,1770
0.0229561,0.043127,1770
0.0212155,0.0438356,1770
0.022421,0.0435679,1770
0.022184,0.044171,1770
0.0218562,0.0439649,1770
0.0212856,0.0435583,1770
0.0239739,0.0432137,1770
0.0213521,0.044964,1770
0.0219141,0.0436935,1770
0.0215473,0.0434313,1770
0.0239232,0.043272,1770
0.021361,0.0432869,1770
0.0213405,0.0432949,1770
0.0210237,0.0441263,1770
0.0237754,0.04414,1770
0.0220382,0.0434353,1770
0.0247495,0.0437153,1770
0.0213165,0.0443319,1770
0.021448,0.0435182,1770
0.0237207,0.0432243,1770
0.0223534,0.0442847,1770
0.0225114,0.0459848,1770
0.0228626,0.0452071,1770
0.0219989,0.0448949,1770
0.0219864,0.0438466,1770
0.0245895,0.0458623,1770
0.0219362,0.0441441,1770
0.0240012,0.0448723,1780
0.0221618,0.0441051,1780
0.0222677,0.0447177,1780
0.0244154,0.0456523,1780
0.0219448,0.0446962,1780
0.022469,0.0453578,1780
0.022542,0.04461,1780
0.0245212,0.0457567,1780
0.0223463,0.0445281,1780
0.0226863,0.0452073,1780
0.0221842,0.044543,1780
0.0221928,0.0459013,1780
0.023473,0.0445649,1780
0.0220741,0.0446358,1780
0.0221754,0.0462657,1780
0.0223651,0.0443392,1780
0.0222025,0.044945,1780
0.0220027,0.0446223,1780
0.0227932,0.0454286,1780
0.0214722,0.0437866,1780
0.0214765,0.0434593,1780
0.0241453,0.0443671,1780
0.0224334,0.0505678,1780
0.0223876,0.0445418,1780
0.0229514,0.0446932,1780
0.0231601,0.0447527,1780
0.0252826,0.0447697,1780
0.022321,0.0440234,1780
0.0221511,0.0446514,1780
0.0218799,0.046327,1780
0.0213987,0.0441978,1780
0.0212694,0.044485,1780
0.0228083,0.0450353,1790
0.0232758,0.0454457,1790
0.0222753,0.0453542,1790
0.0235374,0.044488,1790
0.0216017,0.0445041,1790
0.0241499,0.0445355,1790
0.021695,0.0443103,1790
0.0217628,0.0436898,1790
0.0220228,0.0443979,1790
0.0214825,0.0437621,1790
0.0226738,0.043638,1790
0.0217096,0.0441624,1790
0.0217246,0.0440661,1790
0.0221667,0.0451414,1790
0.0221319,0.0451804,1790
0.0226209,0.0449574,1790
0.0223233,0.043864,1790
0.0220222,0.043934,1790
0.0246667,0.043836,1790
0.0217177,0.0501838,1790
0.0252981,0.044987,1790
0.0224992,0.0449656,1790
0.0225144,0.0454023,1790
0.0227486,0.0453792,1790
0.0233993,0.0456369,1790
0.0225503,0.0447555,1790
0.0224092,0.0458651,1790
0.0217987,0.0453721,1790
0.0242208,0.043717,1790
0.022037,0.0447727,1790
0.0223326,0.0455087,1790
0.0233638,0.0437284,1790
0.0229114,0.0473938,1800
0.0228073,0.0455979,1800
0.0237898,0.0459223,1800
0.0227897,0.0458558,1800
0.022541,0.0450292,1800
0.0224989,0.0453067,1800
0.0221288,0.0451242,1800
0.0223225,0.0453815,1800
0.022299,0.0454996,1800
0.0225771,0.0456416,1800
0.0228413,0.0455035,1800
0.022598,0.046201,1800
0.0225708,0.0462312,1800
0.0225512,0.0454385,1800
0.0253156,0.0458534,1800
0.0223002,0.0452403,1800
0.0269079,0.0519257,1800
0.0234736,0.0459507,1800
0.0227779,0.0462581,1800
0.0234568,0.0454379,1800
0.0248377,0.0459898,1800
0.0228888,0.0454036,1800
0.0230719,0.0463572,1800
0.0225671,0.0459089,1800
0.0276576,0.047129,1800
0.0225619,0.0458365,1800
0.0229274,0.0464222,1800
0.0228797,0.0461591,1800
0.0225677,0.0468809,1800
0.0220526,0.044926,1800
0.0226042,0.0443217,1800
0.021697,0.0452455,1800
0.0238105,0.0451403,1810
0.0220929,0.0450142,1810
0.0221141,0.0447416,1810
0.0249825,0.0457653,1810
0.0223742,0.0447983,1810
0.022596,0.0451413,1810
0.0223756,0.0448643,1810
0.0223417,0.0454106,1810
0.0222014,0.0444954,1810
0.0222524,0.0443296,1810
0.0223927,0.0444826,1810
0.0252516,0.0445441,1810
0.0224813,0.0488062,1810
0.0229164,0.0466323,1810
0.0227834,0.0462912,1810
0.0227551,0.0464953,1810
0.0229849,0.0460743,1810
0.025438,0.0458794,1810
0.0219783,0.0442238,1810
0.0246504,0.0465318,1810
0.0223201,0.047174,1810
0.0225951,0.0465694,1810
0.0230289,0.0472401,1810
0.0227054,0.0446237,1810
0.0226794,0.0454695,1810
0.0240803,0.0453502,1810
0.0229292,0.0458974,1810
0.0230739,0.0457464,1810
0.0221513,0.0452187,1810
0.0220844,0.0448789,1810
0.0223852,0.0443863,1810
0.0248467,0.0445365,1810
0.0229208,0.0455361,1820
0.0226989,0.0465592,1820
0.0228149,0.0466929,1820
0.0229446,0.0472877,1820
0.0225005,0.0461755,1820
0.0227217,0.0452665,1820
0.024743,0.0459338,1820
0.0223695,0.0455392,1820
0.0243851,0.0459275,1820
0.0234199,0.0467078,1820
0.0256033,0.0463742,1820
0.0244073,0.0465717,1820
0.0230337,0.0490461,1820
0.0232258,0.0459892,1820
0.0225858,0.045407,1820
0.0228679,0.0464653,1820
0.0230033,0.0465423,1820
0.0241666,0.0470141,1820
0.0251029,0.0719437,1820
0.0326552,0.050232,1820
0.024265,0.0538142,1820
0.0237704,0.0484634,1820
0.0241738,0.0481296,1820
0.0238345,0.0472416,1820
0.0257308,0.0466256,1820
0.0258493,0.0469673,1820
0.0235807,0.0468991,1820
0.0232903,0.0469594,1820
0.0233618,0.0467537,1820
0.0259837,0.0487759,1820
0.0250603,0.0459006,1820
0.0224144,0.0459031,1820
0.0231659,0.0457343,1830
0.0228321,0.0460705,1830
0.0229568,0.0464945,1830
0.0233082,0.0545095,1830
0.0237701,0.0484926,1830
0.0231762,0.0466236,1830
0.0233497,0.0479225,1830
0.0256404,0.0475969,1830
0.0234337,0.04722,1830
0.0233227,0.0482241,1830
0.0240284,0.0474895,1830
0.0237355,0.047151,1830
0.0260972,0.0475386,1830
0.0274314,0.0458388,1830
0.0226655,0.0453498,1830
0.0229498,0.046403,1830
0.0235505,0.0470393,1830
0.0228896,0.0455001,1830
0.0227793,0.0472774,1830
0.0253544,0.0466385,1830
0.0253757,0.0450926,1830
0.0228234,0.0464013,1830
0.0226824,0.0458829,1830
0.0228336,0.0456719,1830
0.0226735,0.0458357,1830
0.0229489,0.0457651,1830
0.023155,0.0453164,1830
0.0229275,0.0458206,1830
0.0252843,0.04635,1830
0.0227009,0.0470026,1830
0.0247458,0.0458108,1830
0.025087,0.051579,1830
0.0247177,0.0489122,1840
0.0237864,0.0469497,1840
0.0262796,0.0478931,1840
0.0235938,0.0473644,1840
0.0231367,0.0469432,1840
0.0230938,0.0469596,1840
0.0243596,0.0470921,1840
0.0267058,0.049276,1840
0.0233571,0.0462043,1840
0.0228888,0.0478017,1840
0.0257341,0.0460221,1840
0.0233064,0.0471036,1840
0.0230172,0.0460739,1840
0.0228282,0.0463134,1840
0.025737,0.0457211,1840
0.0232346,0.047191,1840
0.0229479,0.0460692,1840
0.0232004,0.0461284,1840
0.0231586,0.0463655,1840
0.0230918,0.0470975,1840
0.0264036,0.0460554,1840
0.0233285,0.0463582,1840
0.023085,0.0460251,1840
0.0241631,0.0468332,1840
0.0229058,0.0463794,1840
0.0233274,0.0481404,1840
0.0253993,0.048152,1840
0.0291352,0.0475214,1840
0.0255919,0.0474821,1840
0.0302737,0.0510096,1840
0.0231239,0.0482057,1840
0.0235394,0.0461584,1840
0.0240504,0.0470838,1850
0.0249763,0.0505794,1850
0.0266732,0.0478832,1850
0.0238648,0.0479138,1850
0.024104,0.0482415,1850
0.0233637,0.0465229,1850
0.0238836,0.0479983,1850
0.0258919,0.0473228,1850
0.022936,0.0463091,1850
0.0254263,0.048504,1850
0.0233522,0.0464837,1850
0.0233269,0.0466745,1850
0.0260195,0.0489942,1850
0.0232741,0.0470026,1850
0.0230879,0.0470436,1850
0.0251093,0.0468327,1850
0.023654,0.047278,1850
0.0261733,0.046822,1850
0.026014,0.0466645,1850
0.0258438,0.0465462,1850
0.0252719,0.0472471,1850
0.0231001,0.0498094,1850
0.0239461,0.048615,1850
0.0238981,0.048601,1850
0.0241145,0.0485236,1850
0.0240363,0.048388,1850
0.0242734,0.0480442,1850
0.0258027,0.049916,1850
0.0246295,0.0476469,1850
0.0230438,0.0480784,1850
0.0233714,0.0473683,1850
0.0237644,0.0473641,1850
0.0240829,0.0497076,1860
0.0239101,0.0487116,1860
0.0261093,0.0473801,1860
0.0232068,0.0479693,1860
0.023791,0.0486232,1860
0.0234313,0.0475699,1860
0.0256705,0.0480683,1860
0.0239878,0.0475603,1860
0.0261282,0.0470308,1860
0.0253319,0.0478865,1860
0.0298233,0.0469126,1860
0.0239185,0.046536,1860
0.0234114,0.0491488,1860
0.0233524,0.0488911,1860
0.0236945,0.0469037,1860
0.0236844,0.0468266,1860
0.0237357,0.0518905,1860
0.0245499,0.0488069,1860
0.0243542,0.0487939,1860
0.0250559,0.0473075,1860
0.0233811,0.047147,1860
0.0234218,0.0469373,1860
0.0236946,0.0476456,1860
0.0248432,0.0489987,1860
0.0239498,0.0476581,1860
0.023995,0.0475917,1860
0.0235468,0.0472076,1860
0.0234302,0.0491354,1860
0.0245397,0.0481374,1860
0.0235035,0.0468691,1860
0.0235509,0.0470372,1860
0.0239193,0.0504751,1860
0.0283739,0.0483935,1870
0.0237361,0.0489235,1870
0.0239566,0.047973,1870
0.0250145,0.0475959,1870
0.0250488,0.0490971,1870
0.0237485,0.0484057,1870
0.0247122,0.0479792,1870
0.0250744,0.0480286,1870
0.0237652,0.0485686,1870
0.0237239,0.0472789,1870
0.0252769,0.0476992,1870
0.0262368,0.0525688,1870
0.0244822,0.0487627,1870
0.0256658,0.051808,1870
0.0239912,0.0481606,1870
0.0239483,0.0478811,1870
0.0237472,0.0493267,1870
0.0265752,0.0516459,1870
0.0312872,0.0516431,1870
0.0279322,0.0513641,1870
0.0248042,0.0495119,1870
0.0251591,0.0542585,1870
0.0251423,0.0504202,1870
0.0269316,0.0495479,1870
0.030596,0.0489495,1870
0.0271267,0.0492846,1870
0.0238277,0.0497688,1870
0.02485,0.0491029,1870
0.0249209,0.0510613,1870
0.0240935,0.0573101,1870
0.0247479,0.0492222,1870
0.0241129,0.0479606,1870
0.0253512,0.050272,1880
0.026334,0.0483069,1880
0.0247217,0.0488846,1880
0.0242092,0.0483168,1880
0.0261778,0.0478768,1880
0.024095,0.0541774,1880
0.0250454,0.0497351,1880
0.0276673,0.0508828,1880
0.0250054,0.0496749,1880
0.0267177,0.0478922,1880
0.024177,0.0499372,1880
0.0249295,0.050617,1880
0.0245641,0.0490111,1880
0.0268049,0.0481802,1880
0.0242583,0.0489243,1880
0.027668,0.0485227,1880
0.0242549,0.0488789,1880
0.0243654,0.0495745,1880
0.0255779,0.0486584,1880
0.0242666,0.0487639,1880
0.0241336,0.049393,1880
0.0239832,0.049334,1880
0.0240458,0.0480809,1880
0.0271541,0.0485361,1880
0.0240374,0.0485356,1880
0.0239535,0.0482444,1880
0.0239816,0.0489029,1880
0.0240657,0.0484347,1880
0.0242968,0.0481018,1880
0.0241532,0.0483422,1880
0.0238849,0.0476902,1880
0.0242817,0.0492916,1880
0.0334364,0.0503225,1890
0.0256991,0.0543493,1890
0.0302534,0.0526809,1890
0.0270402,0.0526895,1890
0.0255308,0.0510987,1890
0.0278675,0.0509554,1890
0.0253235,0.051131,1890
0.0250453,0.0521371,1890
0.0250813,0.0514281,1890
0.0256065,0.0502809,1890
0.0250748,0.0501242,1890
0.0244691,0.0495339,1890
0.0270756,0.0487407,1890
0.024351,0.0494725,1890
0.0265563,0.0488672,1890
0.0244951,0.0487285,1890
0.0244096,0.0506523,1890
0.0246014,0.0510495,1890
0.024488,0.0488211,1890
0.0241895,0.0490118,1890
0.0243495,0.0491442,1890
0.0245301,0.0542254,1890
0.0274662,0.0538155,1890
0.0260772,0.0509408,1890
0.0254227,0.0504912,1890
0.0257126,0.0536866,1890
0.0278447,0.0534313,1890
0.0258294,0.0550442,1890
0.0259627,0.0531922,1890
0.0262303,0.0563197,1890
0.0256893,0.0521637,1890
0.0250887,0.0509844,1890
0.0251493,0.0511058,1900
0.0255146,0.0517446,1900
0.0312995,0.0510698,1900
0.0256869,0.0528102,1900
0.0255895,0.0506074,1900
0.0248042,0.0487183,1900
0.0243619,0.0503531,1900
0.0274029,0.0492555,1900
0.0272296,0.049035,1900
0.0249357,0.0507381,1900
0.0246074,0.0507557,1900
0.0246935,0.0491199,1900
0.0270162,0.0527886,1900
0.0243877,0.0490749,1900
0.0246641,0.0492773,1900
0.0248042,0.0493787,1900
0.0247157,0.0493141,1900
0.027296,0.0497563,1900
0.0247746,0.0545596,1900
0.0288631,0.0509209,1900
0.0306527,0.049228,1900
0.0246779,0.0496045,1900
0.0248752,0.0500793,1900
0.0282641,0.0511823,1900
0.024331,0.0491067,1900
0.0249285,0.0487559,1900
0.0248688,0.0498659,1900
0.0253792,0.0513369,1900
0.0249744,0.0507893,1900
0.0246518,0.0499942,1900
0.0268516,0.0494787,1900
0.024755,0.049469,1900
0.0253943,0.0494419,1910
0.0247613,0.050489,1910
0.0256235,0.0505089,1910
0.0256368,0.0519147,1910
0.0255311,0.0504019,1910
0.0250142,0.04987,1910
0.0248759,0.0506596,1910
0.0250623,0.0507371,1910
0.0256307,0.0514084,1910
0.0258477,0.0514051,1910
0.0247492,0.0519761,1910
0.0249373,0.0549098,1910
0.0274682,0.0519499,1910
0.0274724,0.0525209,1910
0.0280877,0.0510453,1910
0.0253944,0.0522599,1910
0.0257587,0.0536744,1910
0.0258063,0.0517306,1910
0.0256424,0.0518218,1910
0.0257466,0.0512285,1910
0.0278601,0.0509417,1910
0.0247838,0.0530799,1910
0.0250803,0.0514386,1910
0.0254956,0.0516683,1910
0.0247279,0.0492105,1910
0.0251005,0.0503387,1910
0.0254997,0.0512057,1910
0.0260861,0.0512263,1910
0.0254308,0.0527718,1910
0.0272257,0.0506667,1910
0.0247758,0.0497922,1910
0.028059,0.0498025,1910
0.0277239,0.0506808,1920
0.0274735,0.0516393,1920
0.0252517,0.0507894,1920
0.0254676,0.0509675,1920
0.025281,0.0514961,1920
0.0252292,0.0518235,1920
0.0259725,0.0516347,1920
0.0261183,0.0533503,1920
0.0261853,0.0553535,1920
0.0312629,0.0584354,1920
0.0272621,0.0578859,1920
0.0268671,0.0530926,1920
0.0292122,0.0532939,1920
0.0284878,0.053138,1920
0.0262632,0.0512934,1920
0.0260406,0.0548438,1920
0.0284278,0.0537235,1920
0.0259145,0.0531388,1920
0.0278735,0.0512093,1920
0.0258602,0.0511429,1920
0.0298422,0.0547247,1920
0.025699,0.0506298,1920
0.0256717,0.0501059,1920
0.0276989,0.0521836,1920
0.0310411,0.0502943,1920
0.0255711,0.0499462,1920
0.0252546,0.0500221,1920
0.0252475,0.0502274,1920
0.0254172,0.0500489,1920
0.025172,0.0508172,1920
0.0252178,0.0530844,1920
0.0260263,0.0523578,1920
0.0260397,0.0534253,1930
0.0263896,0.0545696,1930
0.0286847,0.0527571,1930
0.0260245,0.0525913,1930
0.0272916,0.0528075,1930
0.0265505,0.0534934,1930
0.0288411,0.0536039,1930
0.0277914,0.058246,1930
0.0256139,0.0508694,1930
0.0254624,0.0506125,1930
0.0276461,0.0517402,1930
0.025414,0.0508656,1930
0.0255159,0.051037,1930
0.0256527,0.052314,1930
0.0259505,0.0510996,1930
0.0279727,0.0504278,1930
0.0256019,0.0507092,1930
0.0252934,0.052289,1930
0.0257026,0.051004,1930
0.0284826,0.05117,1930
0.0258362,0.0507876,1930
0.0253554,0.0513606,1930
0.0254602,0.0505661,1930
0.0280226,0.0598517,1930
0.0259942,0.0527373,1930
0.026506,0.0530746,1930
0.0265457,0.0608191,1930
0.0278805,0.0567011,1930
0.0284508,0.0595508,1930
0.0322697,0.0645066,1930
0.033175,0.0637914,1930
0.0325445,0.0650599,1930
0.0339471,0.0613907,1940
0.0334042,0.0593326,1940
0.0293451,0.0627302,1940
0.0282525,0.056275,1940
0.0298873,0.056832,1940
0.0281583,0.0545822,1940
0.0270623,0.0551204,1940
0.0273767,0.0547939,1940
0.0292881,0.052597,1940
0.0263716,0.0529041,1940
0.0264284,0.0525016,1940
0.0264785,0.0534308,1940
0.0289944,0.0535952,1940
0.0255667,0.0511689,1940
0.0326475,0.0542987,1940
0.0263554,0.0536951,1940
0.0284215,0.0532392,1940
0.0287629,0.0532815,1940
0.0263515,0.053868,1940
0.0266595,0.0533278,1940
0.0277647,0.0528457,1940
0.0281423,0.051627,1940
0.02802,0.0511068,1940
0.0258666,0.0516147,1940
0.0257442,0.0516006,1940
0.0261609,0.0527389,1940
0.0266893,0.052343,1940
0.0261255,0.0517329,1940
0.0277716,0.0531983,1940
0.0254439,0.0511791,1940
0.0259505,0.0511612,1940
0.0256892,0.051517,1940
0.026001,0.0535702,1950
0.0267971,0.0531611,1950
0.0262606,0.0519734,1950
0.0254694,0.0522806,1950
0.0258459,0.0526635,1950
0.0285974,0.0517002,1950
0.0268137,0.0540946,1950
0.0295479,0.0539716,1950
0.027023,0.0564867,1950
0.0267449,0.0540411,1950
0.029164,0.0534383,1950
0.0283285,0.0526693,1950
0.0259668,0.0538439,1950
0.0287474,0.0520961,1950
0.0258856,0.0532848,1950
0.0283363,0.0517977,1950
0.0256313,0.0538366,1950
0.0262208,0.0521511,1950
0.0258306,0.0531835,1950
0.0258016,0.051815,1950
0.0261332,0.0520505,1950
0.0259961,0.0525574,1950
0.0258496,0.0529839,1950
0.0321031,0.0522772,1950
0.0258642,0.0518621,1950
0.0286876,0.0529954,1950
0.0284894,0.0518042,1950
0.0259775,0.0523274,1950
0.0257948,0.0519694,1950
0.0261372,0.0517014,1950
0.0279855,0.0514657,1950
0.0274616,0.0530878,1950
0.0290925,0.0549517,1960
0.0310644,0.0558537,1960
0.027198,0.0543077,1960
0.0271838,0.0545045,1960
0.0265609,0.0542312,1960
0.0289272,0.0537266,1960
0.0276401,0.0519223,1960
0.0290397,0.0527229,1960
0.0262579,0.05305,1960
0.0263239,0.0524544,1960
0.0266097,0.0563857,1960
0.026132,0.0522425,1960
0.0260067,0.0542509,1960
0.0263832,0.0520024,1960
0.0263725,0.0520304,1960
0.0261171,0.0528671,1960
0.0275009,0.054673,1960
0.0262883,0.0528066,1960
0.0263313,0.0521981,1960
0.0264394,0.0534902,1960
0.0287986,0.0523457,1960
0.0263063,0.0530886,1960
0.0263712,0.0526033,1960
0.0269,0.0537638,1960
0.027252,0.055862,1960
0.0276475,0.0541552,1960
0.02858,0.0558927,1960
0.0269623,0.0540037,1960
0.0299052,0.054869,1960
0.0267383,0.052816,1960
0.026624,0.0526574,1960
0.0265752,0.0525108,1960
0.0268662,0.0529835,1970
0.0263367,0.0530312,1970
0.0262975,0.0544851,1970
0.0297562,0.0569032,1970
0.0275852,0.0544495,1970
0.0268154,0.0530713,1970
0.0263918,0.0525998,1970
0.02651,0.0536126,1970
0.032509,0.0536556,1970
0.0261595,0.0527446,1970
0.0286155,0.0533106,1970
0.0266598,0.0534571,1970
0.0269146,0.0527007,1970
0.0268721,0.0569718,1970
0.0268034,0.0537364,1970
0.0267371,0.0545777,1970
0.0283259,0.0552326,1970
0.0273865,0.055196,1970
0.0272441,0.0543638,1970
0.0270582,0.0547836,1970
0.0303159,0.0544952,1970
0.0273588,0.0573641,1970
0.0271516,0.0523208,1970
0.0265781,0.0541469,1970
0.0270506,0.0556378,1970
0.0293951,0.0532868,1970
0.0292449,0.053327,1970
0.0289642,0.0535037,1970
0.0266674,0.0524684,1970
0.0261952,0.0557226,1970
0.027644,0.0526773,1970
0.0267492,0.0527482,1970
0.0274929,0.0550814,1980
0.0269226,0.054253,1980
0.0269349,0.0539478,1980
0.0299893,0.0536406,1980
0.0271397,0.052773,1980
0.0283155,0.0537367,1980
0.026621,0.053419,1980
0.0270252,0.0630372,1980
0.0299294,0.0576554,1980
0.0278124,0.0555342,1980
0.0271115,0.0534665,1980
0.0313845,0.0537215,1980
0.0271297,0.0533795,1980
0.026862,0.0537332,1980
0.0271794,0.0542853,1980
0.0266744,0.0674024,1980
0.033365,0.0628689,1980
0.0311809,0.0606009,1980
0.03088,0.05923,1980
0.0295551,0.0608868,1980
0.0302518,0.0571507,1980
0.0283676,0.0602779,1980
0.0300312,0.0643135,1980
0.0574986,0.0596395,1980
0.02931,0.0590845,1980
0.0291008,0.0572759,1980
0.028178,0.0569811,1980
0.0283319,0.0572879,1980
0.0280086,0.0550484,1980
0.0290273,0.0573489,1980
0.0285981,0.0574179,1980
0.0282931,0.0574234,1980
0.0291239,0.0586662,1990
0.0286799,0.0576513,1990
0.0281896,0.0560824,1990
0.0280127,0.056624,1990
0.0307789,0.0560919,1990
0.0280714,0.0562153,1990
0.0288876,0.0551586,1990
0.0274502,0.0547709,1990
0.0296367,0.0547008,1990
0.0294677,0.0544116,1990
0.0270015,0.0549723,1990
0.0274384,0.0551678,1990
0.0268378,0.054258,1990
0.0300224,0.0543108,1990
0.0273131,0.0542579,1990
0.0271248,0.0545685,1990
0.0267973,0.0553945,1990
0.0273109,0.0549376,1990
0.0272378,0.0572877,1990
0.0270195,0.0541748,1990
0.0272507,0.055052,1990
0.0312388,0.0608954,1990
0.028843,0.0555632,1990
0.0305281,0.055978,1990
0.03368,0.0563499,1990
0.0282357,0.0557848,1990
0.0302246,0.0580189,1990
0.0286086,0.0535857,1990
0.027451,0.0552628,1990
0.02679,0.0537377,1990
0.0271397,0.0549945,1990
0.0270439,0.0539454,1990
0.0339631,0.0575215,2000
0.0283263,0.0549878,2000
0.0272,0.0543338,2000
0.0273059,0.0543998,2000
0.0300343,0.0544735,2000
0.0271821,0.0551514,2000
0.0275716,0.0546763,2000
0.0276623,0.0570498,2000
0.0302832,0.057564,2000
0.0280351,0.0562853,2000
0.0305999,0.0579486,2000
0.0286489,0.0567659,2000
0.0485473,0.0648001,2000
0.0322683,0.0633202,2000
0.033423,0.0628101,2000
0.0322289,0.0608435,2000
0.0311732,0.0592953,2000
0.0290694,0.0591849,2000
0.0317706,0.0609929,2000
0.0282504,0.0565101,2000
0.0282833,0.0571463,2000
0.0281337,0.0565296,2000
0.0285035,0.056496,2000
0.0290441,0.0566522,2000
0.0280804,0.05732,2000
0.0283151,0.0571839,2000
0.0285406,0.0643045,2000
0.0307276,0.0584007,2000
0.031167,0.0597266,2000
0.0307783,0.0566523,2000
0.0306324,0.0557729,2000
0.0280629,0.056183,2000
0.0288642,0.0571319,2010
0.0317775,0.0569914,2010
0.0417522,0.059356,2010
0.0296358,0.0594223,2010
0.0283605,0.0584695,2010
0.0283929,0.0577216,2010
0.0287705,0.0569497,2010
0.0281577,0.0590916,2010
0.0290624,0.0570223,2010
0.0312642,0.0573109,2010
0.0282977,0.0567056,2010
0.0288398,0.057001,2010
0.0286595,0.058543,2010
0.0283838,0.057788,2010
0.0300263,0.0558361,2010
0.0275795,0.0551567,2010
0.0278784,0.0570248,2010
0.0279907,0.0584764,2010
0.0275019,0.0550628,2010
0.0279882,0.0548132,2010
0.0273827,0.055347,2010
0.0295641,0.0557646,2010
0.0272632,0.0549108,2010
0.027926,0.0565388,2010
0.0276504,0.0568265,2010
0.0340425,0.0566571,2010
0.0284237,0.0611501,2010
0.0285721,0.0572298,2010
0.0311331,0.0571411,2010
0.0284949,0.0568531,2010
0.0308701,0.0597055,2010
0.0307798,0.0548073,2010
0.0282029,0.0590446,2020
0.0286719,0.0574604,2020
0.0279349,0.0570631,2020
0.0306733,0.0552798,2020
0.0279222,0.057699,2020
0.0280024,0.056907,2020
0.0282269,0.0575093,2020
0.0287554,0.0587345,2020
0.0304073,0.0577591,2020
0.0278821,0.0552386,2020
0.0280573,0.056215,2020
0.0279824,0.0561697,2020
0.0285198,0.0561482,2020
0.0275664,0.05619,2020
0.0295055,0.0558602,2020
0.0306253,0.0582446,2020
0.0287205,0.0572659,2020
0.028667,0.0574666,2020
0.02927,0.0569623,2020
0.0285373,0.0591706,2020
0.0303929,0.0549801,2020
0.0275808,0.0553642,2020
0.0276785,0.0563313,2020
0.0282097,0.0570969,2020
0.0277247,0.0567375,2020
0.0281206,0.0582238,2020
0.0283146,0.0581074,2020
0.0280476,0.0558765,2020
0.0294328,0.0558336,2020
0.0280429,0.0578616,2020
0.0279879,0.0554193,2020
0.0279265,0.0556324,2020
0.0284248,0.0587717,2030
0.0321548,0.0574815,2030
0.0314618,0.0578941,2030
0.0291612,0.0578767,2030
0.029521,0.0605039,2030
0.0279395,0.0586569,2030
0.0293343,0.0592787,2030
0.0321854,0.0610688,2030
0.029691,0.0582587,2030
0.0296083,0.0578157,2030
0.0289407,0.0585807,2030
0.0310417,0.057826,2030
0.0294423,0.0586329,2030
0.0282364,0.0579855,2030
0.032118,0.0562461,2030
0.0311162,0.0578769,2030
0.0282417,0.0574047,2030
0.0280559,0.0572663,2030
0.0285555,0.0565288,2030
0.0280916,0.057533,2030
0.0283704,0.0565656,2030
0.0314028,0.0572355,2030
0.0311039,0.0561167,2030
0.028605,0.0563331,2030
0.029613,0.0562567,2030
0.0283528,0.0582758,2030
0.0283606,0.0603003,2030
0.0316298,0.0580375,2030
0.0393705,0.0624544,2030
0.0318591,0.06238,2030
0.0341822,0.0601636,2030
0.0306485,0.0597202,2030
0.0310142,0.0606378,2040
0.0319379,0.0582522,2040
0.0294763,0.0590655,2040
0.0296945,0.0590865,2040
0.0294285,0.0592192,2040
0.0317254,0.0597222,2040
0.0301108,0.0568691,2040
0.0355593,0.056888,2040
0.0294874,0.0572874,2040
0.0289893,0.0577275,2040
0.0305729,0.0599555,2040
0.0310197,0.0575579,2040
0.0298587,0.0570642,2040
0.027442,0.0567699,2040
0.0284748,0.0564595,2040
0.0307595,0.0554142,2040
0.0278814,0.0601617,2040
0.028777,0.0567681,2040
0.0282966,0.0570242,2040
0.0293811,0.05851,2040
0.0334689,0.0582345,2040
0.0291934,0.0595611,2040
0.0298865,0.056647,2040
0.0286649,0.0571864,2040
0.0290056,0.0571183,2040
0.0292714,0.0583471,2040
0.0308116,0.0582269,2040
0.0286197,0.0583069,2040
0.0332912,0.0590758,2040
0.0286114,0.0574535,2040
0.0314597,0.0561695,2040
0.0285723,0.0575156,2040
0.0300706,0.0571819,2050
0.0302115,0.0573798,2050
0.0303132,0.0579148,2050
0.0284759,0.0575793,2050
0.0287947,0.05806,2050
0.0287823,0.0573659,2050
0.0288104,0.0577885,2050
0.0286602,0.0574348,2050
0.0288558,0.0583135,2050
0.029244,0.0662197,2050
0.0307568,0.0603047,2050
0.0314412,0.0613646,2050
0.0297798,0.0593294,2050
0.0291583,0.0577382,2050
0.0315942,0.0574447,2050
0.0290093,0.059621,2050
0.0289745,0.0592172,2050
0.0291866,0.0591168,2050
0.0291717,0.0588175,2050
0.0289574,0.0570477,2050
0.0289682,0.058537,2050
0.032348,0.0583577,2050
0.0308049,0.0572531,2050
0.028799,0.057159,2050
0.0287137,0.0567185,2050
0.0286884,0.0581431,2050
0.0284981,0.0574813,2050
0.0287851,0.0581865,2050
0.0290933,0.0584502,2050
0.0300471,0.0586837,2050
0.0292619,0.0580717,2050
0.0286873,0.0590099,2050
0.0306899,0.0607001,2060
0.0297642,0.05978,2060
0.0300448,0.0601137,2060
0.0303217,0.0599192,2060
0.0303558,0.0604802,2060
0.0321306,0.0601242,2060
0.0292672,0.059433,2060
0.0318678,0.058509,2060
0.0295813,0.0578064,2060
0.0294749,0.0590758,2060
0.0294332,0.0591607,2060
0.0297929,0.0595627,2060
0.0287572,0.05799,2060
0.031471,0.0588463,2060
0.0293292,0.0571372,2060
0.0287511,0.05865,2060
0.0290014,0.0577448,2060
0.0295785,0.0580342,2060
0.0304248,0.0590834,2060
0.0304411,0.0627432,2060
0.0289807,0.0600497,2060
0.037748,0.0711996,2060
0.035939,0.0689146,2060
0.0382826,0.0701962,2060
0.0359841,0.0709012,2060
0.0438172,0.0688403,2060
0.035809,0.0666455,2060
0.0330557,0.0643025,2060
0.0328638,0.0655325,2060
0.0315272,0.0633224,2060
0.0318997,0.0624031,2060
0.0341565,0.063475,2060
0.0316866,0.0626304,2070
0.0316477,0.0609274,2070
0.0332071,0.0603885,2070
0.0329213,0.061073,2070
0.0303755,0.0609355,2070
0.0308127,0.0612979,2070
0.0304024,0.0616339,2070
0.0304795,0.0618593,2070
0.0306337,0.0617793,2070
0.0305288,0.0663735,2070
0.0313747,0.0630329,2070
0.0367992,0.0609049,2070
0.0341271,0.0607232,2070
0.0308925,0.0598713,2070
0.0316331,0.0631894,2070
0.0378126,0.066374,2070
0.0434554,0.0689137,2070
0.041172,0.0904248,2070
0.0359246,0.0794914,2070
0.037375,0.075277,2070
0.0381501,0.0756257,2070
0.0363639,0.0714779,2070
0.0349369,0.0689015,2070
0.0365593,0.0683769,2070
0.0338853,0.0656992,2070
0.0338033,0.0636646,2070
0.031516,0.0625888,2070
0.0314607,0.0620943,2070
0.0315655,0.0639866,2070
0.0324674,0.0630722,2070
0.0311161,0.0634361,2070
0.0315999,0.0628158,2070
0.0319411,0.0635442,2080
0.0308017,0.0639563,2080
0.0306054,0.0619713,2080
0.0328458,0.0612692,2080
0.0303742,0.0622329,2080
0.0335289,0.0641778,2080
0.0363385,0.0621689,2080
0.0319861,0.0629558,2080
0.0322368,0.0609363,2080
0.0323977,0.0612008,2080
0.0307067,0.0605992,2080
0.0317688,0.0616846,2080
0.0307874,0.0631675,2080
0.0309366,0.0607407,2080
0.031398,0.0621083,2080
0.0431697,0.0615386,2080
0.030106,0.0602294,2080
0.0296361,0.0611141,2080
0.0334793,0.061868,2080
0.0311236,0.0612847,2080
0.0310754,0.0621816,2080
0.0308966,0.0615581,2080
0.0333633,0.0613075,2080
0.0319947,0.063879,2080
0.0307555,0.0618424,2080
0.0306036,0.0610689,2080
0.0300043,0.0610448,2080
0.0311284,0.0614061,2080
0.0307746,0.0629602,2080
0.0319457,0.0623178,2080
0.0334122,0.0613571,2080
0.0318661,0.0609412,2080
0.0316086,0.0618064,2090
0.030851,0.0616359,2090
0.0313399,0.0665707,2090
0.0336658,0.0699396,2090
0.037649,0.072078,2090
0.0374695,0.0756653,2090
0.0496053,0.0759727,2090
0.0369117,0.0697765,2090
0.0356194,0.070067,2090
0.0375285,0.0676927,2090
0.035375,0.0656066,2090
0.0331065,0.0635853,2090
0.032624,0.0635599,2090
0.0320507,0.0653867,2090
0.0318121,0.0633723,2090
0.0314473,0.0631962,2090
0.0312363,0.0626353,2090
0.0311202,0.061551,2090
0.0314145,0.0630745,2090
0.0309956,0.0619901,2090
0.0321301,0.0616708,2090
0.0310516,0.0625645,2090
0.0312483,0.0618319,2090
0.0309304,0.061268,2090
0.0316731,0.061905,2090
0.030593,0.0610487,2090
0.0351205,0.0700226,2090
0.0310571,0.0633432,2090
0.030937,0.0622977,2090
0.0316337,0.062417,2090
0.0319919,0.0613532,2090
0.0310248,0.061977,2090
0.0318351,0.0623736,2100
0.0314646,0.0622934,2100
0.0317375,0.0631836,2100
0.0314363,0.0628473,2100
0.0314729,0.0622153,2100
0.0315777,0.063537,2100
0.0313134,0.0632025,2100
0.0314757,0.062186,2100
0.0314233,0.0623597,2100
0.0404947,0.0668553,2100
0.0335268,0.0643276,2100
0.0321798,0.063706,2100
0.0324984,0.0623374,2100
0.0322455,0.0646443,2100
0.0316438,0.0678544,2100
0.0345336,0.0645628,2100
0.0331864,0.0633116,2100
0.0315387,0.0622651,2100
0.0339354,0.0619388,2100
0.0312627,0.0626902,2100
0.0312709,0.0634247,2100
0.033904,0.0625396,2100
0.0313199,0.061967,2100
0.0317802,0.0626197,2100
0.0330539,0.0606908,2100
0.0314451,0.0601144,2100
0.0317504,0.0603274,2100
0.0302656,0.0604605,2100
0.0305834,0.0604846,2100
0.0307821,0.0598512,2100
0.0307011,0.0620442,2100
0.0338195,0.0624228,2100
0.0342609,0.0639178,2110
0.0305328,0.0636284,2110
0.031341,0.0630767,2110
0.0304004,0.0704114,2110
0.0319335,0.063158,2110
0.0317507,0.0634139,2110
0.0337494,0.0631147,2110
0.0317477,0.063402,2110
0.0314689,0.0632451,2110
0.0329691,0.0628758,2110
0.0314188,0.0640783,2110
0.0316045,0.0629412,2110
0.031324,0.0630804,2110
0.0317835,0.063761,2110
0.0309633,0.0631676,2110
0.031398,0.0624794,2110
0.0308253,0.0642575,2110
0.0309234,0.0606898,2110
0.0308662,0.0623328,2110
0.0316399,0.0658698,2110
0.0316949,0.0629245,2110
0.0332123,0.0614246,2110
0.0337356,0.061936,2110
0.0333291,0.0614719,2110
0.03066,0.0648125,2110
0.0318375,0.0631621,2110
0.0415208,0.0647805,2110
0.0322988,0.0662997,2110
0.0350454,0.0679157,2110
0.0327604,0.0657907,2110
0.0322833,0.0633929,2110
0.0342448,0.0633754,2110
0.0322389,0.0630126,2120
0.0320797,0.0634232,2120
0.0316541,0.0635447,2120
0.031906,0.0639557,2120
0.0341422,0.0640854,2120
0.0333738,0.0609722,2120
0.0335482,0.0618777,2120
0.0341037,0.0630323,2120
0.0314376,0.0629335,2120
0.0309449,0.0617516,2120
0.0330039,0.0614709,2120
0.0335652,0.0615637,2120
0.0324338,0.0692385,2120
0.0342755,0.063835,2120
0.0320122,0.0640368,2120
0.0318822,0.0650822,2120
0.033465,0.0617606,2120
0.0315387,0.0636858,2120
0.031467,0.0623008,2120
0.0308867,0.0621464,2120
0.0337424,0.0619403,2120
0.0319645,0.0620362,2120
0.0314309,0.0620226,2120
0.0322843,0.088553,2120
0.0342735,0.0675405,2120
0.0348915,0.0648491,2120
0.0329548,0.0653521,2120
0.0327406,0.065606,2120
0.0329001,0.0710704,2120
0.0338658,0.0666376,2120
0.0339961,0.0664668,2120
0.0330809,0.0665318,2120
0.0339695,0.0660713,2130
0.0345623,0.0673291,2130
0.0354238,0.0663255,2130
0.0323068,0.0648477,2130
0.0323047,0.064302,2130
0.0353225,0.0637074,2130
0.032541,0.0636032,2130
0.0323839,0.0644299,2130
0.0322445,0.0642898,2130
0.0323541,0.0628699,2130
0.0312549,0.061655,2130
0.0341942,0.0635662,2130
0.034954,0.0619261,2130
0.0313723,0.061574,2130
0.0321068,0.065993,2130
0.0325259,0.0786021,2130
0.0347687,0.0623794,2130
0.0311061,0.0630702,2130
0.0322899,0.0633282,2130
0.0309237,0.0632774,2130
0.0313307,0.0657872,2130
0.0318559,0.0640618,2130
0.0323191,0.0660076,2130
0.0325833,0.0633782,2130
0.0346968,0.0634314,2130
0.0324355,0.0641364,2130
0.0329864,0.064263,2130
0.0325079,0.0639393,2130
0.0328543,0.0641476,2130
0.032392,0.0650339,2130
0.0326653,0.0641143,2130
0.0347212,0.0624283,2130
0.0328376,0.0646897,2140
0.0320546,0.0645116,2140
0.0315883,0.0633776,2140
0.0335442,0.0648623,2140
0.034409,0.0631458,2140
0.0326449,0.0635011,2140
0.0316515,0.0639399,2140
0.0330397,0.0622419,2140
0.0345993,0.0617755,2140
0.0331734,0.065096,2140
0.0328516,0.0645478,2140
0.0349793,0.0643047,2140
0.0344153,0.0659247,2140
0.033304,0.0620559,2140
0.0322545,0.0650795,2140
0.0320227,0.0667058,2140
0.031727,0.0629992,2140
0.0344753,0.0661898,2140
0.0312189,0.0623818,2140
0.0340673,0.0631915,2140
0.0313692,0.0626714,2140
0.0317861,0.0630468,2140
0.0313006,0.0623618,2140
0.0319675,0.0634395,2140
0.0369282,0.0654305,2140
0.0329037,0.0650781,2140
0.0328372,0.0641278,2140
0.0353909,0.065328,2140
0.0325415,0.0646417,2140
0.033466,0.0737209,2140
0.0325721,0.0646065,2140
0.0324936,0.0652022,2140
0.0340175,0.0660117,2150
0.032889,0.0650497,2150
0.0352165,0.0671114,2150
0.0329724,0.066226,2150
0.0330373,0.0674019,2150
0.0329314,0.0659876,2150
0.0343573,0.0682801,2150
0.0350653,0.0637,2150
0.0315944,0.06764,2150
0.0331774,0.0631253,2150
0.0320791,0.065105,2150
0.0320783,0.0648768,2150
0.0320447,0.0638228,2150
0.035184,0.0660943,2150
0.0330912,0.0640788,2150
0.0318959,0.0630171,2150
0.0347031,0.0654376,2150
0.0332042,0.0654603,2150
0.0327932,0.0650684,2150
0.0347948,0.0650811,2150
0.0331804,0.0650381,2150
0.0331052,0.0654159,2150
0.0330846,0.0654223,2150
0.0334764,0.0661109,2150
0.034466,0.0638417,2150
0.0321133,0.0647478,2150
0.0348445,0.0631797,2150
0.0317051,0.0637486,2150
0.0320458,0.0628339,2150
0.0349751,0.0637342,2150
0.0350586,0.0632492,2150
0.0321636,0.0655682,2150
0.0352009,0.0651902,2160
0.0351559,0.0642909,2160
0.0345849,0.0641662,2160
0.0324311,0.0642277,2160
0.0323806,0.0641796,2160
0.0365059,0.0705776,2160
0.0334332,0.0653455,2160
0.0358218,0.0681911,2160
0.0333487,0.067133,2160
0.0333606,0.0665247,2160
0.0335852,0.0663949,2160
0.0334798,0.0663576,2160
0.0357984,0.0645851,2160
0.034972,0.0637598,2160
0.0334206,0.0638934,2160
0.0321854,0.0636822,2160
0.0325215,0.0638851,2160
0.0324456,0.0663384,2160
0.0352946,0.0665199,2160
0.0335419,0.0698522,2160
0.0320864,0.0651436,2160
0.0325336,0.0646945,2160
0.0324949,0.0638459,2160
0.032237,0.0636025,2160
0.0349048,0.063819,2160
0.0458278,0.0653782,2160
0.0360653,0.0660675,2160
0.0327199,0.0671415,2160
0.0358048,0.0665411,2160
0.0332107,0.063737,2160
0.0351109,0.0670835,2160
0.032258,0.0641438,2160
0.0336738,0.0664889,2170
0.0319395,0.0672856,2170
0.0323519,0.064418,2170
0.0332386,0.0664261,2170
0.0328624,0.065236,2170
0.0326245,0.0652269,2170
0.0329554,0.0676306,2170
0.0326381,0.0652948,2170
0.0336083,0.065766,2170
0.0325745,0.0642634,2170
0.0375619,0.064025,2170
0.0324768,0.0650215,2170
0.0325013,0.0661121,2170
0.0361178,0.0683294,2170
0.0349331,0.0664686,2170
0.0335264,0.0667645,2170
0.0339647,0.0658582,2170
0.0334259,0.0650098,2170
0.0336386,0.0647708,2170
0.0326206,0.0640455,2170
0.0344272,0.0679019,2170
0.0325575,0.0648752,2170
0.0387815,0.0647219,2170
0.0346539,0.0649169,2170
0.0351308,0.0653399,2170
0.0354633,0.0649447,2170
0.0321047,0.0652323,2170
0.032255,0.0650736,2170
0.0326728,0.0650099,2170
0.033033,0.0636998,2170
0.0337383,0.0644506,2170
0.0322009,0.0643568,2170
0.0333824,0.0735271,2180
0.0379,0.0681254,2180
0.0341671,0.0674193,2180
0.0343887,0.0670998,2180
0.035451,0.0658617,2180
0.0393326,0.0665056,2180
0.0334473,0.0653871,2180
0.0331102,0.0650333,2180
0.0388897,0.0651067,2180
0.0325876,0.0657829,2180
0.0361653,0.0639843,2180
0.0322812,0.0646711,2180
0.0353396,0.0656899,2180
0.0334136,0.0643779,2180
0.0332113,0.0655572,2180
0.0360262,0.06486,2180
0.0329754,0.0657086,2180
0.0333383,0.0674211,2180
0.0337686,0.0641997,2180
0.0328196,0.0648029,2180
0.0337518,0.0673071,2180
0.0366972,0.0673137,2180
0.0336249,0.0674569,2180
0.0344431,0.0669052,2180
0.0368534,0.0676005,2180
0.0348541,0.0650876,2180
0.0328455,0.0655895,2180
0.0330719,0.0648538,2180
0.0334634,0.0669899,2180
0.0323617,0.0683467,2180
0.0332248,0.0691252,2180
0.0331231,0.0653022,2180
0.037738,0.0656324,2190
0.0330319,0.0688512,2190
0.036091,0.0654348,2190
0.0334205,0.0666247,2190
0.033293,0.0658454,2190
0.0361773,0.0649134,2190
0.0329578,0.065559,2190
0.0335059,0.0692565,2190
0.0351337,0.0724924,2190
0.0358524,0.0660253,2190
0.0334327,0.0666214,2190
0.0343889,0.0679989,2190
0.0358032,0.0655134,2190
0.0330832,0.0654099,2190
0.0325417,0.0647706,2190
0.0328608,0.064933,2190
0.0339274,0.066252,2190
0.0328084,0.0687132,2190
0.0355609,0.0667672,2190
0.0333529,0.0669269,2190
0.033778,0.0659505,2190
0.0341004,0.0681012,2190
0.0345464,0.0654482,2190
0.0330071,0.0651564,2190
0.0334419,0.0653743,2190
0.0331703,0.065921,2190
0.0328999,0.0662046,2190
0.0361869,0.0679096,2190
0.034498,0.0702321,2190
0.0343221,0.0686533,2190
0.034139,0.0689953,2190
0.0348272,0.0673886,2190
0.0347506,0.0685192,2200
0.0347955,0.0694267,2200
0.0347053,0.0674095,2200
0.0332892,0.0662178,2200
0.0357715,0.0672227,2200
0.0335147,0.0683614,2200
0.0344822,0.0692941,2200
0.0370324,0.0679499,2200
0.0332517,0.071833,2200
0.0337894,0.0661805,2200
0.0342383,0.0660977,2200
0.0358822,0.0661828,2200
0.033317,0.0681536,2200
0.033703,0.0682889,2200
0.0339289,0.0770875,2200
0.0369518,0.068711,2200
0.0339105,0.0692446,2200
0.0346638,0.067963,2200
0.0342892,0.0685619,2200
0.0338798,0.0673468,2200
0.0332286,0.0684881,2200
0.0336399,0.0663823,2200
0.0338685,0.0661058,2200
0.0355492,0.066737,2200
0.0362905,0.0661929,2200
0.033897,0.0665327,2200
0.0339061,0.0667048,2200
0.033831,0.068111,2200
0.0344011,0.0669417,2200
0.034171,0.0681638,2200
0.0337847,0.0668092,2200
0.0339989,0.0678022,2200
0.0395807,0.0667436,2210
0.0359478,0.0747303,2210
0.0351124,0.0696241,2210
0.0345261,0.0694845,2210
0.0347295,0.0691073,2210
0.0376301,0.0698337,2210
0.0379051,0.0687722,2210
0.0350415,0.0707131,2210
0.0360652,0.0723418,2210
0.0365044,0.0683657,2210
0.0339179,0.0668932,2210
0.0363922,0.0670002,2210
0.0348307,0.0676293,2210
0.0335384,0.0673586,2210
0.0347047,0.0695422,2210
0.034583,0.0667947,2210
0.0348942,0.0666795,2210
0.0336594,0.0677255,2210
0.0338893,0.0737101,2210
0.0415108,0.0714615,2210
0.0370416,0.0840246,2210
0.0373246,0.0719219,2210
0.0363496,0.0719089,2210
0.0358855,0.0785588,2210
0.0360008,0.0714697,2210
0.0349861,0.0719649,2210
0.0355725,0.0684171,2210
0.0350757,0.0693952,2210
0.0343107,0.0700464,2210
0.0348653,0.0694965,2210
0.035104,0.0686665,2210
0.0373092,0.0718203,2210
0.0360948,0.0704486,2220
0.0355892,0.0709096,2220
0.0342436,0.0683925,2220
0.0361096,0.0685674,2220
0.0341165,0.0684424,2220
0.0348676,0.0695862,2220
0.0340017,0.0690594,2220
0.0438392,0.069283,2220
0.0355099,0.0702348,2220
0.0379012,0.0702629,2220
0.0350252,0.06988,2220
0.0355499,0.0702281,2220
0.0363367,0.0685926,2220
0.0343872,0.0690047,2220
0.0339639,0.068405,2220
0.0342073,0.068187,2220
0.0360521,0.0747474,2220
0.0408853,0.0762739,2220
0.0406789,0.0753182,2220
0.0397555,0.0727935,2220
0.036349,0.0718111,2220
0.0365028,0.0706779,2220
0.0350322,0.0703434,2220
0.0379842,0.0706879,2220
0.0364994,0.0748789,2220
0.0483146,0.0698682,2220
0.0349671,0.0709476,2220
0.0353475,0.0702398,2220
0.0351845,0.0692077,2220
0.0354329,0.070093,2220
0.0356969,0.0690074,2220
0.0375225,0.0692159,2220
0.0357599,0.0693384,2230
0.0349397,0.0693976,2230
0.0355549,0.0708561,2230
0.0357386,0.0753228,2230
0.0433746,0.0779323,2230
0.0393139,0.0745519,2230
0.0418352,0.0776546,2230
0.0377984,0.0760381,2230
0.0379773,0.0751723,2230
0.0372669,0.0728029,2230
0.0368484,0.0730414,2230
0.0470368,0.075056,2230
0.0407405,0.0742489,2230
0.0371731,0.0718919,2230
0.0365267,0.0722529,2230
0.0361673,0.0701728,2230
0.0359065,0.0710288,2230
0.037956,0.0706485,2230
0.0356861,0.0706227,2230
0.0357491,0.0705953,2230
0.0361103,0.071,2230
0.0357765,0.0701717,2230
0.0382742,0.0704168,2230
0.0371656,0.0701543,2230
0.0367351,0.0682699,2230
0.0349345,0.0689977,2230
0.0359125,0.0711351,2230
0.0356272,0.0712374,2230
0.0359302,0.0703139,2230
0.0384089,0.0815159,2230
0.0377243,0.0697061,2230
0.0362038,0.0701525,2230
0.0384873,0.0701082,2240
0.0366461,0.0717027,2240
0.0357362,0.0719762,2240
0.0360587,0.0734607,2240
0.039389,0.0711446,2240
0.0356961,0.0710578,2240
0.0356328,0.0714088,2240
0.0359887,0.0710199,2240
0.036165,0.0709171,2240
0.0362789,0.0708664,2240
0.0365423,0.0711614,2240
0.0361522,0.0696782,2240
0.0357887,0.0704972,2240
0.0358106,0.0707523,2240
0.0368515,0.0698578,2240
0.0358859,0.0824992,2240
0.0381742,0.0722162,2240
0.03852,0.0713165,2240
0.0363117,0.0712301,2240
0.0387691,0.0707145,2240
0.0381066,0.0704583,2240
0.0355031,0.070676,2240
0.0345322,0.0717293,2240
0.0352443,0.0714321,2240
0.0363231,0.0713975,2240
0.0379917,0.0718248,2240
0.0407546,0.0703751,2240
0.0351394,0.0686016,2240
0.0349076,0.0691743,2240
0.0346602,0.0695774,2240
0.0350137,0.0701253,2240
0.0355943,0.0719261,2240
0.0377772,0.0717529,2250
0.035993,0.0769111,2250
0.0399886,0.0716719,2250
0.0365039,0.0773363,2250
0.0456132,0.075701,2250
0.0384297,0.0744026,2250
0.0378251,0.0738561,2250
0.0370159,0.0740222,2250
0.0368484,0.0714022,2250
0.0367832,0.0730855,2250
0.0385921,0.0721179,2250
0.039554,0.0719931,2250
0.036271,0.0705751,2250
0.036622,0.0716831,2250
0.0372437,0.0710564,2250
0.0356295,0.0704795,2250
0.0353433,0.0759925,2250
0.0352916,0.0707697,2250
0.035108,0.0711837,2250
0.0363599,0.0792179,2250
0.0379619,0.0729654,2250
0.0363015,0.0721988,2250
0.0361574,0.0723666,2250
0.0361442,0.0716201,2250
0.0373545,0.072162,2250
0.0362648,0.071229,2250
0.0381132,0.0714324,2250
0.0358582,0.0708307,2250
0.0385121,0.0712085,2250
0.035738,0.0738441,2250
0.0375208,0.0710539,2250
0.0359379,0.0688749,2250
0.0359628,0.0709135,2260
0.0353992,0.0704603,2260
0.0364947,0.0728404,2260
0.0368515,0.0725956,2260
0.0367542,0.073311,2260
0.036526,0.0789789,2260
0.0369432,0.0731014,2260
0.036644,0.0731106,2260
0.0364096,0.0846066,2260
0.0389915,0.078563,2260
0.0497575,0.0821125,2260
0.0423078,0.0859869,2260
0.0416309,0.0896164,2260
0.0403953,0.0804516,2260
0.0394503,0.0826335,2260
0.0404908,0.0753704,2260
0.0392321,0.0750801,2260
0.0384642,0.0741448,2260
0.0366338,0.0722518,2260
0.0366706,0.0727153,2260
0.0363307,0.0735108,2260
0.0378493,0.0734132,2260
0.0368421,0.0797049,2260
0.038295,0.0755674,2260
0.0391318,0.0730866,2260
0.0380808,0.0732346,2260
0.0542837,0.0789255,2260
0.040202,0.07674,2260
0.0382821,0.0752579,2260
0.0432177,0.0745681,2260
0.0376958,0.0727532,2260
0.0392507,0.0717023,2260
0.0385996,0.0723874,2270
0.0366974,0.0725659,2270
0.0366462,0.0735539,2270
0.0372074,0.0730415,2270
0.0369786,0.0727919,2270
0.0370194,0.0728596,2270
0.0393257,0.074008,2270
0.0392862,0.0719071,2270
0.0434002,0.0739333,2270
0.0368427,0.0734976,2270
0.0372354,0.0734223,2270
0.038801,0.0732663,2270
0.036927,0.0742186,2270
0.0371023,0.0715165,2270
0.0360686,0.0720454,2270
0.0366212,0.073161,2270
0.0383629,0.0707714,2270
0.0368594,0.0745446,2270
0.0371993,0.0702919,2270
0.0380544,0.072148,2270
0.0360287,0.0708943,2270
0.0360868,0.0722955,2270
0.0371914,0.0724785,2270
0.0380804,0.0716814,2270
0.0357956,0.0716948,2270
0.0472561,0.0732886,2270
0.0436979,0.0741289,2270
0.037739,0.0742533,2270
0.0363642,0.0723649,2270
0.0400822,0.0734499,2270
0.0366959,0.0730102,2270
0.0370426,0.0727423,2270
0.0378536,0.0735416,2280
0.0377533,0.0734223,2280
0.0373013,0.0743805,2280
0.0401168,0.074243,2280
0.0384708,0.071785,2280
0.0388026,0.0727015,2280
0.0369095,0.0725908,2280
0.0374552,0.0712017,2280
0.0365485,0.0712221,2280
0.0388856,0.0715475,2280
0.0412481,0.0726272,2280
0.0369151,0.0749282,2280
0.0406885,0.0935855,2280
0.0389544,0.0752804,2280
0.0383388,0.0773482,2280
0.0438965,0.0766237,2280
0.0372506,0.0741373,2280
0.0381666,0.0749262,2280
0.0400588,0.0734322,2280
0.0375311,0.0733474,2280
0.0381565,0.0740833,2280
0.0373564,0.0740193,2280
0.0379373,0.0733395,2280
0.0375845,0.0738529,2280
0.0372835,0.0735885,2280
0.0400289,0.0733625,2280
0.0373566,0.0734814,2280
0.0381944,0.078091,2280
0.0388124,0.0749209,2280
0.0430139,0.0752247,2280
0.0371825,0.0737127,2280
0.0396542,0.0737844,2280
0.0401968,0.0740402,2290
0.0414147,0.073869,2290
0.0379541,0.0740868,2290
0.0375022,0.076768,2290
0.0374686,0.0759996,2290
0.0391575,0.0741338,2290
0.0395582,0.071941,2290
0.036596,0.0726742,2290
0.0368902,0.0717833,2290
0.0396023,0.0772333,2290
0.0366128,0.0739198,2290
0.0368376,0.0739441,2290
0.037271,0.0743578,2290
0.0366101,0.0736253,2290
0.0372283,0.0756434,2290
0.037528,0.0750879,2290
0.0371056,0.0738959,2290
0.0395586,0.0748686,2290
0.0375628,0.0739047,2290
0.037812,0.0755374,2290
0.0383263,0.0741692,2290
0.0392915,0.0744018,2290
0.0388277,0.0747114,2290
0.0394136,0.0742296,2290
0.0371685,0.0726004,2290
0.0371166,0.0717133,2290
0.0366801,0.0728045,2290
0.0370136,0.0731053,2290
0.0375006,0.0724716,2290
0.0384469,0.0741147,2290
0.0390079,0.0725066,2290
0.0378433,0.0762476,2290
0.048143,0.0819931,2300
0.0390627,0.0775437,2300
0.0389954,0.0768575,2300
0.0406182,0.0776956,2300
0.0432142,0.0855581,2300
0.0395479,0.0792029,2300
0.0393889,0.0744304,2300
0.0394262,0.0770686,2300
0.0381319,0.0747052,2300
0.0377142,0.0753312,2300
0.0380262,0.0753824,2300
0.0381278,0.0757915,2300
0.0388304,0.0753038,2300
0.0420909,0.0740459,2300
0.038549,0.0743974,2300
0.0391576,0.0740683,2300
0.0380446,0.0755389,2300
0.0400287,0.0759108,2300
0.0379378,0.0748216,2300
0.0395826,0.0748841,2300
0.0373846,0.0749502,2300
0.040283,0.0752014,2300
0.0382921,0.0746969,2300
0.0382312,0.0778867,2300
0.0381978,0.0752637,2300
0.038246,0.074626,2300
0.0408342,0.0755053,2300
0.0400458,0.0732496,2300
0.0372956,0.0750545,2300
0.0406602,0.0747812,2300
0.0380047,0.0740727,2300
0.0381068,0.0749001,2300
0.0388949,0.0756191,2310
0.0412109,0.0762445,2310
0.042415,0.080955,2310
0.0396489,0.0765121,2310
0.0389601,0.0774255,2310
0.0412974,0.0875008,2310
0.03976,0.0788854,2310
0.0393652,0.0781615,2310
0.0399795,0.0792911,2310
0.0406422,0.0781648,2310
0.0391079,0.078392,2310
0.0388499,0.0760056,2310
0.0384421,0.076143,2310
0.0410817,0.0797415,2310
0.0429696,0.0752304,2310
0.0383689,0.0759669,2310
0.0400416,0.0758347,2310
0.0375113,0.0752597,2310
0.0389698,0.0735116,2310
0.0420475,0.0759061,2310
0.0389051,0.0752872,2310
0.0393023,0.0776245,2310
0.0390783,0.0832642,2310
0.039269,0.0759527,2310
0.0383018,0.078312,2310
0.0412366,0.0766648,2310
0.0386733,0.0758281,2310
0.0394465,0.076775,2310
0.0409437,0.0758983,2310
0.0382129,0.0746003,2310
0.0406941,0.0752647,2310
0.0375618,0.0757443,2310
0.0398485,0.0759471,2320
0.0386749,0.0743941,2320
0.0380172,0.0752055,2320
0.0387918,0.074956,2320
0.038734,0.0767943,2320
0.0440807,0.076332,2320
0.0385198,0.0779801,2320
0.0412873,0.0746283,2320
0.0376856,0.0748022,2320
0.0395234,0.0761383,2320
0.0377077,0.0745983,2320
0.0388061,0.0735031,2320
0.0398908,0.0734243,2320
0.0385878,0.0733503,2320
0.0411754,0.0732796,2320
0.0378151,0.0739351,2320
0.038649,0.0741274,2320
0.0376082,0.0738684,2320
0.0370996,0.0741184,2320
0.0379705,0.0741089,2320
0.0374688,0.0750422,2320
0.037726,0.0775497,2320
0.0390339,0.0766165,2320
0.0392566,0.0760662,2320
0.0399938,0.0758024,2320
0.0379989,0.0767431,2320
0.0436646,0.0775619,2320
0.0398607,0.0742107,2320
0.0395643,0.0735449,2320
0.0431247,0.0749944,2320
0.0373877,0.0735584,2320
0.0374417,0.0736828,2320
0.0380666,0.0758603,2330
0.0385382,0.0749989,2330
0.0378933,0.0791079,2330
0.0382715,0.0742224,2330
0.0409276,0.0761259,2330
0.038941,0.0745612,2330
0.0406228,0.0823362,2330
0.0389923,0.0784349,2330
0.0422247,0.0769692,2330
0.0379657,0.075584,2330
0.0405705,0.0842306,2330
0.0439743,0.08326,2330
0.059394,0.0917846,2330
0.0559644,0.0976308,2330
0.0493527,0.0917983,2330
0.0481154,0.0873873,2330
0.0439103,0.0825313,2330
0.0423484,0.0852434,2330
0.0428509,0.0861692,2330
0.0490549,0.0948771,2330
0.0469,0.0938523,2330
0.0733199,0.115171,2330
0.0561466,0.10988,2330
0.0580784,0.111626,2330
0.05691,0.108211,2330
0.0521885,0.0994842,2330
0.0496484,0.0964293,2330
0.0445987,0.0862095,2330
0.0429634,0.0849972,2330
0.0416268,0.0811857,2330
0.0396222,0.0797674,2330
0.0401214,0.0784279,2330
0.0414288,0.076509,2340
0.0393725,0.0772261,2340
0.0391932,0.078002,2340
0.0389861,0.0787742,2340
0.046099,0.0795866,2340
0.0391767,0.0812206,2340
0.039178,0.07941,2340
0.0402147,0.0770981,2340
0.0399044,0.0779995,2340
0.0395627,0.0800388,2340
0.0386505,0.075232,2340
0.0387169,0.0745609,2340
0.0382013,0.0748111,2340
0.0393119,0.0763526,2340
0.0438452,0.076464,2340
0.0411081,0.078502,2340
0.037978,0.0746015,2340
0.0383465,0.0758058,2340
0.0381662,0.0756979,2340
0.0383093,0.0751295,2340
0.0383509,0.0769684,2340
0.0411638,0.0794058,2340
0.0391402,0.0786568,2340
0.0392703,0.0778376,2340
0.0396796,0.0784562,2340
0.0430003,0.0770562,2340
0.0393202,0.0765124,2340
0.0434655,0.0748797,2340
0.0380965,0.0746754,2340
0.0387733,0.0761903,2340
0.0406804,0.0750943,2340
0.0389571,0.0767417,2340
0.0386856,0.0759029,2350
0.0391772,0.0759477,2350
0.0392692,0.0759139,2350
0.0384002,0.0753416,2350
0.0383935,0.0754539,2350
0.0408541,0.0799324,2350
0.041232,0.0783068,2350
0.0406211,0.0782066,2350
0.0391705,0.075954,2350
0.0408991,0.0772095,2350
0.0384896,0.0771991,2350
0.039373,0.0756897,2350
0.0380221,0.0760509,2350
0.0381156,0.0785638,2350
0.0407914,0.0883854,2350
0.0436956,0.0891933,2350
0.0508632,0.100459,2350
0.0490238,0.0985816,2350
0.0523279,0.0921424,2350
0.0487993,0.0907031,2350
0.0432582,0.0850388,2350
0.0428766,0.0881741,2350
0.0431175,0.0842888,2350
0.0421763,0.0802692,2350
0.0431838,0.0808876,2350
0.0421928,0.0789681,2350
0.0420866,0.0773742,2350
0.0429587,0.0783441,2350
0.038866,0.0755549,2350
0.0384944,0.0760415,2350
0.0409256,0.0759615,2350
0.0387891,0.0757814,2350
0.0446187,0.0783245,2360
0.039581,0.0764598,2360
0.0405646,0.0773094,2360
0.0392343,0.0762838,2360
0.0442547,0.0757898,2360
0.0386597,0.0830613,2360
0.0412732,0.0795651,2360
0.0394114,0.0781132,2360
0.0411489,0.0778863,2360
0.0416425,0.0764203,2360
0.0391197,0.0782707,2360
0.0406795,0.0797766,2360
0.038779,0.0763697,2360
0.0391962,0.0755876,2360
0.0384825,0.0762826,2360
0.039061,0.0758748,2360
0.0384115,0.0780823,2360
0.0385822,0.0818345,2360
0.0380588,0.0763751,2360
0.0386395,0.0770616,2360
0.0393768,0.0769232,2360
0.038928,0.0767192,2360
0.0413545,0.0784036,2360
0.039777,0.0789492,2360
0.0398665,0.0792122,2360
0.0400755,0.0782948,2360
0.0426589,0.0787329,2360
0.0394128,0.0757685,2360
0.0404375,0.0753345,2360
0.0387073,0.0794838,2360
0.0384868,0.078391,2360
0.0392074,0.0779165,2360
0.0406268,0.0846598,2370
0.0504335,0.0847073,2370
0.0427649,0.0847619,2370
0.0489671,0.0864127,2370
0.0446445,0.0868495,2370
0.041994,0.0827464,2370
0.0418958,0.0940892,2370
0.0426267,0.0834843,2370
0.0413915,0.0818154,2370
0.0420623,0.0823435,2370
0.0416079,0.0848304,2370
0.0411685,0.0788274,2370
0.0462317,0.0788755,2370
0.0409011,0.0798656,2370
0.0421759,0.0788826,2370
0.0401952,0.0786423,2370
0.0405771,0.0793329,2370
0.0424553,0.0799827,2370
0.0398158,0.0803244,2370
0.0405415,0.0766106,2370
0.0392517,0.079731,2370
0.039923,0.0773267,2370
0.0390216,0.077726,2370
0.0428947,0.080037,2370
0.0405128,0.079395,2370
0.0406905,0.0819837,2370
0.0424253,0.0804881,2370
0.042712,0.0788792,2370
0.0427904,0.0786392,2370
0.0440808,0.0773987,2370
0.0389343,0.0773404,2370
0.0404599,0.0814796,2370
0.0412497,0.080535,2380
0.0410719,0.0801662,2380
0.0442464,0.0796926,2380
0.0440766,0.0778665,2380
0.0391144,0.0787314,2380
0.0389182,0.0776041,2380
0.0396987,0.0788416,2380
0.0401896,0.0830093,2380
0.0406866,0.0805159,2380
0.0420976,0.0819728,2380
0.0412119,0.0803822,2380
0.0422453,0.0824,2380
0.0409786,0.0809134,2380
0.0414591,0.080988,2380
0.0395939,0.0799766,2380
0.040488,0.0788528,2380
0.0394446,0.0788482,2380
0.0410761,0.0794782,2380
0.0406409,0.0780991,2380
0.0403463,0.0801567,2380
0.0399805,0.0786386,2380
0.0405898,0.0776588,2380
0.0416882,0.0793121,2380
0.039109,0.0841958,2380
0.0431694,0.0813036,2380
0.0438481,0.0821017,2380
0.0406214,0.0810645,2380
0.0426158,0.0805872,2380
0.0425379,0.0803252,2380
0.0400436,0.0794408,2380
0.0396148,0.0796551,2380
0.0402589,0.0786768,2380
0.0409243,0.0810252,2390
0.0408818,0.0804915,2390
0.0457969,0.0781456,2390
0.0419489,0.0785018,2390
0.0421214,0.0778373,2390
0.0395782,0.0776414,2390
0.0396843,0.07805,2390
0.0447008,0.0796537,2390
0.041621,0.0804885,2390
0.0425595,0.0815992,2390
0.0417411,0.0807539,2390
0.0428955,0.0803496,2390
0.0400664,0.0788969,2390
0.0403063,0.0788678,2390
0.0396701,0.100508,2390
0.0433337,0.0840265,2390
0.0426468,0.0831077,2390
0.04281,0.0838601,2390
0.0437605,0.0828473,2390
0.0413835,0.0810524,2390
0.041404,0.0807225,2390
0.0413708,0.0811934,2390
0.0430178,0.0803695,2390
0.042862,0.083904,2390
0.0413979,0.0814071,2390
0.0413818,0.0875884,2390
0.0473451,0.0882721,2390
0.0436619,0.0885509,2390
0.0462767,0.0848766,2390
0.0498757,0.0908066,2390
0.0521649,0.0974044,2390
0.0644572,0.0994051,2390
0.0498178,0.0939706,2400
0.0472647,0.0915608,2400
0.0460247,0.0901335,2400
0.0443662,0.0862373,2400
0.043114,0.0884113,2400
0.0427016,0.0816702,2400
0.0430022,0.0935541,2400
0.0553925,0.0895068,2400
0.0456857,0.0867047,2400
0.0466043,0.0875338,2400
0.0439666,0.0870958,2400
0.0444074,0.0844007,2400
0.0427181,0.0889452,2400
0.0470656,0.082186,2400
0.0424091,0.0824482,2400
0.070181,0.093908,2400
0.0444669,0.0871794,2400
0.0430205,0.0853428,2400
0.0432951,0.0827832,2400
0.041636,0.0810014,2400
0.0425282,0.0816835,2400
0.0429018,0.0891388,2400
0.0475778,0.0846603,2400
0.0416703,0.0829681,2400
0.0433431,0.0811069,2400
0.0410989,0.0823843,2400
0.0426664,0.0795967,2400
0.0475768,0.0803108,2400
0.0547239,0.0881185,2400
0.0456308,0.0889842,2400
0.0445876,0.0852546,2400
0.0425717,0.0909928,2400
0.0506921,0.0904458,2410
0.0447244,0.0885943,2410
0.0459802,0.0842459,2410
0.043303,0.0848886,2410
0.0434725,0.0897754,2410
0.0432979,0.0841685,2410
0.0443017,0.0864956,2410
0.0428169,0.0846495,2410
0.0426309,0.0821461,2410
0.0441065,0.0829987,2410
0.0421741,0.0819091,2410
0.0436767,0.0874541,2410
0.040881,0.0813318,2410
0.040554,0.0803445,2410
0.0415199,0.0804827,2410
0.0416009,0.0789279,2410
0.0408634,0.079335,2410
0.0403016,0.0794686,2410
0.041992,0.0800512,2410
0.0408116,0.0812636,2410
0.0437651,0.0851987,2410
0.0426132,0.0813646,2410
0.0422256,0.081994,2410
0.0437655,0.0815291,2410
0.041587,0.0813752,2410
0.0460119,0.0816222,2410
0.0438366,0.079852,2410
0.0405136,0.0810208,2410
0.0409163,0.0810304,2410
0.0412162,0.0809373,2410
0.0425022,0.0790129,2410
0.0409687,0.0788552,2410
0.0417512,0.082614,2420
0.0428981,0.0826271,2420
0.04151,0.080209,2420
0.0421054,0.0796735,2420
0.0467365,0.0853135,2420
0.0427597,0.0829,2420
0.0421987,0.0849839,2420
0.0461852,0.0825052,2420
0.0433057,0.0825869,2420
0.0448646,0.084365,2420
0.0423544,0.0844141,2420
0.0417487,0.080887,2420
0.0411011,0.080663,2420
0.0411651,0.0828166,2420
0.0414988,0.0816696,2420
0.0426845,0.0843618,2420
0.0412548,0.0810132,2420
0.0426629,0.0855853,2420
0.0447539,0.0832822,2420
0.0430051,0.0834715,2420
0.0435817,0.0846261,2420
0.0459582,0.0836832,2420
0.043063,0.0824486,2420
0.0472608,0.0878599,2420
0.0408357,0.0837223,2420
0.0435397,0.0816907,2420
0.0406949,0.0796633,2420
0.0411034,0.0811049,2420
0.0475629,0.0799459,2420
0.0440897,0.0799595,2420
0.0416309,0.0817397,2420
0.0418741,0.0804154,2420
0.0433147,0.0816863,2430
0.0413967,0.0805813,2430
0.0408548,0.0805625,2430
0.041633,0.083717,2430
0.0436356,0.0853981,2430
0.0441156,0.0883192,2430
0.0441127,0.0826182,2430
0.0416323,0.0843911,2430
0.0428239,0.0848842,2430
0.0419954,0.0820347,2430
0.0427511,0.0805276,2430
0.0425568,0.0817233,2430
0.041507,0.0835799,2430
0.0472858,0.0813914,2430
0.0413157,0.0806133,2430
0.0410891,0.0810437,2430
0.042046,0.0813523,2430
0.0417409,0.0806506,2430
0.0415085,0.0823779,2430
0.0419681,0.0929436,2430
0.0470139,0.0846227,2430
0.0423395,0.0830289,2430
0.0423427,0.0853506,2430
0.0414952,0.083133,2430
0.0411015,0.0802162,2430
0.0419494,0.0810046,2430
0.0421004,0.0821864,2430
0.0409412,0.0807688,2430
0.0434413,0.0820648,2430
0.0423952,0.0812874,2430
0.0411963,0.0813726,2430
0.0439818,0.0821276,2430
0.0419524,0.0831922,2440
0.0435956,0.0812354,2440
0.0422511,0.0819233,2440
0.0423015,0.0847096,2440
0.0437475,0.0843246,2440
0.0428673,0.0884228,2440
0.0475922,0.0872108,2440
0.0497755,0.098905,2440
0.0448122,0.087211,2440
0.0489694,0.0860394,2440
0.0442941,0.0883776,2440
0.0463168,0.085586,2440
0.0425647,0.0854278,2440
0.0430792,0.0840315,2440
0.0435604,0.0821696,2440
0.0428509,0.0834919,2440
0.0430414,0.0808683,2440
0.0417887,0.082419,2440
0.0415087,0.0864362,2440
0.0435315,0.0855387,2440
0.0424325,0.0836243,2440
0.0491638,0.0830297,2440
0.0418358,0.0837051,2440
0.0460393,0.0819958,2440
0.0422187,0.0813755,2440
0.0443795,0.0807258,2440
0.0419137,0.0824386,2440
0.0415597,0.0814447,2440
0.0442788,0.0817627,2440
0.0415983,0.0831205,2440
0.0468131,0.0819193,2440
0.0412468,0.0820117,2440
0.0419899,0.0818015,2450
0.0422251,0.0853763,2450
0.0502771,0.0868496,2450
0.0434774,0.0843548,2450
0.044361,0.0848482,2450
0.0440305,0.0844443,2450
0.045338,0.0825993,2450
0.0504779,0.0808728,2450
0.0427853,0.0818872,2450
0.0421374,0.0838198,2450
0.0438992,0.0843421,2450
0.0420159,0.0811009,2450
0.0430546,0.0854259,2450
0.0417771,0.0820204,2450
0.041516,0.0821366,2450
0.0417381,0.0826404,2450
0.0421592,0.0821728,2450
0.0429369,0.0892176,2450
0.0452053,0.0855314,2450
0.043782,0.0860801,2450
0.0429177,0.0819468,2450
0.0414368,0.0852557,2450
0.0419232,0.0827296,2450
0.0438792,0.0813491,2450
0.0418531,0.0835914,2450
0.0441506,0.0839995,2450
0.0432525,0.081967,2450
0.0416563,0.082798,2450
0.0421719,0.0813371,2450
0.042103,0.085792,2450
0.0416856,0.081969,2450
0.0444127,0.0817201,2450
0.0550041,0.0835152,2460
0.0567525,0.0840284,2460
0.0426948,0.0826298,2460
0.0477439,0.083471,2460
0.0425812,0.082618,2460
0.0458931,0.0862208,2460
0.0448098,0.0819526,2460
0.0421889,0.0857258,2460
0.0477506,0.0830614,2460
0.0421364,0.083842,2460
0.0427027,0.0826226,2460
0.0417601,0.0819435,2460
0.0418725,0.0830143,2460
0.0409455,0.084424,2460
0.0421193,0.0825922,2460
0.0423459,0.0847757,2460
0.0423315,0.0911827,2460
0.0480678,0.0860774,2460
0.0420258,0.0845125,2460
0.0442965,0.0825196,2460
0.0489587,0.0834129,2460
0.042448,0.0820799,2460
0.0440562,0.082675,2460
0.0420347,0.0825755,2460
0.0427582,0.082852,2460
0.0431679,0.0821745,2460
0.0422139,0.082933,2460
0.0418464,0.0836367,2460
0.0414392,0.0820555,2460
0.0421921,0.0824936,2460
0.0474874,0.0820795,2460
0.0442115,0.084279,2460
0.0521213,0.0863168,2470
0.0441901,0.0866389,2470
0.0432509,0.0851605,2470
0.0458157,0.0860038,2470
0.0487468,0.0843755,2470
0.0434127,0.0835627,2470
0.0448834,0.0850951,2470
0.0426668,0.083273,2470
0.043871,0.0827653,2470
0.0427281,0.083562,2470
0.0432282,0.0849802,2470
0.0426614,0.082922,2470
0.0434976,0.0895439,2470
0.0467618,0.0887899,2470
0.0453252,0.0907484,2470
0.0460891,0.0985436,2470
0.0448685,0.0897602,2470
0.0455131,0.0856948,2470
0.0457562,0.0863307,2470
0.0492838,0.101571,2470
0.0473024,0.0915902,2470
0.0486614,0.0894275,2470
0.0459674,0.0889754,2470
0.0450241,0.0881896,2470
0.0439705,0.0869974,2470
0.0466806,0.0929408,2470
0.0455699,0.0853959,2470
0.0446774,0.0851507,2470
0.043821,0.084081,2470
0.0422731,0.0843208,2470
0.0470537,0.0860778,2470
0.0456891,0.086248,2470
0.0469526,0.0883304,2480
0.044029,0.0864021,2480
0.0438782,0.0844074,2480
0.0430515,0.0843243,2480
0.0435413,0.0854196,2480
0.0430035,0.0850496,2480
0.0478958,0.0853216,2480
0.045409,0.0850503,2480
0.0434564,0.0842086,2480
0.0448029,0.0864978,2480
0.0432651,0.0836655,2480
0.0482281,0.08372,2480
0.0455681,0.0839332,2480
0.0534308,0.0861042,2480
0.0442103,0.0850176,2480
0.0451388,0.0850506,2480
0.0485352,0.0840818,2480
0.0432036,0.0844085,2480
0.0465299,0.0853008,2480
0.0431787,0.0845834,2480
0.0427971,0.0846073,2480
0.0435193,0.0860375,2480
0.0430463,0.0844131,2480
0.0419644,0.0830847,2480
0.0429565,0.0875111,2480
0.0424617,0.0845441,2480
0.0427661,0.083852,2480
0.0433306,0.0850472,2480
0.0444705,0.0868495,2480
0.0469825,0.0860281,2480
0.0434264,0.0864006,2480
0.0566179,0.108865,2480
0.0477964,0.0936241,2490
0.0490601,0.0927302,2490
0.0463771,0.089613,2490
0.0451271,0.0866966,2490
0.0484366,0.0868258,2490
0.0447725,0.0874034,2490
0.0455407,0.0889063,2490
0.0442574,0.0863269,2490
0.0443286,0.0869981,2490
0.044922,0.0873176,2490
0.0441661,0.0849401,2490
0.0542721,0.0883931,2490
0.0503589,0.0873707,2490
0.0452937,0.0879033,2490
0.0445242,0.0880372,2490
0.0455031,0.0862779,2490
0.0454994,0.086509,2490
0.0434153,0.0841707,2490
0.0437356,0.0842589,2490
0.0439301,0.0847034,2490
0.0430797,0.0855812,2490
0.0433327,0.0863195,2490
0.0452255,0.0897295,2490
0.043824,0.0851625,2490
0.0447328,0.0849005,2490
0.0454794,0.0859775,2490
0.0450634,0.0875529,2490
0.0447328,0.0895735,2490
0.0439141,0.0901872,2490
0.0460829,0.0930963,2490
0.0505163,0.108168,2490
0.0525491,0.10488,2490
0.0722933,0.118614,2500
0.0556577,0.103199,2500
0.0510648,0.0967998,2500
0.0554131,0.0947225,2500
0.0489127,0.0941185,2500
0.0477747,0.0911972,2500
0.0462494,0.0905197,2500
0.0466304,0.0955052,2500
0.0479417,0.0941803,2500
0.0476976,0.0953536,2500
0.0465141,0.0910137,2500
0.0448564,0.0983164,2500
0.0450463,0.0884536,2500
0.0455453,0.0881811,2500
0.0474308,0.0881925,2500
0.0448233,0.0870949,2500
0.0446999,0.0859201,2500
0.0446829,0.0861798,2500
0.0440577,0.08859,2500
0.0474183,0.088713,2500
0.0454014,0.0889039,2500
0.0448693,0.0858847,2500
0.0560058,0.089929,2500
0.051247,0.0882729,2500
0.0452421,0.0891516,2500
0.0472401,0.0895252,2500
0.0445383,0.0876909,2500
0.0470631,0.0877681,2500
0.0444595,0.0854429,2500
0.0441509,0.0881228,2500
0.0445129,0.0868286,2500
0.0452838,0.0878175,2500
0.053794,0.0885944,2510
0.0451633,0.0930403,2510
0.0464143,0.0922573,2510
0.0487917,0.0895103,2510
0.0479035,0.0982188,2510
0.0458553,0.0897591,2510
0.0468922,0.0891216,2510
0.0455363,0.0883826,2510
0.0454585,0.0888289,2510
0.0452528,0.0888426,2510
0.0460404,0.0893222,2510
0.0458324,0.0884666,2510
0.0457253,0.0888688,2510
0.0465299,0.0897617,2510
0.0452155,0.089193,2510
0.0445465,0.0890891,2510
0.0492372,0.0921054,2510
0.0447921,0.0895717,2510
0.044001,0.0886778,2510
0.0501178,0.0888995,2510
0.0487359,0.0890779,2510
0.0456039,0.0887284,2510
0.0463755,0.0892854,2510
0.0465412,0.0892865,2510
0.0458914,0.0893398,2510
0.0496313,0.0887778,2510
0.0438034,0.087654,2510
0.0441527,0.0920578,2510
0.0462653,0.0863912,2510
0.0438812,0.087341,2510
0.050521,0.0911785,2510
0.046007,0.0895825,2510
0.0542531,0.0898181,2520
0.0458777,0.098248,2520
0.0490201,0.0925531,2520
0.0464096,0.0890428,2520
0.0477766,0.0899871,2520
0.0462453,0.0927988,2520
0.0459056,0.0895665,2520
0.0470142,0.0898574,2520
0.0453867,0.0894839,2520
0.0446177,0.0870713,2520
0.0455936,0.0898313,2520
0.0476461,0.0907433,2520
0.0442262,0.0900273,2520
0.0464956,0.0887665,2520
0.0473237,0.0869942,2520
0.0492017,0.0876724,2520
0.0501595,0.090065,2520
0.0487922,0.0917942,2520
0.0461875,0.0923729,2520
0.0463653,0.0892146,2520
0.0474474,0.0912357,2520
0.0457163,0.0883476,2520
0.0469399,0.0868275,2520
0.0470117,0.0871261,2520
0.0445632,0.0864666,2520
0.0483993,0.0931337,2520
0.0533984,0.092314,2520
0.0494752,0.0951726,2520
0.0478379,0.09039,2520
0.0461077,0.0916789,2520
0.0463482,0.0952706,2520
0.0470031,0.0926652,2520
0.0472215,0.0943171,2530
0.0482306,0.0912035,2530
0.0498253,0.0898431,2530
0.0488243,0.0905819,2530
0.0458224,0.0876392,2530
0.0509485,0.0875178,2530
0.0445173,0.0871851,2530
0.0449699,0.0879818,2530
0.045268,0.0884345,2530
0.0487066,0.0916106,2530
0.0460614,0.0879206,2530
0.0443969,0.0873796,2530
0.0478221,0.0942285,2530
0.0478483,0.0903438,2530
0.0470048,0.0925797,2530
0.0462727,0.0899926,2530
0.0464014,0.0958665,2530
0.052344,0.0938025,2530
0.0463045,0.0915269,2530
0.047816,0.100098,2530
0.0514323,0.0908986,2530
0.0465009,0.0916608,2530
0.0477717,0.091282,2530
0.0493577,0.0916676,2530
0.0489531,0.0897797,2530
0.0471698,0.0902393,2530
0.0466519,0.0902615,2530
0.0474958,0.0904784,2530
0.0458324,0.0901152,2530
0.0474125,0.0903733,2530
0.0464829,0.0908151,2530
0.0458224,0.0906321,2530
0.0491656,0.0904793,2540
0.0456845,0.0886847,2540
0.0453698,0.0916164,2540
0.0514647,0.0886808,2540
0.0473803,0.090427,2540
0.0462206,0.0900924,2540
0.0469207,0.08991,2540
0.0466982,0.0908655,2540
0.0451068,0.0885355,2540
0.0456401,0.0954275,2540
0.0471892,0.0919188,2540
0.0467459,0.096953,2540
0.0533915,0.0919012,2540
0.0464192,0.0907145,2540
0.047451,0.0937927,2540
0.0454075,0.0904712,2540
0.0460626,0.0908266,2540
0.0473903,0.0883455,2540
0.0466813,0.0888683,2540
0.0456831,0.0893234,2540
0.055127,0.104965,2540
0.051887,0.0958022,2540
0.0546814,0.096838,2540
0.0587589,0.100333,2540
0.0500143,0.0955611,2540
0.052594,0.101076,2540
0.0543522,0.103324,2540
0.0522504,0.101037,2540
0.0523167,0.116156,2540
0.0605638,0.100645,2540
0.0563853,0.0971268,2540
0.0488295,0.0941769,2540
0.0512508,0.0952291,2550
0.0486827,0.0939513,2550
0.0470282,0.0915313,2550
0.0471411,0.0929918,2550
0.04994,0.100977,2550
0.0472832,0.0921874,2550
0.0493905,0.0924854,2550
0.0484082,0.0926307,2550
0.0474302,0.0917014,2550
0.0462037,0.0895729,2550
0.0461566,0.0904139,2550
0.0461804,0.0912919,2550
0.0459583,0.0901933,2550
0.0475804,0.0894703,2550
0.0479532,0.0902496,2550
0.045811,0.0887213,2550
0.0485645,0.0961294,2550
0.0458207,0.0893122,2550
0.0456221,0.0922394,2550
0.0489775,0.0926209,2550
0.0525167,0.0920059,2550
0.0503479,0.102305,2550
0.045713,0.0907035,2550
0.0463674,0.0895471,2550
0.0477929,0.089586,2550
0.045877,0.0897627,2550
0.047811,0.0906309,2550
0.0456769,0.0902629,2550
0.0463851,0.0902405,2550
0.0462901,0.0881857,2550
0.0456882,0.0905426,2550
0.0459389,0.0901309,2550
0.049026,0.0926308,2560
0.0498877,0.0929023,2560
0.0482179,0.0925542,2560
0.0472712,0.0939495,2560
0.0477177,0.0950082,2560
0.0478771,0.0925335,2560
0.0467233,0.0893914,2560
0.0454881,0.0899596,2560
0.0468427,0.0911421,2560
0.0464405,0.0907402,2560
0.0475927,0.0930544,2560
0.046902,0.0907191,2560
0.045618,0.089444,2560
0.0460012,0.0894624,2560
0.0472973,0.0909869,2560
0.0472277,0.0988618,2560
0.0475953,0.0940544,2560
0.0498449,0.0927224,2560
0.0479535,0.0926182,2560
0.046945,0.0897876,2560
0.0467339,0.0920526,2560
0.048907,0.0888141,2560
0.0493353,0.09244,2560
0.0484342,0.0905699,2560
0.0467866,0.0892346,2560
0.0461524,0.089917,2560
0.0460649,0.0899297,2560
0.0467295,0.0894165,2560
0.0485387,0.0908393,2560
0.0481933,0.0994196,2560
0.0472292,0.0934973,2560
0.0468185,0.0923608,2560
0.0481781,0.0949975,2570
0.0459977,0.0901326,2570
0.0471435,0.0941128,2570
0.0458825,0.0916576,2570
0.0465381,0.0902511,2570
0.0468045,0.0907347,2570
0.0477188,0.0910304,2570
0.0479367,0.0935068,2570
0.0466064,0.0893583,2570
0.0481771,0.0937828,2570
0.0468899,0.0918582,2570
0.0462442,0.0923023,2570
0.0500379,0.0930413,2570
0.0471382,0.0918565,2570
0.0473303,0.0899659,2570
0.0483195,0.0906564,2570
0.0486532,0.0904039,2570
0.0467039,0.0911711,2570
0.0464692,0.0913464,2570
0.04632,0.0906195,2570
0.0462484,0.0919008,2570
0.0466864,0.0935313,2570
0.046395,0.0891343,2570
0.0478817,0.0952051,2570
0.0466556,0.0911741,2570
0.0479784,0.0908325,2570
0.0569287,0.093175,2570
0.0479272,0.0932863,2570
0.0475735,0.0981017,2570
0.0459291,0.0908139,2570
0.0468627,0.0911368,2570
0.0479253,0.0913833,2570
0.047557,0.091093,2580
0.0471887,0.0926637,2580
0.0469744,0.0937606,2580
0.0485189,0.0992155,2580
0.0475913,0.0935815,2580
0.0488337,0.0918694,2580
0.0466062,0.0935965,2580
0.0487936,0.0913487,2580
0.0573985,0.0943404,2580
0.0487113,0.0942619,2580
0.0482759,0.0943267,2580
0.0499317,0.0923184,2580
0.0470356,0.0905699,2580
0.0470732,0.0941899,2580
0.0466902,0.0901786,2580
0.0557872,0.0912241,2580
0.0516042,0.0915851,2580
0.0495575,0.0902934,2580
0.0487088,0.0914032,2580
0.0479564,0.0921723,2580
0.0470808,0.0928688,2580
0.0470325,0.0943475,2580
0.0487591,0.0943213,2580
0.0482724,0.0950433,2580
0.0471844,0.0906707,2580
0.0467224,0.0911994,2580
0.0473963,0.0913387,2580
0.0470916,0.0914611,2580
0.0469125,0.0915137,2580
0.046473,0.0933997,2580
0.048218,0.0951174,2580
0.049326,0.0923507,2580
0.0487558,0.0943568,2590
0.0470969,0.0925584,2590
0.0488513,0.0918406,2590
0.0473379,0.0923161,2590
0.0565956,0.0971183,2590
0.0511116,0.0974713,2590
0.0485818,0.0936677,2590
0.0466718,0.0923646,2590
0.0477645,0.0925014,2590
0.0475562,0.0940854,2590
0.04729,0.0919384,2590
0.0479124,0.0923454,2590
0.0477008,0.0919736,2590
0.0478264,0.0919291,2590
0.0475839,0.091361,2590
0.0477652,0.098387,2590
0.0468296,0.0916322,2590
0.0476412,0.10222,2590
0.0940513,0.117056,2590
0.0619317,0.118242,2590
0.0621398,0.117731,2590
0.0592383,0.11734,2590
0.0602637,0.112003,2590
0.0585282,0.107901,2590
0.0573029,0.111345,2590
0.0517822,0.0998323,2590
0.0520977,0.0978421,2590
0.049186,0.0958825,2590
0.0483435,0.0957776,2590
0.0490707,0.0946382,2590
0.0555335,0.0969486,2590
0.049788,0.0977125,2590
0.0509268,0.0959655,2600
0.0500913,0.0975886,2600
0.0486592,0.0934492,2600
0.0473697,0.0935816,2600
0.0490696,0.0958066,2600
0.0538788,0.0956665,2600
0.0487491,0.0952012,2600
0.0485336,0.0935032,2600
0.0470523,0.0932253,2600
0.0488419,0.0937268,2600
0.0512209,0.093574,2600
0.0473574,0.0970915,2600
0.050026,0.0953588,2600
0.0485174,0.0958791,2600
0.049115,0.0964966,2600
0.0502612,0.0930185,2600
0.0498674,0.0991326,2600
0.047617,0.092978,2600
0.0479964,0.0964752,2600
0.048959,0.0988553,2600
0.0539376,0.09278,2600
0.0476351,0.0929228,2600
0.0480846,0.0940578,2600
0.0484101,0.0931115,2600
0.0496091,0.0969501,2600
0.0497006,0.100659,2600
0.0518149,0.0960198,2600
0.0504042,0.0997505,2600
0.0498866,0.0955808,2600
0.0491638,0.0994026,2600
0.0498247,0.104224,2600
0.0621969,0.104863,2600
0.0543747,0.107005,2610
0.0577713,0.0992729,2610
0.0510339,0.0963649,2610
0.0498943,0.0961087,2610
0.0496126,0.0974275,2610
0.0491363,0.0983796,2610
0.0529437,0.106043,2610
0.0553241,0.107484,2610
0.0512416,0.0989776,2610
0.0554797,0.0958793,2610
0.0493632,0.0994762,2610
0.0514379,0.0977342,2610
0.0510098,0.0991393,2610
0.0511843,0.0966334,2610
0.0491563,0.0963983,2610
0.0495238,0.0955147,2610
0.0499813,0.0965138,2610
0.0493439,0.0943155,2610
0.0480589,0.0964803,2610
0.0515445,0.0959778,2610
0.0588437,0.0989692,2610
0.0523775,0.0961837,2610
0.0495171,0.0959326,2610
0.0536188,0.0935856,2610
0.0509533,0.092531,2610
0.0486101,0.0949873,2610
0.0496862,0.0964144,2610
0.0485963,0.0955184,2610
0.0484118,0.0945601,2610
0.0481727,0.0951402,2610
0.0491878,0.0960247,2610
0.048998,0.096602,2610
0.0533958,0.0988286,2620
0.0505209,0.101217,2620
0.0513356,0.0969934,2620
0.0496702,0.0975909,2620
0.0502043,0.0975329,2620
0.0548112,0.094635,2620
0.048749,0.0959529,2620
0.0514517,0.106535,2620
0.0545994,0.10892,2620
0.0592029,0.111692,2620
0.0565266,0.108158,2620
0.0563163,0.103526,2620
0.0535756,0.102167,2620
0.0522962,0.100085,2620
0.0547759,0.103195,2620
0.0513777,0.101271,2620
0.0497677,0.0975898,2620
0.0499236,0.09701,2620
0.0488346,0.0975676,2620
0.0517863,0.100744,2620
0.0496632,0.096423,2620
0.049283,0.0951753,2620
0.0484095,0.0937972,2620
0.0479773,0.0964606,2620
0.0485624,0.0936724,2620
0.0478997,0.0950023,2620
0.0494,0.0984206,2620
0.053339,0.106935,2620
0.0503173,0.10178,2620
0.0507652,0.105286,2620
0.0508101,0.0985884,2620
0.0515934,0.0962199,2620
0.0513469,0.101951,2630
0.0532281,0.100107,2630
0.0509214,0.0973888,2630
0.0505833,0.104351,2630
0.0496476,0.0980756,2630
0.0496785,0.0945123,2630
0.0505269,0.0955477,2630
0.0502894,0.0965891,2630
0.0512914,0.096008,2630
0.0509183,0.0999312,2630
0.0505404,0.0975998,2630
0.0503992,0.10107,2630
0.0494447,0.0954156,2630
0.048886,0.0975614,2630
0.052281,0.0990313,2630
0.0503099,0.0970789,2630
0.0485636,0.0966345,2630
0.0533361,0.0963013,2630
0.0483838,0.0956642,2630
0.0488995,0.0958972,2630
0.0487965,0.0950154,2630
0.0542333,0.0974432,2630
0.051895,0.100357,2630
0.0555551,0.109072,2630
0.0555314,0.105617,2630
0.0574891,0.104529,2630
0.0533465,0.101769,2630
0.0538245,0.102645,2630
0.0523002,0.101112,2630
0.0516272,0.0984907,2630
0.0520106,0.100139,2630
0.0496065,0.0972959,2630
0.0509614,0.0996195,2640
0.0516089,0.103009,2640
0.0506892,0.0980278,2640
0.0603588,0.101386,2640
0.0553872,0.107022,2640
0.0519349,0.101927,2640
0.0514183,0.0994746,2640
0.0521446,0.10183,2640
0.0541135,0.0986207,2640
0.0514523,0.0979564,2640
0.0506009,0.100638,2640
0.0511722,0.0996373,2640
0.0559948,0.0970516,2640
0.0506253,0.100758,2640
0.0549299,0.0996463,2640
0.0510358,0.0987668,2640
0.0612231,0.0990618,2640
0.0504805,0.0985319,2640
0.0542921,0.0983831,2640
0.0500306,0.0983825,2640
0.0556929,0.0991905,2640
0.0504985,0.101371,2640
0.0502957,0.0975431,2640
0.0502707,0.105822,2640
0.0594306,0.112621,2640
0.0639102,0.110062,2640
0.0566639,0.115643,2640
0.0549655,0.105665,2640
0.0523402,0.1076,2640
0.05454,0.104279,2640
0.0526203,0.101627,2640
0.0528256,0.101352,2640
0.0542065,0.101879,2650
0.0561984,0.101804,2650
0.0512238,0.0991995,2650
0.0511493,0.0999714,2650
0.051199,0.0995392,2650
0.0514893,0.105741,2650
0.0499329,0.0986845,2650
0.0508256,0.106116,2650
0.050366,0.098339,2650
0.0552297,0.106684,2650
0.0513592,0.103382,2650
0.0515877,0.100598,2650
0.0506058,0.098465,2650
0.0507893,0.0991527,2650
0.0515001,0.0994694,2650
0.0537094,0.0991457,2650
0.0508717,0.0997549,2650
0.0497243,0.099774,2650
0.0509536,0.0979727,2650
0.0518962,0.100257,2650
0.051694,0.0987053,2650
0.052204,0.100939,2650
0.0501927,0.106665,2650
0.054206,0.0989359,2650
0.0574352,0.102496,2650
0.05175,0.0996002,2650
0.050931,0.0997024,2650
0.0519467,0.100021,2650
0.0552669,0.10028,2650
0.0501605,0.0980957,2650
0.0506464,0.0984746,2650
0.0502477,0.0984085,2650
0.0513389,0.0988606,2660
0.0535406,0.105201,2660
0.0541921,0.10039,2660
0.0506288,0.102619,2660
0.052479,0.10081,2660
0.0537697,0.0996125,2660
0.0514129,0.101685,2660
0.0514608,0.102011,2660
0.0518971,0.100548,2660
0.0530196,0.100671,2660
0.0514588,0.101024,2660
0.0542779,0.0993204,2660
0.050421,0.0983387,2660
0.0599649,0.102428,2660
0.0520384,0.0976971,2660
0.0494541,0.0978547,2660
0.0500186,0.106145,2660
0.0521608,0.0996831,2660
0.0514169,0.101333,2660
0.0512968,0.101895,2660
0.0516758,0.0994955,2660
0.0540922,0.101378,2660
0.0541762,0.0978413,2660
0.0529051,0.0981041,2660
0.0509998,0.0975628,2660
0.0507235,0.0972053,2660
0.0526048,0.101816,2660
0.0516389,0.101464,2660
0.0510719,0.0982778,2660
0.0630298,0.102838,2660
0.0543124,0.101143,2660
0.0502216,0.0984374,2660
0.0518564,0.102372,2670
0.0542333,0.102599,2670
0.0521766,0.101573,2670
0.0531859,0.102187,2670
0.0522504,0.101261,2670
0.0564583,0.0974835,2670
0.050578,0.0979671,2670
0.0528964,0.101791,2670
0.0572752,0.101949,2670
0.0510445,0.0977897,2670
0.0521742,0.102418,2670
0.0551211,0.0998337,2670
0.0510822,0.101106,2670
0.0521068,0.101403,2670
0.054465,0.101427,2670
0.0524325,0.0997864,2670
0.0511284,0.100451,2670
0.0512634,0.100697,2670
0.0508406,0.099557,2670
0.0506787,0.0994631,2670
0.0523835,0.100232,2670
0.0518592,0.101135,2670
0.0505611,0.0998404,2670
0.0506622,0.108317,2670
0.0519159,0.101044,2670
0.0513681,0.101488,2670
0.0522669,0.1018,2670
0.0520473,0.100418,2670
0.054132,0.0999407,2670
0.0539584,0.098144,2670
0.0516909,0.100747,2670
0.0556467,0.0989716,2670
0.0514404,0.101881,2680
0.0525874,0.102647,2680
0.0517858,0.100613,2680
0.0536526,0.0992186,2680
0.0505656,0.105467,2680
0.0585537,0.102626,2680
0.0517694,0.10249,2680
0.0565297,0.102625,2680
0.0541662,0.101079,2680
0.0509708,0.0973571,2680
0.050815,0.0999496,2680
0.0549437,0.100554,2680
0.0505163,0.0983492,2680
0.0509412,0.101257,2680
0.052834,0.0986773,2680
0.0505946,0.100812,2680
0.0512911,0.100951,2680
0.0508114,0.112693,2680
0.0535432,0.10292,2680
0.0517467,0.101293,2680
0.0545633,0.102399,2680
0.0545674,0.101706,2680
0.0534961,0.0989892,2680
0.0530185,0.101565,2680
0.0540289,0.0982795,2680
0.0501515,0.099716,2680
0.0519695,0.100996,2680
0.052665,0.103401,2680
0.0526459,0.119528,2680
0.0612377,0.114233,2680
0.0593493,0.106343,2680
0.0600701,0.105513,2680
0.0545958,0.105448,2690
0.0536931,0.104615,2690
0.0591228,0.104956,2690
0.0534673,0.101425,2690
0.0515904,0.100746,2690
0.0537795,0.100332,2690
0.0532334,0.102506,2690
0.0523225,0.102891,2690
0.0517701,0.101559,2690
0.0510478,0.0999972,2690
0.0518394,0.109694,2690
0.0550283,0.104046,2690
0.0530866,0.103674,2690
0.0527097,0.102856,2690
0.0533601,0.104742,2690
0.0528391,0.102561,2690
0.0527891,0.10175,2690
0.0522896,0.0994756,2690
0.0504613,0.102956,2690
0.0525037,0.102493,2690
0.0528577,0.103283,2690
0.0509008,0.0991162,2690
0.0540074,0.100848,2690
0.0554841,0.105829,2690
0.0537448,0.103593,2690
0.053039,0.103181,2690
0.0587953,0.102221,2690
0.0528674,0.100643,2690
0.0538058,0.100406,2690
0.0543004,0.0993459,2690
0.0511662,0.0996503,2690
0.0527458,0.101444,2690
0.0544191,0.102097,2700
0.0516684,0.10187,2700
0.0571398,0.10242,2700
0.0515885,0.100562,2700
0.0624903,0.102108,2700
0.0528706,0.104226,2700
0.0541658,0.102859,2700
0.0530431,0.102236,2700
0.0518734,0.0998347,2700
0.0523832,0.101934,2700
0.0519092,0.102692,2700
0.0516622,0.101786,2700
0.0534183,0.102832,2700
0.0535806,0.104566,2700
0.0524233,0.10094,2700
0.0541848,0.100599,2700
0.0518819,0.110795,2700
0.0547824,0.103516,2700
0.0532219,0.103751,2700
0.0529356,0.10325,2700
0.0525323,0.101784,2700
0.0532791,0.102265,2700
0.0528109,0.101944,2700
0.0519278,0.0990445,2700
0.0521773,0.103661,2700
0.053714,0.112535,2700
0.0516951,0.100614,2700
0.05077,0.100699,2700
0.0517393,0.0996737,2700
0.0514415,0.11438,2700
0.0556249,0.103299,2700
0.0528036,0.104039,2700
0.0555661,0.104827,2710
0.0519052,0.103776,2710
0.0517709,0.100007,2710
0.0521827,0.104753,2710
0.0530438,0.103729,2710
0.055269,0.103613,2710
0.0535134,0.102691,2710
0.0517377,0.100381,2710
0.0525926,0.100931,2710
0.0515543,0.101282,2710
0.0572019,0.104022,2710
0.0543453,0.10807,2710
0.0565502,0.104109,2710
0.0534253,0.103929,2710
0.0536621,0.101958,2710
0.0567656,0.102299,2710
0.0511406,0.10098,2710
0.0521228,0.102286,2710
0.0541512,0.101846,2710
0.0523723,0.100994,2710
0.0518258,0.101248,2710
0.0520527,0.101423,2710
0.0591116,0.102268,2710
0.0562946,0.103996,2710
0.0566848,0.105157,2710
0.0532174,0.104725,2710
0.0518769,0.101846,2710
0.0515268,0.101769,2710
0.0531891,0.101215,2710
0.052134,0.100342,2710
0.0550844,0.104604,2710
0.0530416,0.10246,2710
0.0519191,0.102643,2720
0.0545746,0.101044,2720
0.0524195,0.105071,2720
0.0524087,0.106177,2720
0.0535687,0.108195,2720
0.0535512,0.10625,2720
0.0548122,0.104871,2720
0.0554775,0.102597,2720
0.0534198,0.100604,2720
0.0584515,0.101651,2720
0.0528678,0.101917,2720
0.0571096,0.104164,2720
0.0542862,0.104561,2720
0.0528374,0.100204,2720
0.0529813,0.103577,2720
0.0557017,0.101483,2720
0.060947,0.104814,2720
0.0566874,0.104693,2720
0.0562701,0.107673,2720
0.0588015,0.101986,2720
0.0519926,0.101662,2720
0.0530839,0.101471,2720
0.0550239,0.102986,2720
0.0545803,0.104075,2720
0.0539059,0.104986,2720
0.0533661,0.102326,2720
0.0551544,0.100799,2720
0.0520165,0.105237,2720
0.0518506,0.105366,2720
0.0544267,0.10561,2720
0.0540025,0.103942,2720
0.053856,0.112301,2720
0.054674,0.103964,2730
0.0530342,0.103966,2730
0.0533168,0.101883,2730
0.0544349,0.106738,2730
0.0547893,0.104215,2730
0.054269,0.10339,2730
0.0524708,0.101545,2730
0.0528572,0.103436,2730
0.0560999,0.10397,2730
0.063781,0.109564,2730
0.0562604,0.105046,2730
0.0563066,0.104043,2730
0.0547831,0.105938,2730
0.0557166,0.103021,2730
0.0559249,0.102741,2730
0.053195,0.103308,2730
0.0544585,0.100817,2730
0.0529809,0.102718,2730
0.0528568,0.10228,2730
0.0523476,0.101258,2730
0.0551223,0.101389,2730
0.0536405,0.110721,2730
0.0555871,0.105508,2730
0.0550785,0.105957,2730
0.0540441,0.102598,2730
0.0550582,0.103338,2730
0.0532573,0.102097,2730
0.0523189,0.10297,2730
0.0546758,0.104213,2730
0.0544867,0.106616,2730
0.0527918,0.102975,2730
0.0528234,0.105365,2730
0.0535791,0.105193,2740
0.0532924,0.106441,2740
0.0626795,0.109448,2740
0.0553882,0.104985,2740
0.0553648,0.106028,2740
0.0545277,0.107684,2740
0.0544225,0.104445,2740
0.0532907,0.1022,2740
0.0567196,0.106178,2740
0.0542573,0.105677,2740
0.0541059,0.104283,2740
0.0531594,0.102383,2740
0.055046,0.103854,2740
0.0560138,0.103441,2740
0.0567131,0.105719,2740
0.0587487,0.105931,2740
0.0596299,0.103917,2740
0.0538905,0.103535,2740
0.053266,0.103228,2740
0.055427,0.102854,2740
0.0532191,0.104529,2740
0.0580941,0.102848,2740
0.0555126,0.104427,2740
0.0540648,0.102406,2740
0.0559114,0.105937,2740
0.0577145,0.104477,2740
0.0530788,0.104051,2740
0.0623391,0.108615,2740
0.0548288,0.105224,2740
0.0554507,0.107521,2740
0.0538203,0.104012,2740
0.0551416,0.105063,2740
0.0545764,0.106234,2750
0.0556429,0.106999,2750
0.0554285,0.104299,2750
0.0537511,0.102948,2750
0.0540142,0.107329,2750
0.0542555,0.105109,2750
0.0533876,0.104451,2750
0.0570296,0.113342,2750
0.0549884,0.106652,2750
0.0550414,0.107054,2750
0.0551045,0.107061,2750
0.0536257,0.103068,2750
0.0562553,0.104781,2750
0.055018,0.108688,2750
0.0560061,0.104898,2750
0.0531962,0.106345,2750
0.0535392,0.103332,2750
0.0529797,0.103283,2750
0.0541585,0.104015,2750
0.0542526,0.113458,2750
0.0547212,0.10726,2750
0.0547251,0.106728,2750
0.0552158,0.10671,2750
0.0550024,0.107003,2750
0.0533245,0.104669,2750
0.056738,0.106558,2750
0.055115,0.105385,2750
0.0564122,0.103875,2750
0.052676,0.103737,2750
0.0534793,0.103604,2750
0.0531097,0.105072,2750
0.0557072,0.106335,2750
0.0566066,0.111175,2760
0.0578339,0.109543,2760
0.056153,0.107746,2760
0.0550801,0.109818,2760
0.0554422,0.108279,2760
0.0556466,0.107386,2760
0.0551364,0.106693,2760
0.0596642,0.105012,2760
0.0542293,0.106596,2760
0.0545435,0.105391,2760
0.053803,0.106067,2760
0.0566841,0.105812,2760
0.0648631,0.107422,2760
0.0612216,0.108033,2760
0.0564646,0.103859,2760
0.0544747,0.10603,2760
0.0633695,0.106495,2760
0.0583108,0.104883,2760
0.0537696,0.104077,2760
0.0566902,0.104377,2760
0.0544871,0.104116,2760
0.0566753,0.103596,2760
0.0541147,0.102893,2760
0.0601348,0.103929,2760
0.0538761,0.110623,2760
0.0556793,0.107389,2760
0.0550387,0.107692,2760
0.0566164,0.105538,2760
0.0542951,0.10605,2760
0.0546872,0.110452,2760
0.0556699,0.10773,2760
0.0600494,0.104853,2760
0.0543204,0.104696,2770
0.05519,0.105469,2770
0.0538413,0.104165,2770
0.0556908,0.108944,2770
0.057787,0.110486,2770
0.0571984,0.108635,2770
0.0563993,0.10866,2770
0.05743,0.10862,2770
0.0552756,0.106073,2770
0.0575426,0.107958,2770
0.0560433,0.108178,2770
0.054494,0.106506,2770
0.0545706,0.10531,2770
0.0542236,0.107783,2770
0.0601803,0.107623,2770
0.0605371,0.105986,2770
0.0598782,0.108451,2770
0.0556011,0.108879,2770
0.055046,0.109941,2770
0.0565693,0.109085,2770
0.0540685,0.105723,2770
0.0556771,0.108118,2770
0.0564603,0.108672,2770
0.0542858,0.105146,2770
0.054345,0.105143,2770
0.0552059,0.105749,2770
0.05372,0.105339,2770
0.0544318,0.107937,2770
0.0556739,0.107752,2770
0.0574742,0.109041,2770
0.0608985,0.109319,2770
0.0612304,0.107703,2770
0.0563729,0.105303,2780
0.0558423,0.111004,2780
0.0603239,0.109199,2780
0.0555387,0.10751,2780
0.0553819,0.105255,2780
0.0605588,0.105854,2780
0.0546184,0.106467,2780
0.0576419,0.106015,2780
0.0543322,0.106447,2780
0.0596094,0.109739,2780
0.0580595,0.109186,2780
0.0616743,0.107206,2780
0.054975,0.10673,2780
0.0558697,0.109712,2780
0.0601254,0.10575,2780
0.054681,0.108119,2780
0.0571047,0.105278,2780
0.0606817,0.106708,2780
0.055047,0.109528,2780
0.0552038,0.107356,2780
0.0612544,0.106478,2780
0.0635555,0.109676,2780
0.0594937,0.109127,2780
0.0575653,0.106483,2780
0.0545275,0.107005,2780
0.0564216,0.11103,2780
0.0607993,0.106039,2780
0.0609446,0.105367,2780
0.0558777,0.105018,2780
0.0553364,0.106967,2780
0.054207,0.105664,2780
0.0546607,0.107215,2780
0.0574473,0.107162,2790
0.064305,0.109835,2790
0.0571424,0.110593,2790
0.0578055,0.108108,2790
0.0579632,0.109123,2790
0.0567538,0.109644,2790
0.0547077,0.106249,2790
0.0548735,0.108983,2790
0.0542722,0.106987,2790
0.0551755,0.106936,2790
0.0557013,0.107875,2790
0.0554374,0.11115,2790
0.0560035,0.108248,2790
0.0568181,0.110926,2790
0.059805,0.11082,2790
0.0599624,0.10868,2790
0.0559196,0.108195,2790
0.056683,0.110893,2790
0.0565204,0.109435,2790
0.0554485,0.106956,2790
0.0548236,0.106169,2790
0.0568509,0.106312,2790
0.06724,0.107248,2790
0.0554946,0.106109,2790
0.0586735,0.106304,2790
0.0647032,0.109979,2790
0.0560908,0.109156,2790
0.0555002,0.107275,2790
0.0574622,0.117504,2790
0.0573134,0.110764,2790
0.0568836,0.109425,2790
0.0552301,0.111149,2790
0.0553531,0.110638,2800
0.0620228,0.106799,2800
0.0589519,0.111886,2800
0.0576871,0.110523,2800
0.0561237,0.1141,2800
0.0578734,0.110966,2800
0.0599541,0.114334,2800
0.0616467,0.107848,2800
0.0575355,0.111994,2800
0.0629763,0.108061,2800
0.0559719,0.10726,2800
0.0558198,0.108354,2800
0.0560528,0.107978,2800
0.0588045,0.10783,2800
0.0556417,0.112391,2800
0.0565339,0.108026,2800
0.0583458,0.112749,2800
0.05688,0.109808,2800
0.0597173,0.111642,2800
0.0550337,0.109486,2800
0.0573163,0.110666,2800
0.0577373,0.109141,2800
0.0552055,0.107878,2800
0.0621195,0.109376,2800
0.0558617,0.107125,2800
0.0557383,0.108094,2800
0.05934,0.107293,2800
0.0584927,0.108431,2800
0.055972,0.116837,2800
0.0605414,0.111557,2800
0.0666783,0.107685,2800
0.0552377,0.108892,2800
0.0579008,0.111508,2810
0.0620735,0.107841,2810
0.0593105,0.109258,2810
0.0562907,0.111667,2810
0.0550265,0.106842,2810
0.0606651,0.107683,2810
0.0559823,0.111164,2810
0.0560228,0.114336,2810
0.0557016,0.117896,2810
0.0625893,0.111433,2810
0.0616203,0.108771,2810
0.0633034,0.108904,2810
0.0557635,0.109283,2810
0.0560022,0.113181,2810
0.0564143,0.111623,2810
0.0570076,0.108633,2810
0.0576046,0.110202,2810
0.0568398,0.108531,2810
0.0556922,0.107538,2810
0.0573962,0.108507,2810
0.063657,0.113867,2810
0.0596083,0.107838,2810
0.0558928,0.110834,2810
0.0602478,0.112385,2810
0.0561957,0.108599,2810
0.0652009,0.109072,2810
0.0610776,0.108529,2810
0.0591197,0.107957,2810
0.05559,0.107553,2810
0.0567918,0.110111,2810
0.0566983,0.108355,2810
0.0568876,0.108843,2810
0.0686661,0.112474,2820
0.0623614,0.112435,2820
0.0575276,0.112146,2820
0.0584399,0.112526,2820
0.0567696,0.108531,2820
0.0565918,0.109899,2820
0.0584669,0.110032,2820
0.0561484,0.10972,2820
0.0561872,0.112485,2820
0.0608429,0.112281,2820
0.0580896,0.110482,2820
0.0558523,0.115176,2820
0.0583109,0.114236,2820
0.0600927,0.113793,2820
0.0584217,0.111614,2820
0.0577405,0.111817,2820
0.0590687,0.108605,2820
0.0558321,0.108886,2820
0.0629624,0.110535,2820
0.0564878,0.109853,2820
0.05755,0.112408,2820
0.0582565,0.111379,2820
0.0590369,0.110585,2820
0.0566026,0.118947,2820
0.0639513,0.113161,2820
0.0571209,0.112403,2820
0.0612719,0.113414,2820
0.0563996,0.110946,2820
0.0585281,0.132273,2820
0.0645387,0.117139,2820
0.0620048,0.112065,2820
0.0599076,0.115116,2820
0.0593831,0.112459,2830
0.0579154,0.113692,2830
0.0585085,0.122435,2830
0.0585902,0.113115,2830
0.0590093,0.112471,2830
0.0583603,0.112929,2830
0.0611504,0.112116,2830
0.062301,0.110594,2830
0.0566637,0.10984,2830
0.0600285,0.111183,2830
0.0607323,0.109539,2830
0.0592974,0.113314,2830
0.0569483,0.108857,2830
0.0604838,0.109698,2830
0.0597199,0.113671,2830
0.0596042,0.113301,2830
0.0629141,0.115167,2830
0.0577774,0.110218,2830
0.056534,0.110067,2830
0.0621446,0.109135,2830
0.0566032,0.10891,2830
0.0626245,0.109581,2830
0.0572387,0.114867,2830
0.0574214,0.110262,2830
0.0661409,0.109214,2830
0.0567874,0.110188,2830
0.0583651,0.113472,2830
0.0595757,0.113565,2830
0.058807,0.113074,2830
0.0604375,0.112175,2830
0.0596537,0.11101,2830
0.0571284,0.110597,2830
0.0574055,0.121042,2840
0.0630615,0.118353,2840
0.0614001,0.11424,2840
0.0682232,0.11498,2840
0.0592619,0.113192,2840
0.0606288,0.121993,2840
0.0590108,0.114276,2840
0.0588589,0.114311,2840
0.0595809,0.116773,2840
0.0599509,0.110677,2840
0.0570389,0.112235,2840
0.0584821,0.110698,2840
0.0608724,0.110761,2840
0.0571108,0.111045,2840
0.0568282,0.117194,2840
0.0569839,0.111387,2840
0.0574836,0.111399,2840
0.0671828,0.11439,2840
0.0583179,0.113687,2840
0.0591967,0.116995,2840
0.0585996,0.11104,2840
0.0569774,0.110824,2840
0.0585833,0.110704,2840
0.0567383,0.113793,2840
0.057995,0.114977,2840
0.0590534,0.115078,2840
0.056934,0.110393,2840
0.0571048,0.112408,2840
0.0595995,0.12143,2840
0.0587034,0.114806,2840
0.0583522,0.11435,2840
0.0594387,0.11386,2840
0.0600018,0.113603,2850
0.0578288,0.111339,2850
0.057872,0.112233,2850
0.0577597,0.114431,2850
0.0602715,0.114912,2850
0.059051,0.112799,2850
0.0621075,0.110767,2850
0.0574385,0.113167,2850
0.070892,0.116111,2850
0.061532,0.113611,2850
0.059347,0.11588,2850
0.0606101,0.111333,2850
0.0571631,0.11073,2850
0.059652,0.111251,2850
0.0597407,0.111885,2850
0.0573172,0.114441,2850
0.0637933,0.115454,2850
0.0642556,0.117222,2850
0.0589772,0.113235,2850
0.0610605,0.115477,2850
0.0648626,0.116337,2850
0.0593682,0.116656,2850
0.0601856,0.112988,2850
0.0583737,0.113095,2850
0.0573226,0.111794,2850
0.0580077,0.113397,2850
0.0595304,0.11738,2850
0.0625817,0.112263,2850
0.0575186,0.112924,2850
0.060404,0.110937,2850
0.0581058,0.117339,2850
0.0596469,0.116571,2850
0.0624109,0.115208,2860
0.0593861,0.116179,2860
0.0617527,0.112054,2860
0.0598999,0.111864,2860
0.0585088,0.11339,2860
0.0648297,0.114196,2860
0.0602024,0.115304,2860
0.0590935,0.112168,2860
0.0590757,0.111998,2860
0.0674272,0.112325,2860
0.0591695,0.115064,2860
0.0605127,0.117382,2860
0.0595993,0.114881,2860
0.0600618,0.112392,2860
0.0586183,0.114591,2860
0.0608086,0.112485,2860
0.0608491,0.114593,2860
0.0595793,0.116003,2860
0.0600209,0.115669,2860
0.0594685,0.113795,2860
0.0617147,0.113532,2860
0.0580476,0.113903,2860
0.0622268,0.116855,2860
0.0587837,0.115424,2860
0.0602486,0.112875,2860
0.0579339,0.115873,2860
0.0646672,0.11249,2860
0.0615451,0.111751,2860
0.0662537,0.114706,2860
0.0571372,0.111791,2860
0.058024,0.11188,2860
0.0676544,0.11059,2860
0.0626282,0.113194,2870
0.0651927,0.116454,2870
0.0625507,0.113819,2870
0.0578574,0.112364,2870
0.0583664,0.11349,2870
0.0611396,0.113446,2870
0.0581593,0.114178,2870
0.0628532,0.118529,2870
0.0644791,0.112851,2870
0.0579307,0.115418,2870
0.0586999,0.113028,2870
0.0612463,0.115305,2870
0.0577676,0.122151,2870
0.0622814,0.115858,2870
0.06007,0.117336,2870
0.0581579,0.114239,2870
0.0584763,0.11851,2870
0.0584486,0.112861,2870
0.0618637,0.117379,2870
0.0647388,0.112553,2870
0.0580631,0.114988,2870
0.0587629,0.113165,2870
0.058382,0.113284,2870
0.0610457,0.120582,2870
0.0603175,0.115941,2870
0.0597498,0.116987,2870
0.0633728,0.112508,2870
0.0588084,0.112543,2870
0.0580844,0.11467,2870
0.0580782,0.119255,2870
0.0599856,0.11768,2870
0.061117,0.113088,2870
0.0622726,0.114648,2880
0.0614892,0.116268,2880
0.0606843,0.113931,2880
0.0693073,0.116994,2880
0.0613453,0.118487,2880
0.059299,0.114764,2880
0.0651506,0.11697,2880
0.0652961,0.113892,2880
0.0625219,0.1213,2880
0.0594606,0.113125,2880
0.0648549,0.114682,2880
0.0594606,0.114576,2880
0.0590286,0.115257,2880
0.0594485,0.114944,2880
0.0629815,0.117314,2880
0.0657774,0.117469,2880
0.0650253,0.113795,2880
0.0588206,0.114519,2880
0.0621731,0.113091,2880
0.0608308,0.196706,2880
0.0820871,0.157812,2880
0.085107,0.175894,2880
0.0771799,0.141328,2880
0.0683144,0.13479,2880
0.0703473,0.128737,2880
0.0641757,0.130366,2880
0.062543,0.117695,2880
0.0624862,0.119972,2880
0.0607054,0.118579,2880
0.0616156,0.118094,2880
0.0630692,0.115328,2880
0.0589208,0.115154,2880
0.0617301,0.116646,2890
0.0608435,0.116439,2890
0.0607158,0.119288,2890
0.0634298,0.118612,2890
0.0613295,0.117795,2890
0.061388,0.116741,2890
0.0598044,0.115032,2890
0.0596035,0.11659,2890
0.0606886,0.117366,2890
0.0609906,0.115881,2890
0.0594048,0.115928,2890
0.0598472,0.115582,2890
0.065238,0.114494,2890
0.0598122,0.118934,2890
0.0600633,0.11738,2890
0.0616803,0.117679,2890
0.0611417,0.117037,2890
0.0612453,0.118369,2890
0.0618082,0.116941,2890
0.0616173,0.120299,2890
0.0616914,0.114589,2890
0.0600563,0.114468,2890
0.0600989,0.11564,2890
0.0592335,0.114099,2890
0.0611848,0.118514,2890
0.0747026,0.11922,2890
0.0639958,0.116666,2890
0.0592957,0.113727,2890
0.0588239,0.114512,2890
0.0623263,0.114763,2890
0.0610236,0.118414,2890
0.0622115,0.115057,2890
0.0596472,0.117827,2900
0.0604509,0.116055,2900
0.0628456,0.115334,2900
0.062002,0.119195,2900
0.076538,0.120759,2900
0.0610418,0.115496,2900
0.0601949,0.117423,2900
0.0599394,0.114401,2900
0.0603212,0.122544,2900
0.0674152,0.114227,2900
0.0600095,0.116212,2900
0.0602677,0.115497,2900
0.0607888,0.120875,2900
0.0606496,0.116042,2900
0.0610482,0.118122,2900
0.0603899,0.124718,2900
0.0620565,0.118363,2900
0.0614399,0.11745,2900
0.0598838,0.115455,2900
0.0596357,0.11842,2900
0.0617141,0.118448,2900
0.0613279,0.117485,2900
0.0596354,0.117369,2900
0.0672248,0.115417,2900
0.0603652,0.117819,2900
0.0600622,0.117284,2900
0.0595173,0.125119,2900
0.0615061,0.121805,2900
0.0611243,0.117715,2900
0.0599413,0.115845,2900
0.0597407,0.11847,2900
0.061734,0.118424,2900
0.062477,0.120049,2910
0.0608111,0.118614,2910
0.0597946,0.116827,2910
0.0612859,0.116113,2910
0.0637065,0.120235,2910
0.0611112,0.119964,2910
0.0626751,0.119066,2910
0.0624618,0.120979,2910
0.062648,0.115487,2910
0.0604076,0.121005,2910
0.0650317,0.119639,2910
0.0607823,0.117771,2910
0.0596811,0.118807,2910
0.0608786,0.117659,2910
0.0595368,0.117461,2910
0.0645791,0.119559,2910
0.0602393,0.118944,2910
0.0618797,0.122796,2910
0.0628739,0.120745,2910
0.0602117,0.11777,2910
0.0606171,0.122841,2910
0.061258,0.121293,2910
0.0609581,0.118971,2910
0.0598822,0.11832,2910
0.0597369,0.116041,2910
0.0613919,0.11775,2910
0.0623757,0.11934,2910
0.0669185,0.124705,2910
0.0625204,0.120159,2910
0.0615023,0.121644,2910
0.0595258,0.119465,2910
0.0616682,0.122574,2910
0.0619475,0.119856,2920
0.0624742,0.11871,2920
0.0626159,0.119573,2920
0.0658629,0.117918,2920
0.0636314,0.119194,2920
0.0614338,0.117779,2920
0.0615543,0.125835,2920
0.0626414,0.123356,2920
0.0633104,0.119349,2920
0.0621383,0.117716,2920
0.0627969,0.12123,2920
0.0672859,0.12296,2920
0.0604874,0.118317,2920
0.0603696,0.116331,2920
0.0606754,0.1169,2920
0.0610122,0.119992,2920
0.0623079,0.118323,2920
0.0614692,0.13089,2920
0.064748,0.119927,2920
0.0612183,0.117023,2920
0.0612992,0.121779,2920
0.0631255,0.120667,2920
0.0610036,0.117337,2920
0.0608007,0.116216,2920
0.0603307,0.116795,2920
0.0628301,0.118619,2920
0.0608368,0.120728,2920
0.0677678,0.116557,2920
0.0663552,0.1257,2920
0.0615861,0.117825,2920
0.0606068,0.116673,2920
0.0614609,0.11938,2920
0.0626814,0.122286,2930
0.0623933,0.118389,2930
0.0611281,0.121319,2930
0.0617823,0.118302,2930
0.0611375,0.118302,2930
0.0639094,0.123548,2930
0.0622403,0.117974,2930
0.0632587,0.126138,2930
0.0627941,0.123968,2930
0.0611211,0.120627,2930
0.0616959,0.122064,2930
0.063484,0.122463,2930
0.0628038,0.119624,2930
0.0639585,0.120994,2930
0.0610821,0.120109,2930
0.061204,0.120413,2930
0.0616251,0.117578,2930
0.0612114,0.118773,2930
0.0638861,0.123129,2930
0.0632764,0.122676,2930
0.0626111,0.120135,2930
0.0688209,0.12154,2930
0.0815472,0.134195,2930
0.0717286,0.133452,2930
0.0673008,0.128796,2930
0.0645787,0.133579,2930
0.067663,0.131394,2930
0.0674192,0.132852,2930
0.0660265,0.128428,2930
0.0689378,0.125203,2930
0.0627605,0.12369,2930
0.0699125,0.124673,2930
0.0637838,0.123205,2940
0.0641696,0.124267,2940
0.0634027,0.124222,2940
0.0627814,0.122161,2940
0.0664281,0.131336,2940
0.0649656,0.124869,2940
0.0635926,0.131245,2940
0.0695478,0.123065,2940
0.0640606,0.122875,2940
0.0641285,0.125433,2940
0.064304,0.122473,2940
0.0640108,0.123005,2940
0.0633277,0.124342,2940
0.0677182,0.120726,2940
0.0606137,0.1214,2940
0.0634493,0.122023,2940
0.0693282,0.135632,2940
0.0785863,0.135178,2940
0.0706604,0.126635,2940
0.0670636,0.127272,2940
0.0654508,0.126938,2940
0.0703269,0.125567,2940
0.069086,0.124046,2940
0.0634618,0.127048,2940
0.064839,0.123712,2940
0.063719,0.12347,2940
0.063502,0.123067,2940
0.0609527,0.122905,2940
0.0634144,0.121882,2940
0.0661584,0.122788,2940
0.0708849,0.124097,2940
0.0635888,0.121858,2940
0.0647488,0.124308,2950
0.0638832,0.124698,2950
0.0641334,0.125243,2950
0.066227,0.125808,2950
0.0643113,0.122383,2950
0.0663953,0.123067,2950
0.0659306,0.122851,2950
0.0644029,0.122582,2950
0.0760075,0.122979,2950
0.0690037,0.12477,2950
0.0640485,0.123878,2950
0.0643329,0.12439,2950
0.0644205,0.12377,2950
0.0643869,0.124769,2950
0.0637945,0.123792,2950
0.0633675,0.121268,2950
0.0666585,0.132684,2950
0.0649647,0.123238,2950
0.0633833,0.12318,2950
0.0655019,0.123998,2950
0.0645606,0.122678,2950
0.0645445,0.122789,2950
0.0653072,0.124374,2950
0.063087,0.121869,2950
0.0634931,0.124157,2950
0.0638543,0.121968,2950
0.0677746,0.118854,2950
0.066883,0.124654,2950
0.0689477,0.120634,2950
0.0649314,0.125118,2950
0.063891,0.123933,2950
0.0635203,0.122465,2950
0.0690095,0.127386,2960
0.0714629,0.125308,2960
0.0680415,0.124521,2960
0.0642451,0.124189,2960
0.0639154,0.123107,2960
0.0642087,0.132959,2960
0.0636211,0.124765,2960
0.0646998,0.125989,2960
0.0651906,0.123296,2960
0.0641966,0.124648,2960
0.0643848,0.128766,2960
0.0623027,0.123804,2960
0.0624991,0.12364,2960
0.0636058,0.123559,2960
0.0629567,0.124283,2960
0.0621989,0.121564,2960
0.0678528,0.12477,2960
0.0713656,0.124882,2960
0.0660681,0.123705,2960
0.0652966,0.124993,2960
0.0642911,0.12602,2960
0.0625968,0.120206,2960
0.0631122,0.12141,2960
0.0655932,0.123406,2960
0.0643679,0.1207,2960
0.0625497,0.120359,2960
0.062211,0.12732,2960
0.0657189,0.150976,2960
0.0712292,0.134643,2960
0.0683947,0.128898,2960
0.0696355,0.124945,2960
0.0637826,0.125112,2960
0.065165,0.125001,2970
0.0650479,0.140857,2970
0.0793865,0.15067,2970
0.085698,0.155837,2970
0.0761589,0.150534,2970
0.0726667,0.14143,2970
0.068531,0.133165,2970
0.0672236,0.129336,2970
0.0655746,0.124868,2970
0.0670832,0.125276,2970
0.0659249,0.124889,2970
0.0652913,0.125758,2970
0.0649283,0.124702,2970
0.0626618,0.120809,2970
0.0630602,0.13347,2970
0.0644567,0.126883,2970
0.0643982,0.124717,2970
0.0649599,0.124899,2970
0.0646996,0.124806,2970
0.0670703,0.121374,2970
0.0697131,0.121914,2970
0.0649139,0.125424,2970
0.0684207,0.121807,2970
0.0699198,0.121572,2970
0.0630334,0.122054,2970
0.0651272,0.124882,2970
0.0676653,0.125689,2970
0.0714622,0.122547,2970
0.0650364,0.120767,2970
0.0626903,0.11967,2970
0.0631928,0.123941,2970
0.0653073,0.127035,2970
0.0655912,0.125401,2980
0.0633057,0.12169,2980
0.0636958,0.122264,2980
0.0695576,0.125702,2980
0.0662273,0.125871,2980
0.066686,0.125661,2980
0.0653534,0.128162,2980
0.0661934,0.123112,2980
0.0636903,0.124963,2980
0.0634058,0.126521,2980
0.0704408,0.121558,2980
0.0694666,0.121563,2980
0.0643556,0.121577,2980
0.0634213,0.124509,2980
0.0696036,0.127032,2980
0.0693073,0.127933,2980
0.0664777,0.127354,2980
0.0657555,0.124867,2980
0.0637584,0.121928,2980
0.069409,0.123854,2980
0.0653024,0.127503,2980
0.0689625,0.125091,2980
0.0656735,0.122788,2980
0.0652956,0.120872,2980
0.0638859,0.134478,2980
0.0697671,0.127704,2980
0.0642423,0.123388,2980
0.0642904,0.12146,2980
0.070602,0.124626,2980
0.0635315,0.121994,2980
0.0644412,0.123954,2980
0.0661016,0.122486,2980
0.0637337,0.12212,2990
0.0663907,0.123451,2990
0.066756,0.126397,2990
0.0690851,0.128446,2990
0.0663881,0.125549,2990
0.0651829,0.123511,2990
0.063297,0.124307,2990
0.0644702,0.123829,2990
0.0649862,0.126229,2990
0.0657609,0.129253,2990
0.0643705,0.122353,2990
0.0658224,0.124022,2990
0.0657448,0.123412,2990
0.0792102,0.129803,2990
0.0655151,0.125786,2990
0.0655024,0.12573,2990
0.0653501,0.124273,2990
0.0642759,0.12244,2990
0.0633108,0.125338,2990
0.0649833,0.12606,2990
0.0662277,0.124549,2990
0.0644574,0.123132,2990
0.0633344,0.121968,2990
0.0639512,0.131147,2990
0.0657381,0.126128,2990
0.0651265,0.126781,2990
0.0660123,0.126556,2990
0.0646924,0.124088,2990
0.0693187,0.12424,2990
0.0650223,0.128304,2990
0.0631744,0.121714,2990
0.0704051,0.125987,2990
0.0644118,0.123429,3000
0.0639073,0.123479,3000
0.0727224,0.129428,3000
0.068435,0.1285,3000
0.0660811,0.126917,3000
0.0642228,0.124981,3000
0.0646139,0.123353,3000
0.0657364,0.126648,3000
0.0710775,0.124239,3000
0.0643902,0.122971,3000
0.0637078,0.124296,3000
0.0638923,0.123445,3000
0.0644201,0.129919,3000
0.0670603,0.126697,3000
0.0715484,0.125487,3000
0.0647192,0.124165,3000
0.0639914,0.125933,3000
0.0647043,0.125678,3000
0.0665495,0.122398,3000
0.0645019,0.124166,3000
0.0640997,0.123422,3000
0.0682616,0.123894,3000
0.0650366,0.128785,3000
0.0672367,0.127835,3000
0.0717837,0.127546,3000
0.0670409,0.127224,3000
0.064983,0.123173,3000
0.0638842,0.125635,3000
0.0674322,0.124765,3000
0.0701538,0.123492,3000
0.0707655,0.123419,3000
0.0642557,0.122197,3000
0.0648648,0.124636,3010
0.0655438,0.13833,3010
0.0664419,0.128616,3010
0.0662692,0.128354,3010
0.0685693,0.124574,3010
0.0668637,0.125988,3010
0.0670835,0.12603,3010
0.0638688,0.12496,3010
0.0654577,0.125435,3010
0.0724571,0.132178,3010
0.0678639,0.127726,3010
0.0688253,0.140029,3010
0.0699915,0.128173,3010
0.0725865,0.128196,3010
0.0659294,0.125358,3010
0.0647049,0.125972,3010
0.069886,0.12718,3010
0.065047,0.124494,3010
0.0639135,0.123801,3010
0.0651503,0.123475,3010
0.0645814,0.12394,3010
0.0660265,0.136223,3010
0.0672011,0.126796,3010
0.0663972,0.127425,3010
0.0728117,0.125266,3010
0.064631,0.124771,3010
0.0673465,0.131313,3010
0.064922,0.131673,3010
0.0678907,0.124639,3010
0.0649205,0.12472,3010
0.06488,0.12534,3010
0.0646228,0.127865,3010
0.0793889,0.13098,3020
0.0735709,0.12902,3020
0.0652242,0.125125,3020
0.0648989,0.12468,3020
0.0686436,0.13098,3020
0.0660705,0.127726,3020
0.0658584,0.129135,3020
0.07059,0.127887,3020
0.0698984,0.124909,3020
0.0656853,0.125216,3020
0.0774442,0.133163,3020
0.0726183,0.128046,3020
0.0684828,0.124252,3020
0.0653989,0.125816,3020
0.066645,0.128402,3020
0.0653389,0.125381,3020
0.0662369,0.125193,3020
0.0649065,0.127551,3020
0.0725752,0.127736,3020
0.0653903,0.126469,3020
0.0675564,0.136482,3020
0.0699279,0.133262,3020
0.0669576,0.127944,3020
0.065328,0.126314,3020
0.0678165,0.127561,3020
0.0680854,0.126134,3020
0.0646531,0.126526,3020
0.0655804,0.125914,3020
0.0693682,0.127795,3020
0.0700756,0.125486,3020
0.0657512,0.130829,3020
0.0672055,0.1288,3020
0.0680064,0.12877,3030
0.0675673,0.129364,3030
0.0665155,0.131131,3030
0.0691209,0.129408,3030
0.0650086,0.125835,3030
0.0650616,0.128197,3030
0.0648196,0.126227,3030
0.0653233,0.128666,3030
0.0682839,0.133603,3030
0.0689371,0.129493,3030
0.0702795,0.129583,3030
0.0698051,0.125279,3030
0.0653798,0.129135,3030
0.0723254,0.1275,3030
0.0651303,0.126532,3030
0.0715661,0.127404,3030
0.0658288,0.126277,3030
0.0663885,0.127775,3030
0.06763,0.134593,3030
0.0685662,0.130686,3030
0.0666823,0.130509,3030
0.068497,0.128002,3030
0.0662012,0.130248,3030
0.0688372,0.125999,3030
0.0658049,0.126936,3030
0.0716318,0.126277,3030
0.0714538,0.129,3030
0.06534,0.126387,3030
0.0664095,0.125753,3030
0.0705306,0.133874,3030
0.0685321,0.132534,3030
0.0674119,0.126865,3030
0.0672732,0.129816,3040
0.0682654,0.134171,3040
0.071847,0.126175,3040
0.0667361,0.126279,3040
0.0672256,0.130488,3040
0.0719098,0.128729,3040
0.0667422,0.126501,3040
0.0752334,0.130807,3040
0.0685,0.132273,3040
0.0674631,0.12864,3040
0.0690687,0.129865,3040
0.0682127,0.13058,3040
0.0704693,0.128155,3040
0.0664,0.127612,3040
0.0664987,0.130625,3040
0.0662072,0.129056,3040
0.0688755,0.129248,3040
0.0815349,0.130934,3040
0.0792664,0.132744,3040
0.0659707,0.127132,3040
0.0663305,0.129738,3040
0.0668945,0.127573,3040
0.0683394,0.126024,3040
0.0660039,0.126496,3040
0.069175,0.127988,3040
0.0666468,0.126637,3040
0.0700467,0.127894,3040
0.0746895,0.130364,3040
0.0729816,0.128417,3040
0.0658773,0.125671,3040
0.0676983,0.133708,3040
0.0672256,0.127536,3040
0.0695998,0.131987,3050
0.0720643,0.130722,3050
0.0670055,0.127506,3050
0.0699344,0.129758,3050
0.0709812,0.127273,3050
0.0787965,0.132976,3050
0.0696635,0.12678,3050
0.0654462,0.129172,3050
0.0707367,0.131073,3050
0.0673669,0.128336,3050
0.0673566,0.128513,3050
0.0660398,0.13696,3050
0.070619,0.136758,3050
0.0733403,0.14066,3050
0.0756394,0.147715,3050
0.0772707,0.14847,3050
0.076682,0.145304,3050
0.0756333,0.145497,3050
0.0756349,0.14739,3050
0.0754142,0.146434,3050
0.0763317,0.144795,3050
0.0786747,0.140527,3050
0.0725574,0.14566,3050
0.0779157,0.150163,3050
0.0766268,0.143144,3050
0.0728276,0.135291,3050
0.072074,0.136073,3050
0.071095,0.134902,3050
0.0720509,0.140624,3050
0.076287,0.144737,3050
0.0942442,0.14666,3050
0.0756291,0.146375,3050
0.081459,0.14604,3060
0.088618,0.151662,3060
0.0793299,0.15176,3060
0.0764482,0.150419,3060
0.0775388,0.150032,3060
0.0816077,0.149291,3060
0.0776083,0.146559,3060
0.0761474,0.15344,3060
0.077108,0.151156,3060
0.0783815,0.15761,3060
0.0786225,0.154207,3060
0.0783623,0.152605,3060
0.0861174,0.150019,3060
0.0769102,0.141622,3060
0.078842,0.137704,3060
0.0746765,0.134225,3060
0.0690658,0.135449,3060
0.0699348,0.132401,3060
0.0682819,0.137364,3060
0.0751508,0.131927,3060
0.0686254,0.132477,3060
0.0719288,0.13234,3060
0.0687803,0.129494,3060
0.0740859,0.133866,3060
0.0742391,0.128856,3060
0.0677975,0.129108,3060
0.067491,0.129196,3060
0.0669363,0.127405,3060
0.069456,0.134097,3060
0.0699331,0.135574,3060
0.0721495,0.131676,3060
0.0692451,0.129364,3060
0.0684302,0.13097,3070
0.0726661,0.130611,3070
0.0677284,0.128828,3070
0.0678385,0.130691,3070
0.0682727,0.138942,3070
0.0679738,0.130028,3070
0.068523,0.137072,3070
0.0701199,0.132666,3070
0.0697762,0.133841,3070
0.0699074,0.131977,3070
0.0685637,0.13348,3070
0.0683677,0.130171,3070
0.0679941,0.129651,3070
0.0706825,0.130521,3070
0.0684247,0.131197,3070
0.0673223,0.130589,3070
0.0677832,0.133532,3070
0.0752785,0.135861,3070
0.0696413,0.133546,3070
0.0733764,0.133203,3070
0.0679462,0.128516,3070
0.0686033,0.130131,3070
0.0692753,0.130401,3070
0.0680321,0.129149,3070
0.06701,0.130629,3070
0.0677874,0.129668,3070
0.0691284,0.134088,3070
0.0766931,0.134877,3070
0.0714132,0.133379,3070
0.0722185,0.130298,3070
0.0675623,0.130569,3070
0.0684227,0.129841,3070
0.069222,0.1312,3080
0.06796,0.134023,3080
0.0692656,0.130237,3080
0.0692861,0.132346,3080
0.0695284,0.13871,3080
0.07039,0.133304,3080
0.0717898,0.137388,3080
0.0704117,0.135512,3080
0.0694599,0.133639,3080
0.0740814,0.133463,3080
0.0749297,0.131172,3080
0.0705611,0.134721,3080
0.0674081,0.133758,3080
0.0679565,0.131053,3080
0.0773657,0.134257,3080
0.069663,0.134858,3080
0.0725032,0.131672,3080
0.0679616,0.132415,3080
0.0747137,0.131485,3080
0.0675566,0.130638,3080
0.0677828,0.131998,3080
0.0703193,0.131794,3080
0.0674951,0.133626,3080
0.0681307,0.131946,3080
0.0701831,0.134281,3080
0.0696943,0.134444,3080
0.0707205,0.133483,3080
0.0672919,0.129339,3080
0.0700918,0.130679,3080
0.0712323,0.13123,3080
0.0689737,0.131459,3080
0.0802585,0.129788,3080
0.0753483,0.131037,3090
0.0686039,0.131934,3090
0.0713975,0.136887,3090
0.0702414,0.132666,3090
0.0692008,0.132109,3090
0.0703649,0.130485,3090
0.070459,0.131054,3090
0.0680191,0.132763,3090
0.0676736,0.14109,3090
0.0700841,0.135046,3090
0.0707576,0.134201,3090
0.0683274,0.134233,3090
0.0703539,0.135648,3090
0.0711718,0.133869,3090
0.070407,0.130836,3090
0.0700067,0.132688,3090
0.0685233,0.136159,3090
0.0686255,0.132246,3090
0.0703198,0.131431,3090
0.0687434,0.136006,3090
0.0689534,0.129175,3090
0.0685085,0.145001,3090
0.0736772,0.135573,3090
0.085701,0.140199,3090
0.0716957,0.138715,3090
0.0728599,0.134804,3090
0.072576,0.135092,3090
0.0702147,0.135007,3090
0.0703631,0.131344,3090
0.0680614,0.131389,3090
0.0739786,0.136642,3090
0.0720424,0.134146,3090
0.0708653,0.135507,3100
0.0699288,0.132705,3100
0.0688876,0.132051,3100
0.092961,0.141819,3100
0.0751128,0.146859,3100
0.0726565,0.141098,3100
0.0715373,0.135606,3100
0.0706487,0.138488,3100
0.0765049,0.142868,3100
0.0709787,0.136201,3100
0.0765905,0.130099,3100
0.0692728,0.132647,3100
0.0686445,0.131477,3100
0.0768177,0.131835,3100
0.0718683,0.13182,3100
0.0705419,0.13334,3100
0.0697656,0.131792,3100
0.0707645,0.131724,3100
0.0787511,0.136192,3100
0.0764851,0.134667,3100
0.0692928,0.131734,3100
0.0687836,0.131112,3100
0.0707638,0.135341,3100
0.0709059,0.137782,3100
0.0726333,0.141305,3100
0.0731781,0.169502,3100
0.0761458,0.14503,3100
0.0728018,0.150469,3100
0.078198,0.137506,3100
0.0731356,0.137592,3100
0.0708871,0.133263,3100
0.0715898,0.135273,3100
0.0718413,0.134554,3110
0.0717981,0.136596,3110
0.0699863,0.137116,3110
0.0718555,0.136089,3110
0.0693717,0.141686,3110
0.0747135,0.136605,3110
0.0766149,0.132413,3110
0.0734465,0.132567,3110
0.0685069,0.133345,3110
0.0696021,0.135007,3110
0.0717505,0.135074,3110
0.0716749,0.132318,3110
0.0721676,0.132784,3110
0.069484,0.135384,3110
0.0738725,0.134243,3110
0.0715449,0.134855,3110
0.0710516,0.133861,3110
0.069893,0.134947,3110
0.0698577,0.135664,3110
0.0702547,0.133229,3110
0.0702271,0.139283,3110
0.074956,0.134293,3110
0.0694387,0.132312,3110
0.068565,0.133109,3110
0.0707002,0.137087,3110
0.0705241,0.134782,3110
0.0694891,0.135522,3110
0.0692209,0.134149,3110
0.0701307,0.13221,3110
0.0703843,0.137084,3110
0.0685675,0.132939,3110
0.0691176,0.132988,3110
0.0756805,0.135645,3120
0.0702757,0.135381,3120
0.0800055,0.137531,3120
0.0726266,0.139545,3120
0.0692359,0.134699,3120
0.0701211,0.133484,3120
0.0757591,0.136157,3120
0.0704357,0.132659,3120
0.0692053,0.133646,3120
0.0713135,0.134472,3120
0.0696952,0.133719,3120
0.0702175,0.136771,3120
0.0736559,0.138701,3120
0.0704173,0.138352,3120
0.0762731,0.133509,3120
0.0697973,0.133624,3120
0.0729107,0.133549,3120
0.0707598,0.133153,3120
0.0695839,0.134308,3120
0.070446,0.135028,3120
0.0731266,0.136138,3120
0.0777734,0.137806,3120
0.073771,0.14157,3120
0.0702641,0.13386,3120
0.0689719,0.137983,3120
0.0708031,0.13749,3120
0.0713814,0.134499,3120
0.0699625,0.136033,3120
0.0703932,0.137557,3120
0.0705294,0.133941,3120
0.0694967,0.139398,3120
0.0718184,0.13909,3120
0.072184,0.137807,3130
0.0710326,0.136765,3130
0.0707343,0.135554,3130
0.0710444,0.137525,3130
0.0715763,0.137256,3130
0.0711105,0.135872,3130
0.0705928,0.135109,3130
0.0707778,0.134176,3130
0.0699264,0.13897,3130
0.0719486,0.138703,3130
0.0732512,0.138145,3130
0.0711268,0.136896,3130
0.0716329,0.136393,3130
0.0738753,0.134148,3130
0.0700667,0.136104,3130
0.0700532,0.133561,3130
0.0710705,0.133692,3130
0.0698381,0.135441,3130
0.0788109,0.138733,3130
0.0727972,0.135249,3130
0.0700237,0.13515,3130
0.0702822,0.135459,3130
0.0699943,0.140291,3130
0.0723354,0.134843,3130
0.0704237,0.13618,3130
0.0750351,0.135272,3130
0.0703512,0.134326,3130
0.0702129,0.147431,3130
0.0715233,0.134965,3130
0.0729179,0.134001,3130
0.0714046,0.134041,3130
0.0708964,0.138614,3130
0.0720473,0.135607,3140
0.0710818,0.138371,3140
0.0708324,0.136126,3140
0.0716786,0.134509,3140
0.070422,0.136718,3140
0.0825464,0.141849,3140
0.0767725,0.139843,3140
0.0710772,0.140276,3140
0.0748579,0.140811,3140
0.0721368,0.137962,3140
0.0764725,0.136467,3140
0.0713216,0.13455,3140
0.0705304,0.136633,3140
0.0704399,0.136213,3140
0.0709671,0.138988,3140
0.0726636,0.142472,3140
0.0733187,0.135724,3140
0.0709868,0.136403,3140
0.077012,0.135233,3140
0.0713032,0.134764,3140
0.0711973,0.136591,3140
0.0716498,0.135183,3140
0.0712172,0.136023,3140
0.0713353,0.136696,3140
0.0772026,0.139473,3140
0.0744544,0.141365,3140
0.074608,0.140279,3140
0.0764838,0.142103,3140
0.0754089,0.142834,3140
0.0719365,0.139467,3140
0.0719485,0.135529,3140
0.0743113,0.139149,3140
0.0705259,0.13927,3150
0.0720941,0.142337,3150
0.0759872,0.142409,3150
0.0720103,0.140838,3150
0.072199,0.137619,3150
0.0733819,0.139502,3150
0.0705964,0.140602,3150
0.0712961,0.136084,3150
0.0718896,0.136912,3150
0.070603,0.136336,3150
0.0712235,0.138561,3150
0.0741982,0.142864,3150
0.0736984,0.142543,3150
0.0740541,0.137034,3150
0.0740796,0.139355,3150
0.0715515,0.138572,3150
0.073185,0.135269,3150
0.0733781,0.13618,3150
0.0722986,0.137704,3150
0.0717714,0.138975,3150
0.0724841,0.141515,3150
0.0734743,0.145422,3150
0.0722659,0.139744,3150
0.0708027,0.138003,3150
0.0722922,0.136573,3150
0.0723472,0.141422,3150
0.0746422,0.135347,3150
0.0713026,0.136088,3150
0.0733415,0.136904,3150
0.0705986,0.143946,3150
0.075449,0.139253,3150
0.0711584,0.136645,3150
0.0742427,0.140117,3160
0.0765048,0.139634,3160
0.0716515,0.140928,3160
0.0746673,0.137644,3160
0.0719758,0.140067,3160
0.071782,0.139045,3160
0.0721664,0.136711,3160
0.0736272,0.1407,3160
0.0767438,0.143493,3160
0.0720168,0.138994,3160
0.0724332,0.144626,3160
0.0707803,0.140566,3160
0.0738192,0.138922,3160
0.0725263,0.137528,3160
0.0735361,0.136373,3160
0.0742331,0.137854,3160
0.0704403,0.142358,3160
0.0729421,0.142705,3160
0.0713596,0.139812,3160
0.0781504,0.137731,3160
0.0716981,0.137333,3160
0.0715459,0.136717,3160
0.0741582,0.137916,3160
0.0740555,0.135729,3160
0.0718827,0.137483,3160
0.0733683,0.136807,3160
0.0771656,0.141711,3160
0.0712972,0.138981,3160
0.0733787,0.136873,3160
0.0762095,0.137517,3160
0.0733787,0.139498,3160
0.0733505,0.136193,3160
0.0746697,0.140773,3170
0.0721358,0.139338,3170
0.072074,0.137817,3170
0.0721467,0.141955,3170
0.0788936,0.141465,3170
0.0777423,0.137623,3170
0.0764501,0.13877,3170
0.0723197,0.138109,3170
0.0732985,0.144457,3170
0.0723392,0.138199,3170
0.0720186,0.138058,3170
0.0721996,0.138598,3170
0.0735122,0.14698,3170
0.0742949,0.141421,3170
0.074425,0.143353,3170
0.072592,0.140679,3170
0.0753458,0.13962,3170
0.0732008,0.136899,3170
0.0716374,0.139577,3170
0.075475,0.139669,3170
0.0723825,0.13867,3170
0.0727551,0.141178,3170
0.0800152,0.144303,3170
0.0718657,0.139909,3170
0.0727611,0.140181,3170
0.0773618,0.139971,3170
0.0730461,0.14138,3170
0.0744555,0.139461,3170
0.0725368,0.13741,3170
0.0720069,0.137255,3170
0.0859612,0.136991,3170
0.0775221,0.142279,3170
0.0745068,0.142784,3180
0.0733464,0.141925,3180
0.072298,0.141595,3180
0.0740865,0.142751,3180
0.0757015,0.145788,3180
0.0720248,0.142129,3180
0.0754303,0.13946,3180
0.0776035,0.138521,3180
0.0726569,0.145222,3180
0.0723813,0.140034,3180
0.0728525,0.139493,3180
0.0791531,0.142738,3180
0.0726579,0.137767,3180
0.0727533,0.139426,3180
0.0749243,0.138721,3180
0.0720907,0.139901,3180
0.0731928,0.142153,3180
0.0756369,0.140664,3180
0.0758828,0.142541,3180
0.0751196,0.141302,3180
0.07535,0.139785,3180
0.073039,0.138206,3180
0.0745095,0.139842,3180
0.0718951,0.13889,3180
0.0725811,0.137989,3180
0.0741279,0.138473,3180
0.0739952,0.138759,3180
0.0865446,0.139944,3180
0.0726574,0.138275,3180
0.0735222,0.141265,3180
0.0748042,0.140986,3180
0.0780336,0.143225,3180
0.0738456,0.140095,3190
0.0729461,0.139162,3190
0.0737849,0.138822,3190
0.0735793,0.140635,3190
0.0744504,0.149584,3190
0.0744742,0.141113,3190
0.0753482,0.140667,3190
0.0757743,0.140696,3190
0.0731802,0.140449,3190
0.0737015,0.140334,3190
0.0797863,0.139468,3190
0.0721118,0.142269,3190
0.0729913,0.138611,3190
0.0756153,0.142312,3190
0.0786347,0.141392,3190
0.0739701,0.143036,3190
0.0796364,0.139903,3190
0.0725612,0.143533,3190
0.075831,0.140068,3190
0.0796025,0.142228,3190
0.078887,0.13904,3190
0.0731491,0.139058,3190
0.0729514,0.14399,3190
0.0775506,0.14206,3190
0.0794707,0.14095,3190
0.0735991,0.142344,3190
0.0735907,0.141845,3190
0.0749952,0.139888,3190
0.0758026,0.14701,3190
0.0737739,0.138547,3190
0.0743799,0.138361,3190
0.0736294,0.141749,3190
0.0761166,0.146584,3200
0.0753968,0.146211,3200
0.0744438,0.144573,3200
0.0743962,0.141308,3200
0.0736505,0.142923,3200
0.0798847,0.140718,3200
0.0739531,0.140054,3200
0.0730287,0.141932,3200
0.0747328,0.142504,3200
0.0806746,0.145422,3200
0.0797695,0.140904,3200
0.0733676,0.143419,3200
0.0787691,0.142282,3200
0.0730847,0.141041,3200
0.0737171,0.142148,3200
0.0743023,0.143233,3200
0.0761933,0.142097,3200
0.0725378,0.140693,3200
0.0798118,0.144306,3200
0.0735292,0.142551,3200
0.0761781,0.143541,3200
0.0741467,0.140676,3200
0.0744608,0.140371,3200
0.073322,0.14061,3200
0.0739793,0.141228,3200
0.0747407,0.141485,3200
0.0794915,0.138973,3200
0.073503,0.14533,3200
0.0763429,0.144222,3200
0.0760657,0.145905,3200
0.0756878,0.144371,3200
0.0745283,0.141619,3200
0.0758759,0.142489,3210
0.0756984,0.14456,3210
0.0751397,0.146602,3210
0.079246,0.14217,3210
0.0741968,0.154026,3210
0.0786325,0.14563,3210
0.0752073,0.143633,3210
0.0768946,0.144187,3210
0.0733782,0.147727,3210
0.0756317,0.144907,3210
0.0839388,0.141246,3210
0.0738092,0.143112,3210
0.0794819,0.140006,3210
0.0764866,0.145531,3210
0.0769337,0.145866,3210
0.0755232,0.144429,3210
0.0751389,0.140316,3210
0.0837506,0.142572,3210
0.0804899,0.140567,3210
0.0736799,0.14599,3210
0.0742127,0.140619,3210
0.0741896,0.141239,3210
0.0748383,0.144369,3210
0.0820332,0.144369,3210
0.0753436,0.147181,3210
0.0738244,0.141864,3210
0.0737817,0.145662,3210
0.073896,0.141231,3210
0.0741415,0.142826,3210
0.0748271,0.14133,3210
0.0744473,0.140333,3210
0.0748623,0.146481,3210
0.0828561,0.147552,3220
0.0809737,0.147305,3220
0.0757695,0.143375,3220
0.0810598,0.144831,3220
0.074982,0.144995,3220
0.0799449,0.147492,3220
0.0788648,0.144396,3220
0.0729608,0.143847,3220
0.0754729,0.149483,3220
0.0787474,0.146397,3220
0.0787565,0.145628,3220
0.0746808,0.144862,3220
0.0763416,0.174727,3220
0.0996052,0.171966,3220
0.0936745,0.17125,3220
0.0880862,0.212314,3220
0.144245,0.233035,3220
0.116734,0.195142,3220
0.0932471,0.167476,3220
0.0863444,0.15706,3220
0.0795915,0.152476,3220
0.077357,0.146927,3220
0.0764237,0.14678,3220
0.0753493,0.144808,3220
0.0839497,0.146101,3220
0.076755,0.147461,3220
0.0762655,0.146282,3220
0.0748638,0.142759,3220
0.0763808,0.144705,3220
0.0742234,0.141039,3220
0.0749236,0.142687,3220
0.077475,0.145852,3220
0.0768831,0.142461,3230
0.0751668,0.147492,3230
0.0768526,0.14746,3230
0.0784225,0.14955,3230
0.0772981,0.145322,3230
0.0808928,0.143734,3230
0.0773105,0.142994,3230
0.0747425,0.143738,3230
0.0822879,0.138162,3230
0.0742098,0.144412,3230
0.0753751,0.155012,3230
0.077939,0.146771,3230
0.0756386,0.145228,3230
0.075875,0.142743,3230
0.0755708,0.145591,3230
0.0751806,0.14489,3230
0.0751279,0.144519,3230
0.075277,0.14512,3230
0.075338,0.142411,3230
0.076009,0.154264,3230
0.0802975,0.152671,3230
0.0767275,0.144055,3230
0.0756959,0.143793,3230
0.0766267,0.142396,3230
0.0759354,0.143308,3230
0.0745127,0.146945,3230
0.0751856,0.151848,3230
0.0752893,0.144114,3230
0.0777444,0.146669,3230
0.0774348,0.147992,3230
0.0757203,0.14739,3230
0.0744851,0.143906,3230
0.0810634,0.144328,3240
0.0756582,0.14495,3240
0.075449,0.144249,3240
0.0746581,0.146213,3240
0.0775735,0.144079,3240
0.0769875,0.148357,3240
0.0832665,0.147891,3240
0.076268,0.143411,3240
0.0797133,0.144168,3240
0.0756872,0.14635,3240
0.0754368,0.144457,3240
0.076102,0.144229,3240
0.0778933,0.144683,3240
0.0758345,0.146146,3240
0.081831,0.148904,3240
0.0811709,0.149739,3240
0.0748484,0.148885,3240
0.0761095,0.149741,3240
0.0757125,0.144516,3240
0.0779852,0.144308,3240
0.075449,0.145526,3240
0.0752023,0.177984,3240
0.0856855,0.158771,3240
0.0810528,0.152207,3240
0.0798155,0.1492,3240
0.0772046,0.148684,3240
0.0769882,0.146815,3240
0.0768291,0.143608,3240
0.0753876,0.143657,3240
0.074827,0.146605,3240
0.0812857,0.146918,3240
0.0765031,0.14733,3240
0.0792371,0.153286,3250
0.0782978,0.155966,3250
0.081704,0.14945,3250
0.0818892,0.148846,3250
0.0795025,0.14748,3250
0.0771503,0.148563,3250
0.0752869,0.14737,3250
0.0780729,0.145088,3250
0.0762295,0.149049,3250
0.0810207,0.15027,3250
0.0788289,0.151111,3250
0.0822985,0.145467,3250
0.0758133,0.1458,3250
0.0776292,0.146397,3250
0.0772795,0.145321,3250
0.0771768,0.145307,3250
0.0759444,0.145924,3250
0.0765668,0.154811,3250
0.0782659,0.151597,3250
0.0812706,0.146046,3250
0.0760023,0.145657,3250
0.076592,0.145328,3250
0.0758606,0.145698,3250
0.079287,0.147251,3250
0.0759546,0.146739,3250
0.0768547,0.144077,3250
0.0835249,0.151428,3250
0.078469,0.149348,3250
0.0779605,0.15054,3250
0.0791481,0.150569,3250
0.0785758,0.145501,3250
0.0759974,0.14563,3250
0.0773021,0.147272,3260
0.0797445,0.148294,3260
0.0772589,0.147187,3260
0.0801626,0.150615,3260
0.0801248,0.154637,3260
0.0778376,0.149784,3260
0.07899,0.14822,3260
0.0764085,0.148167,3260
0.0766531,0.146527,3260
0.0784609,0.147971,3260
0.0763147,0.145439,3260
0.0795688,0.15037,3260
0.0813708,0.150247,3260
0.076801,0.14869,3260
0.0816526,0.14578,3260
0.0768285,0.149001,3260
0.0756151,0.14611,3260
0.077006,0.145611,3260
0.0775171,0.145747,3260
0.0757978,0.14893,3260
0.0754724,0.152161,3260
0.0802872,0.148954,3260
0.0788996,0.151854,3260
0.0764908,0.150211,3260
0.0765453,0.14905,3260
0.0781329,0.145586,3260
0.0792937,0.146848,3260
0.0772944,0.145212,3260
0.076276,0.146146,3260
0.0790573,0.160673,3260
0.0808513,0.147217,3260
0.0835909,0.146024,3260
0.0779505,0.145858,3270
0.0849436,0.146821,3270
0.0781977,0.148293,3270
0.0769162,0.149787,3270
0.0757349,0.146407,3270
0.0770145,0.145936,3270
0.0792042,0.156051,3270
0.0799189,0.150713,3270
0.0791545,0.149288,3270
0.0797506,0.147467,3270
0.076405,0.145292,3270
0.078382,0.147112,3270
0.0776357,0.146421,3270
0.0763588,0.147148,3270
0.0761683,0.150701,3270
0.0850957,0.15294,3270
0.0788234,0.152012,3270
0.0776359,0.152279,3270
0.0781063,0.148615,3270
0.0833932,0.149368,3270
0.0770945,0.145599,3270
0.0818083,0.147426,3270
0.0846205,0.14665,3270
0.0768668,0.153929,3270
0.0817609,0.147555,3270
0.0798295,0.148588,3270
0.0769436,0.147249,3270
0.0778141,0.146872,3270
0.0773885,0.148444,3270
0.0863267,0.148099,3270
0.0773286,0.147717,3270
0.0793336,0.14923,3270
0.0795916,0.154985,3280
0.0795872,0.156336,3280
0.0785966,0.14892,3280
0.0769613,0.148115,3280
0.0785311,0.148239,3280
0.077488,0.148753,3280
0.0833067,0.14975,3280
0.0776554,0.147826,3280
0.0839236,0.148492,3280
0.0806492,0.15155,3280
0.0795142,0.151444,3280
0.0795776,0.149419,3280
0.0794677,0.148327,3280
0.0777819,0.147946,3280
0.0772473,0.147137,3280
0.0799705,0.147816,3280
0.0772532,0.149045,3280
0.0799717,0.151087,3280
0.0827267,0.152019,3280
0.0799187,0.156094,3280
0.079432,0.1476,3280
0.0768154,0.14776,3280
0.0785618,0.151773,3280
0.0787158,0.14882,3280
0.0775453,0.146925,3280
0.0831827,0.147303,3280
0.0794613,0.152689,3280
0.081184,0.153268,3280
0.0782606,0.14918,3280
0.0875589,0.150004,3280
0.0778266,0.14753,3280
0.0781456,0.148551,3280
0.0797931,0.148996,3290
0.0786353,0.148574,3290
0.0785343,0.148964,3290
0.0778739,0.161221,3290
0.0813896,0.152871,3290
0.0802291,0.149972,3290
0.0780962,0.149205,3290
0.083168,0.150036,3290
0.0794957,0.146585,3290
0.0788337,0.148847,3290
0.0784258,0.150018,3290
0.0803186,0.149662,3290
0.0947322,0.152983,3290
0.0778986,0.151182,3290
0.079748,0.152636,3290
0.0774905,0.148412,3290
0.0792018,0.15063,3290
0.0812263,0.148789,3290
0.0817037,0.147603,3290
0.0874222,0.148173,3290
0.0785466,0.151155,3290
0.0801883,0.15113,3290
0.0782681,0.148821,3290
0.0777806,0.148707,3290
0.0790095,0.149508,3290
0.0838421,0.148291,3290
0.0859628,0.148677,3290
0.0788703,0.148834,3290
0.0807371,0.148955,3290
0.0835559,0.15668,3290
0.0822207,0.152786,3290
0.0840213,0.151132,3290
0.0798205,0.150112,3300
0.0782197,0.14969,3300
0.0791923,0.149643,3300
0.080449,0.150466,3300
0.0790573,0.150618,3300
0.0844517,0.158744,3300
0.0814579,0.153482,3300
0.0837938,0.150392,3300
0.0789866,0.150114,3300
0.0784707,0.148977,3300
0.0820175,0.149424,3300
0.0813878,0.148791,3300
0.0802809,0.151285,3300
0.0790293,0.151155,3300
0.0781938,0.163465,3300
0.0791945,0.151651,3300
0.0850713,0.150247,3300
0.0832313,0.149978,3300
0.0818612,0.150947,3300
0.0840341,0.151915,3300
0.0800902,0.153589,3300
0.0785223,0.149302,3300
0.0838114,0.149901,3300
0.0907785,0.154052,3300
0.0787597,0.149905,3300
0.0781051,0.151605,3300
0.0846974,0.150449,3300
0.0783464,0.148516,3300
0.0782175,0.149536,3300
0.078635,0.150209,3300
0.0797044,0.14965,3300
0.0788126,0.160025,3300
0.081815,0.156328,3310
0.0825139,0.150653,3310
0.0788931,0.150305,3310
0.0812672,0.149565,3310
0.0805062,0.150011,3310
0.0798287,0.150519,3310
0.080786,0.153082,3310
0.0793767,0.150697,3310
0.0817653,0.155445,3310
0.0850513,0.156491,3310
0.0789209,0.152427,3310
0.0802074,0.150203,3310
0.079253,0.150296,3310
0.0791692,0.153432,3310
0.0799077,0.152297,3310
0.0843959,0.150841,3310
0.0787189,0.152526,3310
0.0819328,0.15714,3310
0.0820802,0.151271,3310
0.083865,0.151561,3310
0.0783529,0.151725,3310
0.0793141,0.152559,3310
0.079435,0.149952,3310
0.0788212,0.153006,3310
0.0841183,0.150152,3310
0.0809368,0.160114,3310
0.0826817,0.151768,3310
0.0795428,0.154165,3310
0.0787406,0.150384,3310
0.0786699,0.149844,3310
0.0797136,0.154473,3310
0.0812248,0.150324,3310
0.0817828,0.152364,3320
0.0822301,0.16033,3320
0.0811466,0.157809,3320
0.0812664,0.157257,3320
0.0779638,0.152409,3320
0.0816892,0.153191,3320
0.0798829,0.151839,3320
0.081944,0.155267,3320
0.0806042,0.150223,3320
0.0797799,0.155647,3320
0.0793954,0.163809,3320
0.0811604,0.159438,3320
0.080214,0.15198,3320
0.0797644,0.152775,3320
0.0812644,0.152206,3320
0.0807913,0.151541,3320
0.080291,0.15416,3320
0.0824233,0.152548,3320
0.0798937,0.163033,3320
0.0814939,0.156181,3320
0.0797061,0.152106,3320
0.0800797,0.151707,3320
0.0791777,0.158356,3320
0.0795101,0.15096,3320
0.0790135,0.150924,3320
0.0807351,0.15471,3320
0.0793353,0.151562,3320
0.0791732,0.155514,3320
0.0817463,0.156425,3320
0.0811116,0.1582,3320
0.085272,0.150177,3320
0.0806554,0.151843,3320
0.0794638,0.157215,3330
0.0799625,0.15453,3330
0.0826457,0.153329,3330
0.0796262,0.161411,3330
0.0820469,0.154925,3330
0.0832279,0.157393,3330
0.0801535,0.154108,3330
0.0816496,0.156154,3330
0.0814,0.158613,3330
0.0801423,0.152343,3330
0.080149,0.152936,3330
0.081494,0.154875,3330
0.0859967,0.160749,3330
0.0880398,0.155162,3330
0.080724,0.153697,3330
0.0793545,0.154214,3330
0.082511,0.151466,3330
0.0803859,0.151783,3330
0.0803284,0.15837,3330
0.0797294,0.15315,3330
0.07996,0.160408,3330
0.0856897,0.157325,3330
0.0799413,0.154441,3330
0.0813002,0.154032,3330
0.0801463,0.155344,3330
0.0799961,0.153384,3330
0.0866204,0.152459,3330
0.082228,0.154464,3330
0.0856598,0.151715,3330
0.0812623,0.15712,3330
0.080742,0.154268,3330
0.0807046,0.154419,3330
0.0823598,0.153572,3340
0.0798757,0.15965,3340
0.0816062,0.156466,3340
0.0811239,0.155788,3340
0.0812786,0.154107,3340
0.0872486,0.162426,3340
0.0836136,0.153741,3340
0.0828637,0.15502,3340
0.0865848,0.152793,3340
0.0856185,0.153668,3340
0.079951,0.153568,3340
0.0806703,0.154821,3340
0.0835601,0.152238,3340
0.0810725,0.154062,3340
0.0891962,0.160302,3340
0.0803038,0.151518,3340
0.0806418,0.156599,3340
0.0857312,0.153328,3340
0.0807785,0.15307,3340
0.0825821,0.153805,3340
0.0800802,0.156729,3340
0.0813119,0.154613,3340
0.0806478,0.162745,3340
0.0862802,0.159452,3340
0.0808375,0.154176,3340
0.0801108,0.152469,3340
0.0827562,0.156831,3340
0.084735,0.156278,3340
0.0803498,0.155019,3340
0.0828222,0.152731,3340
0.0799752,0.162724,3340
0.0862471,0.1563,3340
0.0819565,0.156405,3350
0.0870462,0.155901,3350
0.0818343,0.156775,3350
0.0837143,0.160173,3350
0.0808746,0.157589,3350
0.0824869,0.153297,3350
0.0807535,0.158075,3350
0.0925296,0.159904,3350
0.0816209,0.157154,3350
0.0838635,0.155778,3350
0.0809507,0.157075,3350
0.0898133,0.154551,3350
0.0808052,0.155415,3350
0.0851692,0.159496,3350
0.0828853,0.15593,3350
0.0843302,0.159742,3350
0.0813985,0.162759,3350
0.0810988,0.154081,3350
0.0807236,0.155372,3350
0.0844547,0.15543,3350
0.0817706,0.153243,3350
0.0818752,0.175716,3350
0.0853235,0.164798,3350
0.0833514,0.167219,3350
0.0881994,0.156935,3350
0.084989,0.159048,3350
0.0820154,0.157144,3350
0.0828107,0.158419,3350
0.0813589,0.154515,3350
0.0813273,0.160834,3350
0.0831908,0.154738,3350
0.082725,0.157935,3350
0.0857917,0.159922,3360
0.0811617,0.158702,3360
0.0816088,0.15502,3360
0.0806568,0.158163,3360
0.0829535,0.156882,3360
0.0812779,0.155405,3360
0.0815014,0.154224,3360
0.0819373,0.156765,3360
0.0900159,0.160152,3360
0.0865816,0.158911,3360
0.0827537,0.157048,3360
0.0810965,0.156962,3360
0.084536,0.154567,3360
0.0814696,0.156858,3360
0.0847128,0.156512,3360
0.0832044,0.155341,3360
0.0820717,0.16123,3360
0.0827459,0.156384,3360
0.0823302,0.155794,3360
0.0814977,0.157264,3360
0.0821248,0.15691,3360
0.0820052,0.155828,3360
0.0844277,0.154813,3360
0.0823379,0.154551,3360
0.0819422,0.165719,3360
0.0834046,0.16234,3360
0.082018,0.155674,3360
0.0818509,0.156246,3360
0.0821311,0.157345,3360
0.081329,0.156347,3360
0.0827707,0.156998,3360
0.0854105,0.15878,3360
0.0818895,0.162409,3370
0.0907393,0.161204,3370
0.084467,0.157326,3370
0.0814009,0.1628,3370
0.0852009,0.158733,3370
0.0849935,0.156842,3370
0.0820796,0.156556,3370
0.0848926,0.15794,3370
0.0867611,0.157076,3370
0.0838289,0.159975,3370
0.0876919,0.159969,3370
0.0821138,0.154945,3370
0.0814785,0.156722,3370
0.0834861,0.156578,3370
0.0818494,0.157167,3370
0.0825818,0.15686,3370
0.0819529,0.153939,3370
0.0809935,0.16934,3370
0.084197,0.157257,3370
0.0820916,0.15761,3370
0.0826429,0.158278,3370
0.0820022,0.155967,3370
0.0837054,0.160898,3370
0.0848834,0.158012,3370
0.0821628,0.156335,3370
0.0843926,0.15969,3370
0.0853979,0.159112,3370
0.0819208,0.156825,3370
0.0818401,0.161745,3370
0.0826412,0.1574,3370
0.0833979,0.157063,3370
0.0848479,0.15549,3370
0.0849294,0.155532,3380
0.0850681,0.159118,3380
0.0946159,0.158202,3380
0.0835215,0.157895,3380
0.0853837,0.160176,3380
0.0834895,0.158943,3380
0.0858246,0.158372,3380
0.0834342,0.159312,3380
0.0829141,0.157963,3380
0.0850783,0.15871,3380
0.088656,0.162054,3380
0.0841344,0.159502,3380
0.0826476,0.159362,3380
0.0859115,0.158423,3380
0.0818291,0.156337,3380
0.0849219,0.158339,3380
0.0825969,0.156382,3380
0.0886903,0.193078,3380
0.0888987,0.171225,3380
0.0884854,0.165051,3380
0.0919317,0.161828,3380
0.0857737,0.159898,3380
0.0836568,0.158106,3380
0.0824602,0.15723,3380
0.085164,0.161921,3380
0.0831921,0.157673,3380
0.0825362,0.162513,3380
0.0865997,0.157449,3380
0.0879728,0.157961,3380
0.0842395,0.160569,3380
0.0827585,0.156142,3380
0.0821681,0.157237,3380
0.0844107,0.157333,3390
0.0904004,0.159662,3390
0.0823077,0.164227,3390
0.0848507,0.166075,3390
0.0829096,0.162605,3390
0.088907,0.159549,3390
0.0829329,0.160175,3390
0.0844568,0.1574,3390
0.0850775,0.160465,3390
0.0838739,0.159744,3390
0.0836123,0.163269,3390
0.085407,0.157295,3390
0.0830172,0.159458,3390
0.0854311,0.160391,3390
0.0831924,0.158048,3390
0.0841846,0.163812,3390
0.0834529,0.159254,3390
0.0826541,0.164583,3390
0.084104,0.163658,3390
0.0859426,0.162848,3390
0.0861946,0.164918,3390
0.0872501,0.162669,3390
0.0827583,0.160075,3390
0.0832449,0.156887,3390
0.0846319,0.158649,3390
0.0847325,0.159863,3390
0.0843949,0.157784,3390
0.0859509,0.162599,3390
0.086379,0.164533,3390
0.0900634,0.157923,3390
0.0860818,0.158723,3390
0.0840074,0.159992,3390
0.0838379,0.159533,3400
0.0839321,0.159805,3400
0.0831199,0.158411,3400
0.0897225,0.164436,3400
0.0860216,0.162312,3400
0.0870642,0.163251,3400
0.0845619,0.161248,3400
0.0862082,0.160017,3400
0.0829048,0.159383,3400
0.0840462,0.157689,3400
0.0837723,0.159628,3400
0.0863433,0.162225,3400
0.0864966,0.163471,3400
0.0883898,0.162005,3400
0.0859672,0.161015,3400
0.0867812,0.158892,3400
0.0898672,0.158288,3400
0.0832163,0.157824,3400
0.0836454,0.158475,3400
0.0874307,0.163392,3400
0.0852435,0.16709,3400
0.0837622,0.165068,3400
0.0869588,0.162548,3400
0.0868301,0.163768,3400
0.086391,0.162242,3400
0.0836629,0.159971,3400
0.0827492,0.158898,3400
0.0836313,0.163636,3400
0.0912469,0.164085,3400
0.0869696,0.16512,3400
0.0841341,0.162705,3400
0.088818,0.159799,3400
0.0849623,0.160603,3410
0.0842909,0.161201,3410
0.0846404,0.160847,3410
0.0839394,0.165015,3410
0.0926994,0.16446,3410
0.0884879,0.160618,3410
0.0844909,0.161132,3410
0.0895251,0.164863,3410
0.0859813,0.16325,3410
0.0854132,0.158508,3410
0.0886528,0.1593,3410
0.0884422,0.162489,3410
0.0851173,0.162979,3410
0.0877457,0.164087,3410
0.0903833,0.161789,3410
0.0833383,0.160506,3410
0.0847999,0.161525,3410
0.086221,0.158755,3410
0.0837542,0.16016,3410
0.0848083,0.168842,3410
0.084821,0.1687,3410
0.0885132,0.159821,3410
0.0837641,0.160595,3410
0.0894249,0.160569,3410
0.084591,0.160049,3410
0.0844714,0.158703,3410
0.0822483,0.160664,3410
0.0836507,0.168512,3410
0.0836722,0.165141,3410
0.0865008,0.161118,3410
0.0837873,0.16153,3410
0.084839,0.161398,3410
0.0846176,0.163313,3420
0.0839665,0.162149,3420
0.0850116,0.162329,3420
0.0858737,0.165806,3420
0.0876318,0.170523,3420
0.0864521,0.161094,3420
0.0838006,0.161041,3420
0.0842614,0.165022,3420
0.0848691,0.161546,3420
0.0949049,0.159637,3420
0.084842,0.161026,3420
0.0870799,0.163627,3420
0.0920977,0.176032,3420
0.0844599,0.16143,3420
0.0873291,0.159102,3420
0.0978641,0.163288,3420
0.0843242,0.15982,3420
0.0852599,0.16185,3420
0.0839352,0.16,3420
0.085117,0.172178,3420
0.0878569,0.166105,3420
0.0853497,0.160723,3420
0.0851023,0.163747,3420
0.085404,0.160246,3420
0.0840735,0.160779,3420
0.0852309,0.160674,3420
0.0854838,0.159348,3420
0.0904674,0.169444,3420
0.0895143,0.167192,3420
0.0847963,0.160242,3420
0.0864366,0.160296,3420
0.0906319,0.162528,3420
0.0848859,0.162836,3430
0.0921238,0.159975,3430
0.0863841,0.161427,3430
0.0849502,0.169569,3430
0.0882498,0.164918,3430
0.0909006,0.16573,3430
0.0887196,0.164308,3430
0.0912938,0.163442,3430
0.084207,0.162813,3430
0.0862308,0.161348,3430
0.0857799,0.160637,3430
0.0851812,0.168273,3430
0.089296,0.166059,3430
0.0885741,0.165162,3430
0.0863681,0.160978,3430
0.0865543,0.164371,3430
0.0849858,0.16298,3430
0.0846453,0.163495,3430
0.096993,0.162039,3430
0.0837788,0.165258,3430
0.0893019,0.167981,3430
0.0918708,0.163423,3430
0.0855869,0.163445,3430
0.0982979,0.161626,3430
0.0848443,0.165262,3430
0.0853781,0.165568,3430
0.0921126,0.165462,3430
0.0833432,0.170253,3430
0.0873086,0.166066,3430
0.0854662,0.164759,3430
0.0851354,0.161368,3430
0.0862521,0.162952,3430
0.0907575,0.165294,3440
0.0853692,0.163768,3440
0.0864997,0.163617,3440
0.088227,0.173201,3440
0.0884376,0.163481,3440
0.0854269,0.162791,3440
0.0861875,0.162787,3440
0.0867144,0.163879,3440
0.0858735,0.164343,3440
0.0852511,0.167081,3440
0.0850722,0.163554,3440
0.100069,0.166613,3440
0.0874652,0.162344,3440
0.086238,0.162815,3440
0.0853542,0.163123,3440
0.0859413,0.162045,3440
0.086051,0.163914,3440
0.0865123,0.165884,3440
0.0858102,0.162543,3440
0.0957172,0.16845,3440
0.0881636,0.165565,3440
0.0875777,0.164099,3440
0.0858501,0.163778,3440
0.0855835,0.162925,3440
0.0858057,0.162438,3440
0.0860872,0.162472,3440
0.0864345,0.171046,3440
0.0975078,0.167152,3440
0.0863917,0.165373,3440
0.0857616,0.162071,3440
0.0861382,0.163925,3440
0.0858138,0.162208,3440
0.0864155,0.164399,3450
0.0865634,0.16288,3450
0.086953,0.166299,3450
0.0950076,0.169071,3450
0.0892121,0.172001,3450
0.0862672,0.167479,3450
0.0874551,0.163245,3450
0.0849156,0.164899,3450
0.0887461,0.164385,3450
0.0864787,0.162493,3450
0.0875,0.166826,3450
0.0884155,0.169566,3450
0.0888894,0.161387,3450
0.0860835,0.168859,3450
0.0862722,0.162976,3450
0.088844,0.164541,3450
0.0854523,0.164794,3450
0.0842094,0.163748,3450
0.0863369,0.167686,3450
0.088484,0.16876,3450
0.0895372,0.163336,3450
0.0861168,0.166086,3450
0.0861032,0.167159,3450
0.0877373,0.1638,3450
0.0886813,0.164367,3450
0.0866405,0.168206,3450
0.0862451,0.166558,3450
0.0893877,0.168529,3450
0.0863323,0.163313,3450
0.0857984,0.165132,3450
0.0861599,0.163867,3450
0.0848241,0.165096,3450
0.0887691,0.164218,3460
0.0872172,0.165462,3460
0.0868737,0.172464,3460
0.0918917,0.171813,3460
0.0886929,0.172676,3460
0.0860213,0.164381,3460
0.085796,0.164079,3460
0.0868039,0.170341,3460
0.086653,0.165527,3460
0.0870786,0.167917,3460
0.0879533,0.176039,3460
0.0892523,0.172114,3460
0.0867511,0.165788,3460
0.0869269,0.164485,3460
0.0868026,0.170807,3460
0.086491,0.166017,3460
0.0886721,0.164319,3460
0.0890111,0.16735,3460
0.086263,0.169823,3460
0.0930364,0.169004,3460
0.0930913,0.163852,3460
0.0866936,0.170151,3460
0.0871593,0.164956,3460
0.08672,0.165513,3460
0.0866561,0.180612,3460
0.138749,0.224265,3460
0.12417,0.217889,3460
0.11016,0.19882,3460
0.105073,0.182701,3460
0.0957113,0.175121,3460
0.0895987,0.172148,3460
0.0898466,0.168899,3460
0.090871,0.179128,3470
0.0910078,0.169064,3470
0.0896779,0.170825,3470
0.0900632,0.170317,3470
0.087182,0.164967,3470
0.0871781,0.166,3470
0.0868665,0.165113,3470
0.0915541,0.170375,3470
0.0929838,0.171345,3470
0.0921758,0.16866,3470
0.0875884,0.166214,3470
0.0897749,0.169446,3470
0.0893986,0.166624,3470
0.0875341,0.166372,3470
0.0856172,0.169769,3470
0.0885911,0.16664,3470
0.100174,0.169397,3470
0.0887189,0.170024,3470
0.0871965,0.169667,3470
0.0890614,0.167886,3470
0.0873107,0.164591,3470
0.0866451,0.165702,3470
0.0893494,0.172062,3470
0.0909615,0.167395,3470
0.0901075,0.170543,3470
0.0933017,0.166265,3470
0.0892085,0.170437,3470
0.0873851,0.166723,3470
0.0884096,0.163735,3470
0.0877273,0.16556,3470
0.0909175,0.174188,3470
0.0902602,0.175737,3470
0.0919533,0.172641,3480
0.0903822,0.169795,3480
0.0922627,0.170833,3480
0.10073,0.171861,3480
0.0925909,0.164082,3480
0.0873569,0.167465,3480
0.0873892,0.167684,3480
0.0884017,0.175091,3480
0.0901326,0.172978,3480
0.088166,0.171584,3480
0.0898824,0.168321,3480
0.0898225,0.167704,3480
0.0940104,0.16653,3480
0.0886289,0.171932,3480
0.0928004,0.167615,3480
0.0970975,0.172468,3480
0.0956108,0.169805,3480
0.0939399,0.170723,3480
0.0881428,0.170445,3480
0.0908359,0.16598,3480
0.0880991,0.169117,3480
0.0894333,0.166584,3480
0.0882257,0.171441,3480
0.0906451,0.17174,3480
0.0930956,0.170249,3480
0.0902239,0.168722,3480
0.0900544,0.167615,3480
0.0896861,0.168126,3480
0.0878935,0.168726,3480
0.0875259,0.169923,3480
0.0889822,0.175389,3480
0.0969875,0.168225,3480
0.0905324,0.173722,3490
0.0895547,0.168565,3490
0.0877208,0.166813,3490
0.0883481,0.171112,3490
0.0971322,0.172397,3490
0.093425,0.165836,3490
0.0956986,0.171953,3490
0.0930575,0.175986,3490
0.0909256,0.168393,3490
0.0952168,0.167625,3490
0.0879321,0.167718,3490
0.0885667,0.172448,3490
0.0888487,0.168364,3490
0.0906223,0.175959,3490
0.0958837,0.172366,3490
0.0904315,0.172534,3490
0.0910965,0.168424,3490
0.0898636,0.168135,3490
0.0877246,0.16984,3490
0.0910196,0.167852,3490
0.0898374,0.169758,3490
0.0941839,0.174075,3490
0.0911844,0.170898,3490
0.0908389,0.171533,3490
0.0878841,0.171967,3490
0.0881603,0.167644,3490
0.0873896,0.17618,3490
0.0919295,0.176009,3490
0.0910391,0.170339,3490
0.09134,0.174316,3490
0.0913817,0.173857,3490
0.0920866,0.171301,3490
0.0941509,0.169819,3500
0.0923872,0.168363,3500
0.0921678,0.171409,3500
0.0882183,0.170703,3500
0.0911309,0.180294,3500
0.090032,0.171905,3500
0.0931414,0.170411,3500
0.0895877,0.172888,3500
0.0906386,0.172846,3500
0.0913934,0.172475,3500
0.0896439,0.170227,3500
0.0889669,0.16995,3500
0.0915124,0.181269,3500
0.0924396,0.171939,3500
0.0916001,0.175269,3500
0.0911105,0.17157,3500
0.0901489,0.172605,3500
0.0924514,0.171245,3500
0.0874859,0.169835,3500
0.0897797,0.172405,3500
0.0911359,0.173669,3500
0.0911726,0.174023,3500
0.0940527,0.167754,3500
0.0891756,0.168797,3500
0.0888376,0.172364,3500
0.0897538,0.168561,3500
0.0897984,0.168258,3500
0.0911397,0.175879,3500
0.0977734,0.179284,3500
0.0934228,0.173696,3500
0.0909449,0.173988,3500
0.089646,0.172468,3500
0.093523,0.172281,3510
0.0891898,0.171807,3510
0.0913443,0.172062,3510
0.0917268,0.175363,3510
0.091236,0.174896,3510
0.0967113,0.176272,3510
0.0887886,0.170107,3510
0.088737,0.174232,3510
0.0901624,0.169568,3510
0.0917109,0.171213,3510
0.0950763,0.178114,3510
0.093507,0.173197,3510
0.0922887,0.170157,3510
0.0900535,0.167949,3510
0.0998514,0.168516,3510
0.0908641,0.171589,3510
0.0895806,0.172853,3510
0.0919876,0.170402,3510
0.0938661,0.177239,3510
0.099422,0.181079,3510
0.102807,0.181342,3510
0.0972749,0.17547,3510
0.0922605,0.173873,3510
0.094126,0.17511,3510
0.0956645,0.170428,3510
0.0929031,0.178685,3510
0.0949233,0.172147,3510
0.0891856,0.169187,3510
0.0904241,0.17554,3510
0.0892114,0.172317,3510
0.0909231,0.173561,3510
0.0953694,0.17091,3510
0.0908113,0.17208,3520
0.092698,0.175744,3520
0.0919548,0.175863,3520
0.0936694,0.176428,3520
0.089097,0.175158,3520
0.0934407,0.173662,3520
0.0895902,0.173344,3520
0.0913532,0.168751,3520
0.0908576,0.176703,3520
0.093067,0.174229,3520
0.0941679,0.175966,3520
0.092043,0.172807,3520
0.0893183,0.205778,3520
0.100376,0.180621,3520
0.0960044,0.178364,3520
0.0921207,0.179932,3520
0.0960163,0.183083,3520
0.0919676,0.173029,3520
0.0917715,0.173552,3520
0.0909403,0.175469,3520
0.0926883,0.171624,3520
0.0915589,0.17126,3520
0.089549,0.173861,3520
0.0941581,0.181698,3520
0.0920558,0.176681,3520
0.0948049,0.181821,3520
0.0910858,0.175772,3520
0.093045,0.172535,3520
0.089914,0.172189,3520
0.0907183,0.170417,3520
0.0926724,0.17902,3520
0.0944275,0.177096,3520
0.0960094,0.174296,3530
0.088891,0.171199,3530
0.096068,0.17508,3530
0.090275,0.17276,3530
0.0922623,0.173046,3530
0.0906505,0.171651,3530
0.0924766,0.176578,3530
0.0927065,0.176619,3530
0.0932119,0.173902,3530
0.0904413,0.177112,3530
0.0932006,0.176738,3530
0.0925853,0.174325,3530
0.0903162,0.177471,3530
0.0907165,0.179254,3530
0.0935301,0.17889,3530
0.0936738,0.176355,3530
0.0911333,0.173724,3530
0.0931901,0.17771,3530
0.0913043,0.173497,3530
0.0901062,0.172021,3530
0.0929521,0.171684,3530
0.0989687,0.177016,3530
0.0925834,0.177156,3530
0.0911965,0.174119,3530
0.0905515,0.175951,3530
0.0928042,0.176083,3530
0.0929092,0.173184,3530
0.092517,0.174065,3530
0.0952941,0.182548,3530
0.100226,0.179415,3530
0.0988493,0.172088,3530
0.0910181,0.173925,3530
0.0936613,0.180406,3540
0.0924977,0.192514,3540
0.106073,0.201441,3540
0.10336,0.198215,3540
0.105399,0.187806,3540
0.0956992,0.177364,3540
0.0970754,0.178701,3540
0.097004,0.177409,3540
0.0917805,0.174318,3540
0.0904405,0.170683,3540
0.0974746,0.175756,3540
0.0942377,0.179086,3540
0.0937241,0.18127,3540
0.0937879,0.17496,3540
0.0956974,0.180478,3540
0.0913919,0.173209,3540
0.0909746,0.174792,3540
0.0909338,0.177291,3540
0.0907634,0.186689,3540
0.0944417,0.178971,3540
0.0967221,0.173153,3540
0.0930252,0.182359,3540
0.112793,0.191024,3540
0.101952,0.176834,3540
0.0962277,0.178225,3540
0.100409,0.180223,3540
0.100579,0.177162,3540
0.0912901,0.185895,3540
0.110269,0.213479,3540
0.106904,0.192574,3540
0.0998135,0.184375,3540
0.0956551,0.178802,3540
0.100713,0.186301,3550
0.100081,0.179179,3550
0.0943644,0.181095,3550
0.0957912,0.179661,3550
0.0951499,0.180494,3550
0.0919364,0.172529,3550
0.0909556,0.180669,3550
0.0921637,0.186269,3550
0.0949803,0.186039,3550
0.0923751,0.174018,3550
0.0942495,0.179365,3550
0.0924433,0.176453,3550
0.0975172,0.173473,3550
0.0923328,0.173805,3550
0.0933131,0.173277,3550
0.0971225,0.179408,3550
0.0939584,0.177158,3550
0.0940947,0.179099,3550
0.093354,0.176861,3550
0.0931576,0.173058,3550
0.0933751,0.176207,3550
0.0941153,0.175973,3550
0.0910062,0.187974,3550
0.0974882,0.173667,3550
0.0997895,0.17544,3550
0.0948432,0.175279,3550
0.0936462,0.172024,3550
0.0934206,0.176293,3550
0.102708,0.174208,3550
0.0908291,0.176592,3550
0.101631,0.178291,3550
0.0920297,0.174611,3550
0.0950145,0.179651,3560
0.0921925,0.17518,3560
0.0934381,0.173526,3560
0.0926196,0.176852,3560
0.0936095,0.175476,3560
0.0984296,0.180161,3560
0.0947223,0.178039,3560
0.0926994,0.181677,3560
0.0947403,0.177776,3560
0.0943136,0.176681,3560
0.0913736,0.17657,3560
0.0963398,0.178282,3560
0.0920486,0.180667,3560
0.0956958,0.179024,3560
0.0927816,0.177856,3560
0.0946509,0.177679,3560
0.0924741,0.175764,3560
0.0927409,0.173977,3560
0.0913809,0.178333,3560
0.09312,0.17484,3560
0.0961191,0.179375,3560
0.0943145,0.178337,3560
0.0999934,0.17818,3560
0.0945251,0.176145,3560
0.0941631,0.172733,3560
0.0972082,0.174764,3560
0.091752,0.176496,3560
0.0945429,0.178922,3560
0.0944071,0.176533,3560
0.097229,0.179295,3560
0.0948167,0.179179,3560
0.0920608,0.175277,3560
0.0936509,0.179513,3570
0.0955885,0.175836,3570
0.0984005,0.178172,3570
0.100485,0.176125,3570
0.0934023,0.180098,3570
0.0952517,0.176847,3570
0.0943739,0.177152,3570
0.0934358,0.175677,3570
0.0948781,0.175795,3570
0.0925027,0.175974,3570
0.0963747,0.182573,3570
0.0952298,0.181884,3570
0.0955735,0.179831,3570
0.0962639,0.176739,3570
0.0949494,0.173307,3570
0.0928027,0.178633,3570
0.0920414,0.178398,3570
0.0937099,0.182411,3570
0.0971489,0.179799,3570
0.0995596,0.181125,3570
0.0967294,0.177213,3570
0.0932383,0.177357,3570
0.0932261,0.176271,3570
0.0974953,0.175746,3570
0.0937931,0.182206,3570
0.0962489,0.178147,3570
0.0960411,0.182024,3570
0.094733,0.181642,3570
0.09513,0.174585,3570
0.0936558,0.17855,3570
0.0986933,0.174931,3570
0.0924424,0.181785,3570
0.0973047,0.183458,3580
0.0965667,0.182238,3580
0.0958834,0.179746,3580
0.0933312,0.177099,3580
0.0931012,0.180784,3580
0.0952472,0.177081,3580
0.0943786,0.176671,3580
0.0963134,0.18023,3580
0.0957976,0.184209,3580
0.0980499,0.181747,3580
0.0967883,0.177293,3580
0.0949643,0.17659,3580
0.0940486,0.182617,3580
0.0927851,0.17858,3580
0.100218,0.182813,3580
0.0955251,0.185647,3580
0.101848,0.182852,3580
0.0943357,0.17563,3580
0.100091,0.17632,3580
0.102684,0.179301,3580
0.0938216,0.179222,3580
0.0940749,0.188776,3580
0.0933886,0.182532,3580
0.0952695,0.184085,3580
0.0947897,0.17646,3580
0.0952969,0.175883,3580
0.0938032,0.177381,3580
0.0979047,0.177402,3580
0.0925518,0.183782,3580
0.0964567,0.181571,3580
0.0965747,0.18419,3580
0.0925018,0.177857,3580
0.095112,0.177466,3590
0.0934697,0.182374,3590
0.092884,0.177214,3590
0.0943526,0.1783,3590
0.103598,0.183804,3590
0.0979497,0.182362,3590
0.0990833,0.181747,3590
0.0947925,0.179213,3590
0.094052,0.17926,3590
0.0929079,0.177283,3590
0.0937665,0.179036,3590
0.0939548,0.187605,3590
0.0973719,0.182142,3590
0.0979161,0.19335,3590
0.0932474,0.182193,3590
0.0939958,0.178457,3590
0.0938774,0.179618,3590
0.0934654,0.177084,3590
0.100475,0.179958,3590
0.0975924,0.184902,3590
0.100071,0.182936,3590
0.0951378,0.17706,3590
0.0937407,0.178429,3590
0.0964349,0.180274,3590
0.0937036,0.176318,3590
0.0944769,0.186596,3590
0.096116,0.183405,3590
0.0975479,0.18278,3590
0.096054,0.181355,3590
0.0959562,0.177026,3590
0.094243,0.175867,3590
0.0937064,0.176051,3590
0.0936207,0.17834,3600
0.0990217,0.185518,3600
0.0985752,0.187986,3600
0.0946999,0.175545,3600
0.0948253,0.176188,3600
0.0938742,0.181435,3600
0.0949109,0.179269,3600
0.0951659,0.181219,3600
0.0937664,0.195073,3600
0.0976358,0.186126,3600
0.0959835,0.181855,3600
0.0954237,0.181864,3600
0.0946598,0.180694,3600
0.0951075,0.184146,3600
0.0929911,0.181943,3600
0.0943909,0.188651,3600
0.0991421,0.184439,3600
0.0966586,0.186643,3600
0.0964075,0.181244,3600
0.095946,0.177521,3600
0.0938845,0.179648,3600
0.0940812,0.178547,3600
0.0939681,0.186629,3600
0.101993,0.182893,3600
0.0973542,0.17761,3600
0.0946218,0.182682,3600
0.0944142,0.181048,3600
0.0958255,0.178246,3600
0.0951959,0.179594,3600
0.0951119,0.179359,3600
0.0998189,0.183128,3600
0.0979036,0.189917,3600
0.0966478,0.185195,3610
0.0990302,0.180843,3610
0.0969699,0.17858,3610
0.0970876,0.181754,3610
0.094239,0.180646,3610
0.107612,0.184554,3610
0.101689,0.183867,3610
0.0966999,0.179384,3610
0.0959367,0.180616,3610
0.0953665,0.184744,3610
0.0959548,0.176817,3610
0.0964758,0.179664,3610
0.104269,0.185448,3610
0.0981839,0.190794,3610
0.0969013,0.180339,3610
0.0947879,0.180868,3610
0.100233,0.180009,3610
0.0954586,0.182364,3610
0.0941259,0.17971,3610
0.096494,0.198065,3610
0.0972293,0.188142,3610
0.0954581,0.178366,3610
0.0944528,0.182623,3610
0.0936903,0.179053,3610
0.0948082,0.179186,3610
0.0956329,0.178252,3610
0.0976912,0.189068,3610
0.101326,0.184704,3610
0.0976777,0.183045,3610
0.0960512,0.185961,3610
0.0962793,0.180517,3610
0.095975,0.179975,3610
0.0959067,0.179528,3620
0.096682,0.194418,3620
0.0972713,0.185351,3620
0.0973632,0.184798,3620
0.0959782,0.182456,3620
0.0965379,0.180759,3620
0.0963697,0.179144,3620
0.104576,0.179541,3620
0.0953413,0.19059,3620
0.0986512,0.188697,3620
0.098831,0.179395,3620
0.0996762,0.183328,3620
0.0948512,0.181669,3620
0.0957835,0.179982,3620
0.0943638,0.179612,3620
0.0974455,0.191781,3620
0.101082,0.187845,3620
0.0995563,0.185282,3620
0.0958986,0.189384,3620
0.0964288,0.182595,3620
0.0980244,0.18149,3620
0.095779,0.180392,3620
0.0960357,0.186066,3620
0.0996477,0.186382,3620
0.0993766,0.187901,3620
0.0980619,0.184433,3620
0.0964401,0.182586,3620
0.0965649,0.182821,3620
0.0946875,0.180296,3620
0.0970905,0.184919,3620
0.10466,0.184856,3620
0.0977852,0.184933,3620
0.102418,0.186111,3630
0.0976941,0.183996,3630
0.096559,0.183041,3630
0.0973353,0.18684,3630
0.0976194,0.184447,3630
0.0971816,0.185615,3630
0.0994434,0.193541,3630
0.0972879,0.185935,3630
0.0954762,0.181058,3630
0.102643,0.18278,3630
0.096576,0.181582,3630
0.0968479,0.189855,3630
0.103929,0.18515,3630
0.0990833,0.186342,3630
0.0966857,0.184337,3630
0.0990599,0.183513,3630
0.0978348,0.181844,3630
0.0964713,0.181666,3630
0.0967862,0.188272,3630
0.109962,0.186253,3630
0.0986769,0.184765,3630
0.0961585,0.184438,3630
0.0972555,0.184539,3630
0.0976691,0.182091,3630
0.0960931,0.181862,3630
0.0991743,0.185563,3630
0.10142,0.194461,3630
0.0986712,0.192664,3630
0.0989003,0.18518,3630
0.0974693,0.181606,3630
0.0987326,0.183805,3630
0.0966796,0.183445,3630
0.0986578,0.187981,3640
0.0996631,0.190066,3640
0.100078,0.185304,3640
0.0990902,0.186803,3640
0.098505,0.18619,3640
0.0979247,0.189107,3640
0.0969627,0.183237,3640
0.099547,0.192317,3640
0.0998024,0.188919,3640
0.0997722,0.189388,3640
0.095589,0.185581,3640
0.0967268,0.183186,3640
0.0982125,0.189958,3640
0.0973782,0.184663,3640
0.0987018,0.187587,3640
0.0970305,0.188937,3640
0.0993633,0.187432,3640
0.098989,0.188769,3640
0.0963106,0.183711,3640
0.0966779,0.180986,3640
0.0968654,0.183781,3640
0.0996246,0.192352,3640
0.102314,0.187623,3640
0.101531,0.188358,3640
0.0983284,0.185358,3640
0.0975532,0.183544,3640
0.0992335,0.182541,3640
0.0955224,0.182663,3640
0.0977354,0.183513,3640
0.0979019,0.189566,3640
0.106554,0.185624,3640
0.100218,0.195695,3640
0.103033,0.201977,3650
0.102324,0.191819,3650
0.102797,0.191912,3650
0.0996286,0.190554,3650
0.112099,0.18675,3650
0.100081,0.187101,3650
0.0992444,0.187234,3650
0.0990719,0.184387,3650
0.0988382,0.188121,3650
0.0988878,0.189712,3650
0.0986186,0.186403,3650
0.108597,0.18963,3650
0.0990644,0.187605,3650
0.0995251,0.190055,3650
0.0991412,0.18236,3650
0.0970383,0.183937,3650
0.0996211,0.188592,3650
0.100074,0.187985,3650
0.101106,0.188086,3650
0.102109,0.187346,3650
0.100968,0.18907,3650
0.0975236,0.181182,3650
0.0972102,0.183048,3650
0.104436,0.188981,3650
0.0981587,0.186933,3650
0.101654,0.188409,3650
0.102627,0.189178,3650
0.0990358,0.184077,3650
0.100736,0.18507,3650
0.0987174,0.184134,3650
0.0991895,0.184968,3650
0.110612,0.182447,3650
0.102781,0.189934,3660
0.0978349,0.193009,3660
0.0978683,0.189415,3660
0.101943,0.184927,3660
0.0988223,0.185823,3660
0.101618,0.229135,3660
0.105952,0.196034,3660
0.103341,0.191893,3660
0.102048,0.189879,3660
0.100935,0.19043,3660
0.0996339,0.186426,3660
0.0971024,0.188175,3660
0.100562,0.190036,3660
0.0996313,0.194031,3660
0.101438,0.194109,3660
0.104157,0.201148,3660
0.112383,0.206486,3660
0.111737,0.211895,3660
0.111224,0.210972,3660
0.109628,0.211505,3660
0.124831,0.219225,3660
0.113375,0.228665,3660
0.119187,0.216157,3660
0.114041,0.221964,3660
0.113836,0.206669,3660
0.105519,0.197951,3660
0.106045,0.198214,3660
0.102243,0.19308,3660
0.100997,0.190122,3660
0.0991498,0.184263,3660
0.0977774,0.188397,3660
0.101068,0.187172,3660
0.101339,0.188629,3670
0.109655,0.190869,3670
0.102632,0.19404,3670
0.102947,0.188223,3670
0.0976104,0.187874,3670
0.0982772,0.190587,3670
0.100995,0.193234,3670
0.0973852,0.189121,3670
0.101501,0.191385,3670
0.102539,0.191861,3670
0.105758,0.188598,3670
0.0974503,0.186041,3670
0.102868,0.185773,3670
0.0978332,0.188932,3670
0.0976556,0.192707,3670
0.113554,0.23278,3670
0.127841,0.224265,3670
0.110674,0.20353,3670
0.104802,0.200928,3670
0.103603,0.198543,3670
0.103013,0.19148,3670
0.103543,0.198321,3670
0.101941,0.189696,3670
0.100551,0.19034,3670
0.101819,0.192911,3670
0.100777,0.191351,3670
0.1015,0.192317,3670
0.102459,0.188635,3670
0.10818,0.192462,3670
0.103175,0.193589,3670
0.105682,0.19147,3670
0.0979562,0.193404,3670
0.104487,0.197162,3680
0.101852,0.195244,3680
0.101095,0.191981,3680
0.102524,0.199302,3680
0.104247,0.192365,3680
0.100547,0.190686,3680
0.102234,0.190599,3680
0.104375,0.192578,3680
0.107031,0.193132,3680
0.0987814,0.196512,3680
0.102039,0.193731,3680
0.1009,0.193159,3680
0.101762,0.190217,3680
0.102438,0.194401,3680
0.101148,0.191408,3680
0.101471,0.190927,3680
0.10034,0.194066,3680
0.100602,0.192778,3680
0.10257,0.198614,3680
0.100318,0.195302,3680
0.100886,0.189781,3680
0.103123,0.189806,3680
0.0986491,0.187878,3680
0.111072,0.193171,3680
0.102634,0.193044,3680
0.105388,0.185234,3680
0.104861,0.188687,3680
0.105191,0.186454,3680
0.0984644,0.186564,3680
0.104427,0.187708,3680
0.101941,0.191124,3680
0.105031,0.189155,3680
0.10001,0.191784,3690
0.103605,0.194495,3690
0.104111,0.190916,3690
0.10042,0.188383,3690
0.102144,0.192365,3690
0.101631,0.194234,3690
0.103179,0.190683,3690
0.0989897,0.189985,3690
0.105097,0.190261,3690
0.102574,0.186472,3690
0.0989412,0.187679,3690
0.0994607,0.205659,3690
0.103451,0.196482,3690
0.105815,0.186716,3690
0.099264,0.188252,3690
0.101315,0.190114,3690
0.099834,0.186757,3690
0.0997748,0.188755,3690
0.0987796,0.19541,3690
0.103074,0.196023,3690
0.102404,0.190568,3690
0.0988688,0.19359,3690
0.101488,0.189346,3690
0.0988442,0.18637,3690
0.0989889,0.187975,3690
0.0997578,0.192996,3690
0.103095,0.193083,3690
0.102655,0.188723,3690
0.101037,0.194031,3690
0.100897,0.192201,3690
0.101214,0.186697,3690
0.098801,0.188921,3690
0.104846,0.195326,3700
0.102758,0.19447,3700
0.102755,0.192398,3700
0.104152,0.194006,3700
0.104995,0.189441,3700
0.100323,0.186432,3700
0.101659,0.192049,3700
0.108767,0.1973,3700
0.10468,0.193527,3700
0.102082,0.193253,3700
0.103997,0.199491,3700
0.100834,0.18798,3700
0.100003,0.189247,3700
0.101768,0.193542,3700
0.103939,0.194682,3700
0.101139,0.187827,3700
0.0995106,0.194604,3700
0.106337,0.194275,3700
0.0995913,0.186071,3700
0.10064,0.191134,3700
0.100736,0.196803,3700
0.104611,0.195159,3700
0.10132,0.191804,3700
0.102819,0.195675,3700
0.101346,0.189016,3700
0.0998295,0.190109,3700
0.0996847,0.190184,3700
0.101913,0.203394,3700
0.103199,0.192245,3700
0.100464,0.19218,3700
0.10305,0.192958,3700
0.100877,0.18809,3700
0.10265,0.187846,3710
0.101708,0.191658,3710
0.102412,0.193494,3710
0.103395,0.198717,3710
0.102402,0.191951,3710
0.106695,0.193609,3710
0.105864,0.189089,3710
0.0995318,0.192336,3710
0.0996123,0.198988,3710
0.103011,0.194272,3710
0.102071,0.189009,3710
0.10151,0.195389,3710
0.102783,0.194837,3710
0.099742,0.208313,3710
0.101339,0.189398,3710
0.103184,0.194799,3710
0.104528,0.194315,3710
0.101561,0.193523,3710
0.102641,0.195252,3710
0.100837,0.193907,3710
0.100292,0.194247,3710
0.100245,0.188608,3710
0.100584,0.195637,3710
0.104827,0.19362,3710
0.103081,0.193441,3710
0.101145,0.194513,3710
0.105405,0.189073,3710
0.100094,0.191741,3710
0.0997691,0.188077,3710
0.111506,0.194064,3710
0.0998053,0.189869,3710
0.100716,0.1979,3710
0.103731,0.199719,3720
0.100669,0.189911,3720
0.102041,0.194518,3720
0.107794,0.195094,3720
0.10812,0.19236,3720
0.107258,0.193257,3720
0.101401,0.193112,3720
0.105822,0.190797,3720
0.101103,0.192394,3720
0.101527,0.189266,3720
0.105397,0.199496,3720
0.107328,0.190702,3720
0.100756,0.191684,3720
0.0997025,0.194742,3720
0.100559,0.193727,3720
0.103124,0.191228,3720
0.102157,0.1909,3720
0.10405,0.196911,3720
0.102985,0.191176,3720
0.101293,0.193913,3720
0.1023,0.192884,3720
0.114375,0.188839,3720
0.100362,0.191046,3720
0.101765,0.189971,3720
0.107165,0.196299,3720
0.101027,0.193052,3720
0.103963,0.193508,3720
0.100838,0.190645,3720
0.0997465,0.19039,3720
0.105103,0.189947,3720
0.101368,0.191659,3720
0.107065,0.195213,3720
0.108233,0.194936,3730
0.102816,0.197727,3730
0.10222,0.190573,3730
0.10071,0.19331,3730
0.103887,0.195067,3730
0.102727,0.200598,3730
0.104856,0.196772,3730
0.104273,0.196936,3730
0.101769,0.193398,3730
0.102085,0.194132,3730
0.107055,0.1924,3730
0.102751,0.191699,3730
0.102208,0.196931,3730
0.103555,0.198268,3730
0.104191,0.195132,3730
0.102596,0.196169,3730
0.0999166,0.192109,3730
0.099824,0.191183,3730
0.102492,0.194278,3730
0.103585,0.196353,3730
0.105307,0.199332,3730
0.104833,0.195364,3730
0.107992,0.192735,3730
0.101688,0.192645,3730
0.102467,0.192862,3730
0.101907,0.193053,3730
0.104247,0.192628,3730
0.103414,0.201092,3730
0.101118,0.191866,3730
0.104,0.195005,3730
0.102643,0.195076,3730
0.101723,0.19206,3730
0.107598,0.196513,3740
0.107448,0.193844,3740
0.105786,0.1958,3740
0.101455,0.193474,3740
0.104843,0.190059,3740
0.102634,0.193783,3740
0.10327,0.192812,3740
0.10167,0.20695,3740
0.104971,0.195591,3740
0.101432,0.196891,3740
0.108072,0.194377,3740
0.101641,0.193285,3740
0.105066,0.192432,3740
0.10593,0.191928,3740
0.106437,0.197479,3740
0.105117,0.19946,3740
0.105875,0.194558,3740
0.107882,0.199275,3740
0.102257,0.193655,3740
0.102782,0.197291,3740
0.100948,0.199877,3740
0.104936,0.197665,3740
0.103845,0.197575,3740
0.102931,0.190856,3740
0.102918,0.191888,3740
0.102965,0.195685,3740
0.101903,0.195492,3740
0.104179,0.198455,3740
0.10419,0.200067,3740
0.109003,0.195108,3740
0.102403,0.191114,3740
0.102035,0.191495,3740
0.105829,0.19472,3750
0.108955,0.193635,3750
0.108078,0.19788,3750
0.106876,0.200741,3750
0.106512,0.193385,3750
0.107579,0.198072,3750
0.102021,0.192456,3750
0.10393,0.19649,3750
0.102499,0.197454,3750
0.107767,0.204185,3750
0.105706,0.196286,3750
0.103344,0.194423,3750
0.101962,0.193889,3750
0.102318,0.197189,3750
0.103255,0.193125,3750
0.108275,0.206616,3750
0.105496,0.200463,3750
0.10606,0.195777,3750
0.102423,0.191702,3750
0.104641,0.193241,3750
0.102504,0.195926,3750
0.103021,0.195789,3750
0.113434,0.198584,3750
0.105959,0.197231,3750
0.107844,0.194108,3750
0.103773,0.193096,3750
0.103202,0.195784,3750
0.102225,0.193669,3750
0.107679,0.202427,3750
0.108807,0.19916,3750
0.104158,0.192814,3750
0.104159,0.193173,3750
0.104121,0.19384,3760
0.108477,0.193521,3760
0.105412,0.198835,3760
0.108143,0.199271,3760
0.109984,0.196524,3760
0.108832,0.191517,3760
0.103967,0.195571,3760
0.109338,0.194471,3760
0.104037,0.194712,3760
0.101446,0.195039,3760
0.110181,0.199817,3760
0.104508,0.193795,3760
0.102692,0.195816,3760
0.102883,0.194565,3760
0.109833,0.198173,3760
0.102493,0.194423,3760
0.102501,0.207459,3760
0.106328,0.199862,3760
0.102951,0.194431,3760
0.1095,0.194727,3760
0.106536,0.193617,3760
0.103471,0.194602,3760
0.102816,0.192754,3760
0.109175,0.200536,3760
0.105454,0.201702,3760
0.105638,0.200315,3760
0.110045,0.194119,3760
0.10446,0.192872,3760
0.102689,0.192956,3760
0.109909,0.201361,3760
0.11006,0.201146,3760
0.10526,0.199724,3760
0.103505,0.200579,3770
0.103575,0.19539,3770
0.104726,0.198171,3770
0.104208,0.197453,3770
0.108462,0.209236,3770
0.124976,0.21544,3770
0.111236,0.202025,3770
0.106743,0.201383,3770
0.107514,0.20008,3770
0.104893,0.199909,3770
0.108239,0.206409,3770
0.107268,0.200354,3770
0.105613,0.193711,3770
0.104085,0.19842,3770
0.102783,0.196193,3770
0.1044,0.195578,3770
0.111182,0.196652,3770
0.120486,0.201082,3770
0.104772,0.195565,3770
0.107176,0.196032,3770
0.107945,0.196984,3770
0.10578,0.196563,3770
0.10111,0.191654,3770
0.10361,0.20321,3770
0.108892,0.201206,3770
0.104222,0.195279,3770
0.103377,0.197963,3770
0.108611,0.200248,3770
0.108733,0.198587,3770
0.103067,0.19432,3770
0.10453,0.209138,3770
0.106667,0.196634,3770
0.106225,0.19454,3780
0.104311,0.198122,3780
0.106256,0.204311,3780
0.10416,0.198367,3780
0.10418,0.205396,3780
0.109288,0.203367,3780
0.113056,0.197238,3780
0.111027,0.214106,3780
0.111936,0.202121,3780
0.112104,0.201283,3780
0.104798,0.202706,3780
0.104998,0.202763,3780
0.108076,0.202854,3780
0.104109,0.196137,3780
0.10634,0.197821,3780
0.106473,0.196586,3780
0.104814,0.196707,3780
0.103921,0.199847,3780
0.107949,0.202575,3780
0.111278,0.197268,3780
0.102646,0.195513,3780
0.105009,0.195837,3780
0.106255,0.202703,3780
0.105618,0.194608,3780
0.106787,0.207766,3780
0.10798,0.202078,3780
0.104286,0.201291,3780
0.110552,0.196239,3780
0.104722,0.19915,3780
0.104549,0.195701,3780
0.104503,0.197121,3780
0.108832,0.20273,3780
0.109413,0.198212,3790
0.105446,0.200563,3790
0.10507,0.200523,3790
0.105802,0.198678,3790
0.105117,0.202316,3790
0.106003,0.207962,3790
0.110568,0.210087,3790
0.10493,0.199601,3790
0.103929,0.202725,3790
0.106256,0.197351,3790
0.105508,0.197634,3790
0.106775,0.199159,3790
0.113732,0.203792,3790
0.107207,0.203489,3790
0.105917,0.200961,3790
0.107608,0.196184,3790
0.105552,0.19615,3790
0.104165,0.200353,3790
0.10607,0.212589,3790
0.10869,0.207893,3790
0.106598,0.200522,3790
0.104375,0.202856,3790
0.107093,0.201773,3790
0.103749,0.200545,3790
0.110752,0.198385,3790
0.114587,0.20238,3790
0.105961,0.198991,3790
0.105959,0.240734,3790
0.112167,0.20767,3790
0.109489,0.205325,3790
0.107524,0.204179,3790
0.107973,0.205031,3790
0.109781,0.206865,3800
0.107518,0.20055,3800
0.106065,0.19915,3800
0.106845,0.199158,3800
0.10601,0.202565,3800
0.105584,0.201732,3800
0.113115,0.20468,3800
0.110929,0.198125,3800
0.10535,0.20116,3800
0.105251,0.197971,3800
0.106269,0.200141,3800
0.109756,0.200564,3800
0.113776,0.204928,3800
0.108807,0.201688,3800
0.10667,0.203625,3800
0.111295,0.199073,3800
0.105638,0.198832,3800
0.108055,0.199487,3800
0.107087,0.200935,3800
0.110526,0.206708,3800
0.10457,0.199783,3800
0.10648,0.197746,3800
0.111304,0.19774,3800
0.105478,0.199338,3800
0.111667,0.200378,3800
0.116562,0.207132,3800
0.106617,0.199637,3800
0.107158,0.211856,3800
0.10703,0.202829,3800
0.113291,0.202888,3800
0.107491,0.201891,3800
0.107407,0.2032,3800
0.111678,0.209017,3810
0.107821,0.204155,3810
0.109963,0.19899,3810
0.105017,0.204361,3810
0.10736,0.205123,3810
0.107589,0.202299,3810
0.118973,0.206345,3810
0.104955,0.200131,3810
0.10743,0.198501,3810
0.107251,0.19856,3810
0.106035,0.205848,3810
0.112202,0.199551,3810
0.105998,0.206921,3810
0.113342,0.202565,3810
0.108438,0.20294,3810
0.107228,0.199894,3810
0.109093,0.198947,3810
0.105276,0.203082,3810
0.112457,0.205655,3810
0.108931,0.202691,3810
0.106144,0.204621,3810
0.107562,0.203227,3810
0.105907,0.199416,3810
0.106344,0.201667,3810
0.112985,0.200057,3810
0.105533,0.210058,3810
0.109418,0.206088,3810
0.106411,0.199926,3810
0.106281,0.207704,3810
0.107728,0.203449,3810
0.106683,0.199079,3810
0.106612,0.211203,3810
0.110904,0.206939,3820
0.106832,0.204911,3820
0.107635,0.199195,3820
0.108417,0.204696,3820
0.106124,0.202095,3820
0.112756,0.200286,3820
0.107574,0.207462,3820
0.110415,0.202777,3820
0.109938,0.199448,3820
0.107066,0.202638,3820
0.108091,0.206331,3820
0.109305,0.203159,3820
0.107392,0.213354,3820
0.118231,0.205648,3820
0.10864,0.198477,3820
0.105675,0.202562,3820
0.109389,0.202823,3820
0.109426,0.202325,3820
0.109113,0.203502,3820
0.111179,0.202516,3820
0.106704,0.207626,3820
0.106749,0.201037,3820
0.11522,0.201205,3820
0.107366,0.199851,3820
0.106152,0.199091,3820
0.107289,0.205915,3820
0.111218,0.207124,3820
0.10757,0.20056,3820
0.109177,0.200445,3820
0.107732,0.206802,3820
0.108014,0.203447,3820
0.10736,0.209912,3820
0.11131,0.208938,3830
0.110844,0.203252,3830
0.107112,0.201686,3830
0.108731,0.202633,3830
0.107924,0.208399,3830
0.106849,0.201249,3830
0.110442,0.207208,3830
0.109082,0.206211,3830
0.107522,0.200668,3830
0.107793,0.20159,3830
0.112564,0.205958,3830
0.108388,0.203702,3830
0.106714,0.223879,3830
0.114492,0.2206,3830
0.114207,0.205934,3830
0.115383,0.20893,3830
0.111068,0.21096,3830
0.109024,0.201915,3830
0.10688,0.210346,3830
0.110058,0.210162,3830
0.108314,0.201969,3830
0.112568,0.199772,3830
0.108686,0.203131,3830
0.108312,0.202658,3830
0.109723,0.201405,3830
0.115845,0.206037,3830
0.107688,0.205206,3830
0.109128,0.201701,3830
0.109156,0.206908,3830
0.111361,0.205438,3830
0.108063,0.202618,3830
0.106754,0.206295,3830
0.114403,0.211004,3840
0.113191,0.202265,3840
0.108884,0.20685,3840
0.111061,0.208634,3840
0.108841,0.20181,3840
0.109804,0.209685,3840
0.112707,0.205822,3840
0.106267,0.202455,3840
0.108756,0.209009,3840
0.108228,0.207212,3840
0.107857,0.203598,3840
0.10925,0.200319,3840
0.110842,0.210925,3840
0.11176,0.206933,3840
0.107507,0.205963,3840
0.108166,0.207737,3840
0.112284,0.204697,3840
0.108591,0.201135,3840
0.110265,0.207497,3840
0.110024,0.208594,3840
0.112753,0.206019,3840
0.107602,0.208621,3840
0.110451,0.204117,3840
0.108092,0.205533,3840
0.108015,0.202252,3840
0.112513,0.21057,3840
0.110272,0.206545,3840
0.108739,0.20619,3840
0.112812,0.210569,3840
0.113103,0.203257,3840
0.11307,0.20115,3840
0.113249,0.210995,3840
0.113881,0.208027,3850
0.110375,0.209155,3850
0.110462,0.208721,3850
0.110264,0.217171,3850
0.114784,0.206056,3850
0.11851,0.213402,3850
0.108926,0.203207,3850
0.110311,0.202725,3850
0.109388,0.208451,3850
0.109991,0.204507,3850
0.109643,0.20355,3850
0.108986,0.21696,3850
0.112762,0.212782,3850
0.114415,0.207262,3850
0.108464,0.205644,3850
0.110107,0.205119,3850
0.110057,0.201804,3850
0.111738,0.20484,3850
0.116459,0.209477,3850
0.108394,0.204945,3850
0.109878,0.205426,3850
0.110702,0.205976,3850
0.108238,0.202826,3850
0.1139,0.205291,3850
0.108179,0.215965,3850
0.116431,0.204501,3850
0.109586,0.203227,3850
0.112164,0.204874,3850
0.107226,0.204241,3850
0.108207,0.204061,3850
0.11524,0.215495,3850
0.111264,0.206257,3850
0.112384,0.208484,3860
0.10753,0.211239,3860
0.111107,0.205618,3860
0.107866,0.207973,3860
0.109131,0.205812,3860
0.113794,0.211041,3860
0.114606,0.206619,3860
0.108493,0.212,3860
0.108276,0.209365,3860
0.111145,0.204845,3860
0.110828,0.208478,3860
0.112859,0.212811,3860
0.117287,0.210806,3860
0.114375,0.21332,3860
0.112161,0.210342,3860
0.10988,0.203534,3860
0.108771,0.205189,3860
0.110227,0.220618,3860
0.112817,0.209155,3860
0.113719,0.204934,3860
0.109158,0.208445,3860
0.11042,0.205475,3860
0.108288,0.206085,3860
0.10934,0.218711,3860
0.134827,0.241848,3860
0.130763,0.221867,3860
0.117949,0.213788,3860
0.111997,0.210809,3860
0.110684,0.207939,3860
0.109266,0.209778,3860
0.119966,0.210685,3860
0.112136,0.205974,3860
0.114268,0.208951,3870
0.116739,0.207622,3870
0.111603,0.207551,3870
0.110878,0.212181,3870
0.110312,0.207948,3870
0.11176,0.212174,3870
0.112522,0.209418,3870
0.111922,0.204651,3870
0.109921,0.20631,3870
0.109329,0.206745,3870
0.113445,0.212086,3870
0.11126,0.211007,3870
0.117723,0.213862,3870
0.109683,0.204086,3870
0.115,0.2073,3870
0.111541,0.213592,3870
0.109586,0.21801,3870
0.112386,0.208669,3870
0.108689,0.209541,3870
0.118198,0.206393,3870
0.108285,0.207365,3870
0.109916,0.204877,3870
0.109856,0.221261,3870
0.111425,0.20851,3870
0.109605,0.210336,3870
0.112899,0.209388,3870
0.113862,0.206707,3870
0.109733,0.204251,3870
0.109858,0.210387,3870
0.113467,0.209842,3870
0.111723,0.210066,3870
0.111121,0.207004,3870
0.115591,0.207028,3880
0.109544,0.212199,3880
0.1122,0.207238,3880
0.114003,0.214249,3880
0.112338,0.210249,3880
0.115226,0.207652,3880
0.111507,0.212684,3880
0.11355,0.20859,3880
0.111866,0.209175,3880
0.111655,0.215903,3880
0.114267,0.21352,3880
0.125825,0.256473,3880
0.139491,0.235774,3880
0.119716,0.223385,3880
0.11512,0.212652,3880
0.118215,0.21585,3880
0.113759,0.214756,3880
0.113003,0.215205,3880
0.112464,0.205607,3880
0.11027,0.208225,3880
0.109312,0.207347,3880
0.123288,0.216356,3880
0.113263,0.211711,3880
0.114899,0.206819,3880
0.1102,0.207626,3880
0.110259,0.206683,3880
0.11063,0.2083,3880
0.110686,0.215257,3880
0.114756,0.214185,3880
0.113912,0.214344,3880
0.110637,0.208376,3880
0.109785,0.20685,3880
0.112461,0.208176,3890
0.113902,0.212842,3890
0.114217,0.217706,3890
0.113801,0.214157,3890
0.111821,0.208273,3890
0.110163,0.210365,3890
0.112047,0.210152,3890
0.115729,0.221047,3890
0.114371,0.219203,3890
0.115028,0.21408,3890
0.111474,0.207314,3890
0.113287,0.210889,3890
0.110185,0.208914,3890
0.113955,0.212574,3890
0.114266,0.212713,3890
0.113197,0.216841,3890
0.111885,0.207449,3890
0.112054,0.218353,3890
0.115389,0.208906,3890
0.110542,0.210632,3890
0.12305,0.209288,3890
0.109733,0.214122,3890
0.111563,0.210551,3890
0.116727,0.209519,3890
0.110124,0.20877,3890
0.113855,0.209465,3890
0.117946,0.214467,3890
0.113794,0.215676,3890
0.110927,0.207617,3890
0.110528,0.209879,3890
0.111559,0.214223,3890
0.111322,0.206843,3890
0.111839,0.217666,3900
0.115722,0.215122,3900
0.113403,0.21162,3900
0.113562,0.213655,3900
0.11386,0.216,3900
0.115391,0.212431,3900
0.112259,0.216509,3900
0.116043,0.215725,3900
0.116135,0.208914,3900
0.111669,0.212169,3900
0.112235,0.209117,3900
0.138969,0.299196,3900
0.164546,0.280939,3900
0.133942,0.238584,3900
0.120732,0.222152,3900
0.125618,0.217573,3900
0.111202,0.20787,3900
0.11243,0.20791,3900
0.136629,0.220392,3900
0.114791,0.216261,3900
0.111914,0.208505,3900
0.111012,0.209399,3900
0.112139,0.208729,3900
0.11119,0.214237,3900
0.120722,0.216086,3900
0.113461,0.21569,3900
0.116926,0.212575,3900
0.112722,0.21303,3900
0.110268,0.208063,3900
0.112857,0.209761,3900
0.113056,0.215964,3900
0.116377,0.215787,3900
0.113416,0.211913,3910
0.111674,0.211902,3910
0.114497,0.210875,3910
0.111774,0.214076,3910
0.11292,0.218563,3910
0.119575,0.2217,3910
0.115656,0.216047,3910
0.121596,0.209795,3910
0.111449,0.215663,3910
0.113372,0.211609,3910
0.110229,0.222125,3910
0.115976,0.211465,3910
0.111178,0.210708,3910
0.114056,0.212088,3910
0.113503,0.210374,3910
0.111085,0.217217,3910
0.110405,0.225181,3910
0.11771,0.214242,3910
0.112446,0.210786,3910
0.114395,0.210984,3910
0.111875,0.212586,3910
0.112517,0.216485,3910
0.111611,0.221017,3910
0.11554,0.216948,3910
0.11518,0.208822,3910
0.111994,0.213616,3910
0.115422,0.211978,3910
0.111182,0.213649,3910
0.112481,0.217105,3910
0.119223,0.218755,3910
0.114458,0.211003,3910
0.112138,0.209927,3910
0.113145,0.213641,3920
0.122368,0.213898,3920
0.113155,0.22091,3920
0.119375,0.215587,3920
0.115547,0.221572,3920
0.115387,0.212034,3920
0.117395,0.213975,3920
0.114677,0.212032,3920
0.112846,0.214594,3920
0.117893,0.217256,3920
0.115551,0.215765,3920
0.113765,0.212668,3920
0.114521,0.211805,3920
0.112964,0.211201,3920
0.113027,0.211851,3920
0.120938,0.213841,3920
0.11535,0.216093,3920
0.11758,0.2135,3920
0.114506,0.213031,3920
0.111651,0.212126,3920
0.112348,0.2136,3920
0.125275,0.217061,3920
0.11637,0.218713,3920
0.117041,0.21319,3920
0.112962,0.209924,3920
0.111896,0.215064,3920
0.115131,0.213753,3920
0.122685,0.218959,3920
0.114574,0.212016,3920
0.111938,0.215277,3920
0.114705,0.214812,3920
0.113401,0.214512,3920
0.116069,0.218441,3930
0.123718,0.218096,3930
0.11625,0.216501,3930
0.114589,0.214948,3930
0.11528,0.212874,3930
0.113951,0.215263,3930
0.116268,0.213392,3930
0.121296,0.217523,3930
0.114364,0.212376,3930
0.11416,0.212645,3930
0.113257,0.214402,3930
0.113663,0.213397,3930
0.119521,0.213746,3930
0.113803,0.218416,3930
0.11662,0.212237,3930
0.113976,0.215071,3930
0.114378,0.25818,3930
0.122034,0.220341,3930
0.117037,0.220153,3930
0.122005,0.219597,3930
0.122019,0.218025,3930
0.11265,0.214719,3930
0.112668,0.213033,3930
0.113125,0.21749,3930
0.112932,0.218067,3930
0.118736,0.217057,3930
0.11619,0.216027,3930
0.112294,0.216883,3930
0.128299,0.222659,3930
0.117626,0.234603,3930
0.132075,0.23926,3930
0.133636,0.224391,3930
0.119876,0.221765,3940
0.120509,0.216777,3940
0.114895,0.212359,3940
0.114553,0.215283,3940
0.114446,0.217706,3940
0.119801,0.219226,3940
0.115716,0.214481,3940
0.116788,0.217477,3940
0.113183,0.211658,3940
0.113591,0.215336,3940
0.116332,0.217215,3940
0.122349,0.222009,3940
0.113839,0.219181,3940
0.114455,0.214786,3940
0.11477,0.216723,3940
0.114758,0.215608,3940
0.116194,0.214287,3940
0.12893,0.221111,3940
0.114093,0.215465,3940
0.114728,0.211375,3940
0.114277,0.213444,3940
0.114117,0.215643,3940
0.115702,0.213205,3940
0.120803,0.218327,3940
0.114339,0.216843,3940
0.115609,0.215235,3940
0.112846,0.215877,3940
0.114924,0.217564,3940
0.114253,0.212545,3940
0.120454,0.222822,3940
0.113094,0.216486,3940
0.113962,0.219364,3940
0.115376,0.215483,3950
0.114008,0.215315,3950
0.118443,0.216495,3950
0.131033,0.217864,3950
0.114499,0.217901,3950
0.113712,0.220572,3950
0.114057,0.220989,3950
0.114415,0.215252,3950
0.11558,0.213726,3950
0.123132,0.222376,3950
0.115278,0.218716,3950
0.115396,0.212402,3950
0.114032,0.215964,3950
0.113122,0.222977,3950
0.120738,0.223935,3950
0.118425,0.215939,3950
0.118549,0.213606,3950
0.116977,0.21916,3950
0.115169,0.215683,3950
0.124832,0.216714,3950
0.11912,0.212755,3950
0.119641,0.218175,3950
0.115836,0.220528,3950
0.113914,0.221747,3950
0.115352,0.217237,3950
0.114098,0.219428,3950
0.116916,0.215637,3950
0.124164,0.222293,3950
0.11828,0.220818,3950
0.117791,0.213522,3950
0.114456,0.214024,3950
0.114561,0.218655,3950
0.118044,0.215401,3960
0.121007,0.22383,3960
0.115814,0.221921,3960
0.113967,0.217861,3960
0.116869,0.214686,3960
0.120389,0.215121,3960
0.113464,0.221306,3960
0.119365,0.218393,3960
0.174406,0.269808,3960
0.146154,0.273412,3960
0.143014,0.254516,3960
0.130464,0.230638,3960
0.137338,0.225299,3960
0.125805,0.22107,3960
0.116571,0.221162,3960
0.116594,0.215435,3960
0.122525,0.217058,3960
0.114191,0.226284,3960
0.118728,0.220485,3960
0.119797,0.223753,3960
0.116418,0.221518,3960
0.115992,0.216755,3960
0.118315,0.21746,3960
0.121878,0.21873,3960
0.118589,0.22073,3960
0.120146,0.220794,3960
0.116748,0.216963,3960
0.113186,0.219439,3960
0.121159,0.217105,3960
0.115445,0.216963,3960
0.119159,0.224909,3960
0.119285,0.22006,3960
0.116349,0.219749,3970
0.119423,0.222297,3970
0.11843,0.218418,3970
0.116738,0.218248,3970
0.119378,0.222889,3970
0.119249,0.219056,3970
0.114922,0.217892,3970
0.115892,0.222039,3970
0.126271,0.224261,3970
0.115425,0.220871,3970
0.119536,0.221487,3970
0.122843,0.219452,3970
0.115863,0.2175,3970
0.116938,0.224505,3970
0.122276,0.219623,3970
0.116915,0.221394,3970
0.120884,0.219927,3970
0.119786,0.222089,3970
0.115689,0.220215,3970
0.121895,0.23034,3970
0.115536,0.217097,3970
0.116396,0.226306,3970
0.119185,0.223855,3970
0.11919,0.217233,3970
0.116514,0.218181,3970
0.119475,0.218821,3970
0.1252,0.217443,3970
0.115529,0.224338,3970
0.117966,0.227299,3970
0.115583,0.21852,3970
0.120833,0.222271,3970
0.117976,0.21961,3970
0.118921,0.219286,3980
0.11807,0.229368,3980
0.119001,0.225584,3980
0.123291,0.222378,3980
0.118559,0.22286,3980
0.118514,0.217185,3980
0.11577,0.221506,3980
0.129651,0.227304,3980
0.118344,0.217328,3980
0.117459,0.231273,3980
0.116216,0.224321,3980
0.116749,0.218016,3980
0.114854,0.217349,3980
0.12144,0.22624,3980
0.121194,0.222973,3980
0.119448,0.223885,3980
0.119795,0.225257,3980
0.116633,0.219769,3980
0.118243,0.221204,3980
0.119583,0.226685,3980
0.116555,0.216985,3980
0.117305,0.219754,3980
0.119368,0.222765,3980
0.116878,0.22017,3980
0.116667,0.224363,3980
0.120911,0.225899,3980
0.115464,0.218897,3980
0.121371,0.221293,3980
0.118924,0.218115,3980
0.116226,0.22243,3980
0.118386,0.229094,3980
0.119147,0.225717,3980
0.120686,0.226722,3990
0.116915,0.226689,3990
0.118605,0.217686,3990
0.124245,0.224537,3990
0.116344,0.226264,3990
0.120848,0.227298,3990
0.119173,0.219569,3990
0.118973,0.237073,3990
0.115878,0.220361,3990
0.11835,0.225757,3990
0.12872,0.224999,3990
0.11759,0.221439,3990
0.116794,0.219081,3990
0.12059,0.223031,3990
0.117968,0.220728,3990
0.116781,0.224335,3990
0.131222,0.225513,3990
0.116328,0.221582,3990
0.115713,0.222347,3990
0.124117,0.218836,3990
0.116529,0.222839,3990
0.122906,0.221488,3990
0.13004,0.223943,3990
0.117065,0.225802,3990
0.123563,0.223758,3990
0.121894,0.223676,3990
0.117689,0.218551,3990
0.116981,0.221314,3990
0.124142,0.224185,3990
0.11897,0.219249,3990
0.120469,0.22635,3990
0.11766,0.219655,3990
0.118737,0.226743,4000
0.120188,0.232349,4000
0.122334,0.228553,4000
0.120247,0.222361,4000
0.120607,0.226728,4000
0.116995,0.235188,4000
0.124854,0.236116,4000
0.125555,0.24054,4000
0.124817,0.229916,4000
0.122578,0.231062,4000
0.119392,0.226664,4000
0.118549,0.227082,4000
0.118599,0.223758,4000
0.119817,0.225867,4000
0.121356,0.237115,4000
0.131654,0.238949,4000
0.120298,0.228246,4000
0.1196,0.220869,4000
0.126948,0.225769,4000
0.122364,0.226742,4000
0.120455,0.222366,4000
0.121625,0.226333,4000
0.117427,0.224481,4000
0.117591,0.221939,4000
0.117812,0.222924,4000
0.120969,0.228622,4000
0.120991,0.227673,4000
0.120676,0.222641,4000
0.116208,0.220162,4000
0.124193,0.223262,4000
0.117958,0.22767,4000
0.127461,0.225417,4000
0.121117,0.232398,4010
0.120823,0.22472,4010
0.117948,0.224355,4010
0.119771,0.227794,4010
0.122512,0.229135,4010
0.122448,0.225699,4010
0.121291,0.224068,4010
0.118093,0.219032,4010
0.117824,0.223697,4010
0.119987,0.220934,4010
0.124674,0.225827,4010
0.121447,0.226001,4010
0.122278,0.226502,4010
0.119364,0.221608,4010
0.117268,0.22649,4010
0.119156,0.230955,4010
0.120284,0.228384,4010
0.117404,0.22756,4010
0.120829,0.221249,4010
0.119588,0.22371,4010
0.11931,0.226433,4010
0.119077,0.225743,4010
0.121272,0.226601,4010
0.122021,0.22613,4010
0.119934,0.224814,4010
0.117542,0.220676,4010
0.118414,0.226543,4010
0.128174,0.237193,4010
0.119059,0.230174,4010
0.122752,0.226274,4010
0.117084,0.223482,4010
0.117722,0.224068,4010
0.122705,0.227635,4020
0.127083,0.235031,4020
0.124961,0.225645,4020
0.126827,0.222134,4020
0.119266,0.226719,4020
0.124802,0.22659,4020
0.132285,0.227878,4020
0.122794,0.226181,4020
0.128362,0.225196,4020
0.125483,0.219071,4020
0.119372,0.221272,4020
0.119738,0.222773,4020
0.119294,0.236204,4020
0.12634,0.224587,4020
0.122154,0.230661,4020
0.121604,0.22648,4020
0.119638,0.221391,4020
0.119196,0.222639,4020
0.119137,0.229324,4020
0.124183,0.225971,4020
0.122017,0.223676,4020
0.119779,0.224248,4020
0.117455,0.226664,4020
0.122509,0.222267,4020
0.13196,0.226829,4020
0.119692,0.229771,4020
0.12251,0.222597,4020
0.117937,0.2299,4020
0.125665,0.226847,4020
0.120119,0.227832,4020
0.124025,0.226797,4020
0.122782,0.228596,4020
0.122032,0.22488,4030
0.119136,0.23138,4030
0.120882,0.22739,4030
0.119901,0.231476,4030
0.127826,0.227582,4030
0.12259,0.223297,4030
0.119895,0.222264,4030
0.120321,0.2263,4030
0.119511,0.224158,4030
0.124518,0.227687,4030
0.124888,0.229452,4030
0.120742,0.224267,4030
0.119126,0.228985,4030
0.12586,0.224319,4030
0.122252,0.225949,4030
0.122982,0.243457,4030
0.142002,0.265246,4030
0.132977,0.238883,4030
0.126609,0.232983,4030
0.121896,0.230863,4030
0.120246,0.22849,4030
0.125294,0.230635,4030
0.123903,0.229085,4030
0.120563,0.228029,4030
0.122042,0.227138,4030
0.125247,0.222638,4030
0.119543,0.230017,4030
0.12726,0.233432,4030
0.128011,0.225574,4030
0.118603,0.224303,4030
0.118679,0.222629,4030
0.124586,0.233276,4030
0.122893,0.232576,4040
0.123146,0.231923,4040
0.127305,0.226093,4040
0.120186,0.223052,4040
0.11904,0.224185,4040
0.123734,0.229047,4040
0.126512,0.230952,4040
0.12351,0.22608,4040
0.119438,0.227534,4040
0.121314,0.227748,4040
0.122731,0.227815,4040
0.125055,0.230942,4040
0.125183,0.230727,4040
0.122863,0.226113,4040
0.118952,0.223897,4040
0.120096,0.223951,4040
0.122193,0.236279,4040
0.146691,0.268938,4040
0.134632,0.242227,4040
0.126266,0.232496,4040
0.122781,0.232982,4040
0.126581,0.235567,4040
0.120897,0.231151,4040
0.125332,0.232769,4040
0.122986,0.224823,4040
0.122151,0.227521,4040
0.121856,0.2424,4040
0.128019,0.235135,4040
0.133274,0.238943,4040
0.126295,0.230213,4040
0.118722,0.226403,4040
0.121735,0.227919,4040
0.123752,0.228606,4050
0.126481,0.240057,4050
0.12544,0.233185,4050
0.120527,0.226177,4050
0.12136,0.227682,4050
0.122087,0.225735,4050
0.122414,0.228537,4050
0.126047,0.240134,4050
0.126511,0.230041,4050
0.120403,0.224652,4050
0.120956,0.231507,4050
0.126603,0.223958,4050
0.120428,0.229684,4050
0.123329,0.236032,4050
0.123244,0.23001,4050
0.119995,0.230473,4050
0.125127,0.232022,4050
0.121517,0.227205,4050
0.122945,0.239113,4050
0.125943,0.233028,4050
0.123308,0.222475,4050
0.119343,0.228894,4050
0.126757,0.224854,4050
0.121966,0.228062,4050
0.120982,0.233061,4050
0.123747,0.233382,4050
0.12239,0.229003,4050
0.121624,0.22766,4050
0.12034,0.226432,4050
0.122191,0.224471,4050
0.131725,0.23279,4050
0.123178,0.234237,4050
0.122652,0.2312,4060
0.12408,0.229647,4060
0.122336,0.232744,4060
0.125351,0.237284,4060
0.127748,0.235015,4060
0.124215,0.228693,4060
0.123244,0.232562,4060
0.121489,0.226023,4060
0.127606,0.226685,4060
0.120408,0.238713,4060
0.124482,0.233758,4060
0.121165,0.228853,4060
0.124163,0.232486,4060
0.127084,0.225992,4060
0.122187,0.230522,4060
0.125764,0.233194,4060
0.12611,0.238335,4060
0.125845,0.229241,4060
0.120591,0.226307,4060
0.121672,0.227322,4060
0.122965,0.233301,4060
0.126003,0.234332,4060
0.12187,0.22982,4060
0.124521,0.227967,4060
0.120608,0.234773,4060
0.121123,0.231342,4060
0.12641,0.234987,4060
0.123983,0.250428,4060
0.123199,0.230404,4060
0.124515,0.228193,4060
0.130537,0.227436,4060
0.124366,0.234722,4060
0.136029,0.23317,4070
0.123494,0.268285,4070
0.136205,0.242135,4070
0.124933,0.234127,4070
0.127601,0.238109,4070
0.124169,0.247063,4070
0.125673,0.233644,4070
0.12851,0.232268,4070
0.121016,0.23088,4070
0.120464,0.225632,4070
0.125333,0.236904,4070
0.135393,0.23491,4070
0.128478,0.229507,4070
0.126396,0.228534,4070
0.122825,0.228468,4070
0.129769,0.231931,4070
0.126804,0.236647,4070
0.126779,0.239703,4070
0.123819,0.233399,4070
0.125047,0.23098,4070
0.121715,0.2285,4070
0.131102,0.233682,4070
0.137464,0.236039,4070
0.125706,0.232379,4070
0.124782,0.228887,4070
0.12147,0.228178,4070
0.121203,0.231946,4070
0.126156,0.237626,4070
0.13032,0.232663,4070
0.122691,0.230901,4070
0.122598,0.227512,4070
0.12201,0.228689,4070
0.123579,0.238705,4080
0.123984,0.246898,4080
0.128426,0.229228,4080
0.127171,0.233625,4080
0.123942,0.238842,4080
0.122541,0.237038,4080
0.126908,0.240724,4080
0.130385,0.233066,4080
0.121822,0.23441,4080
0.122606,0.228974,4080
0.124486,0.227317,4080
0.124274,0.238975,4080
0.12666,0.23746,4080
0.125984,0.236981,4080
0.13237,0.234876,4080
0.123104,0.232186,4080
0.12692,0.234314,4080
0.125098,0.233415,4080
0.130415,0.233961,4080
0.127041,0.235463,4080
0.12498,0.235135,4080
0.124419,0.230653,4080
0.122305,0.236809,4080
0.122936,0.231566,4080
0.126378,0.233404,4080
0.127676,0.231672,4080
0.122245,0.23106,4080
0.127967,0.234586,4080
0.126313,0.234133,4080
0.126163,0.235662,4080
0.127404,0.237791,4080
0.124522,0.232937,4080
0.130799,0.236353,4090
0.124002,0.236372,4090
0.123647,0.238039,4090
0.12643,0.239333,4090
0.126679,0.231882,4090
0.124133,0.231152,4090
0.122325,0.235277,4090
0.126025,0.233176,4090
0.121941,0.247833,4090
0.12554,0.238666,4090
0.125585,0.241159,4090
0.125259,0.228547,4090
0.126363,0.237224,4090
0.124775,0.233547,4090
0.129681,0.237853,4090
0.130052,0.237667,4090
0.122552,0.233382,4090
0.122128,0.234603,4090
0.124711,0.228482,4090
0.122494,0.239501,4090
0.126791,0.235651,4090
0.125637,0.233844,4090
0.125599,0.231127,4090
0.126839,0.236029,4090
0.12348,0.23089,4090
0.130465,0.237267,4090
0.128027,0.235541,4090
0.1285,0.228691,4090
0.129636,0.233905,4090
0.123109,0.228482,4090
0.123448,0.23492,4090
0.128633,0.244016,4090
0.126831,0.235808,4100
0.125003,0.230507,4100
0.125965,0.238658,4100
0.123701,0.232993,4100
0.127971,0.237713,4100
0.126852,0.244765,4100
0.12177,0.230449,4100
0.124781,0.237962,4100
0.12604,0.240541,4100
0.12344,0.242251,4100
0.125992,0.240295,4100
0.124323,0.245148,4100
0.122818,0.231492,4100
0.131356,0.235365,4100
0.124591,0.230673,4100
0.132353,0.239751,4100
0.128007,0.235566,4100
0.123562,0.233782,4100
0.125424,0.239257,4100
0.126087,0.234957,4100
0.146999,0.255713,4100
0.137802,0.246399,4100
0.128409,0.243046,4100
0.126585,0.235891,4100
0.127971,0.238511,4100
0.125502,0.239521,4100
0.141165,0.243268,4100
0.125172,0.23414,4100
0.129316,0.233731,4100
0.123355,0.237784,4100
0.123516,0.228185,4100
0.123394,0.236219,4100
0.13072,0.240921,4110
0.127844,0.237236,4110
0.125958,0.236683,4110
0.127903,0.23741,4110
0.125722,0.231262,4110
0.140968,0.238197,4110
0.12834,0.245826,4110
0.129878,0.236411,4110
0.132868,0.235283,4110
0.123586,0.236515,4110
0.123556,0.24535,4110
0.130845,0.238916,4110
0.123204,0.233921,4110
0.124037,0.242221,4110
0.126678,0.234531,4110
0.135027,0.244567,4110
0.127089,0.240431,4110
0.130136,0.233208,4110
0.124614,0.235162,4110
0.129157,0.233207,4110
0.123393,0.235153,4110
0.134425,0.257594,4110
0.131623,0.240172,4110
0.127258,0.232657,4110
0.130058,0.239629,4110
0.128667,0.234532,4110
0.128981,0.237705,4110
0.127771,0.239699,4110
0.123994,0.232006,4110
0.12464,0.235169,4110
0.126483,0.257136,4110
0.143986,0.255541,4110
0.137824,0.252845,4120
0.133079,0.240948,4120
0.127899,0.241455,4120
0.128732,0.241899,4120
0.125328,0.234672,4120
0.125184,0.240886,4120
0.131139,0.239402,4120
0.124824,0.237572,4120
0.12635,0.241065,4120
0.125896,0.235738,4120
0.125602,0.235222,4120
0.128287,0.23778,4120
0.127371,0.239286,4120
0.12586,0.239335,4120
0.128333,0.236112,4120
0.124399,0.236788,4120
0.130705,0.240357,4120
0.128767,0.238529,4120
0.125794,0.249014,4120
0.129764,0.235124,4120
0.125277,0.232338,4120
0.125011,0.237252,4120
0.140823,0.240616,4120
0.130538,0.237357,4120
0.127418,0.239023,4120
0.126708,0.238161,4120
0.125429,0.234061,4120
0.127183,0.242395,4120
0.129152,0.242369,4120
0.141142,0.247942,4120
0.130225,0.239586,4120
0.129762,0.239814,4120
0.127607,0.243936,4130
0.13774,0.239807,4130
0.129574,0.243977,4130
0.129078,0.240526,4130
0.126735,0.238037,4130
0.126086,0.238262,4130
0.128605,0.25176,4130
0.128126,0.245006,4130
0.129552,0.240561,4130
0.13502,0.238493,4130
0.128147,0.235035,4130
0.129016,0.24609,4130
0.129086,0.244748,4130
0.123991,0.236137,4130
0.134899,0.233625,4130
0.132279,0.234002,4130
0.127723,0.238911,4130
0.13555,0.243577,4130
0.129213,0.237138,4130
0.129438,0.241882,4130
0.126266,0.234995,4130
0.132409,0.238803,4130
0.128139,0.240855,4130
0.129098,0.242745,4130
0.127785,0.246254,4130
0.128257,0.236765,4130
0.125461,0.233296,4130
0.125668,0.239582,4130
0.146685,0.243049,4130
0.129218,0.238856,4130
0.131604,0.24103,4130
0.124642,0.236867,4130
0.131206,0.243167,4140
0.127439,0.243486,4140
0.133745,0.240292,4140
0.127195,0.242092,4140
0.130177,0.240662,4140
0.126253,0.237093,4140
0.128638,0.235572,4140
0.131487,0.243734,4140
0.127238,0.242034,4140
0.131676,0.240747,4140
0.128542,0.24445,4140
0.129302,0.242098,4140
0.127643,0.248117,4140
0.130596,0.244216,4140
0.130659,0.244311,4140
0.125682,0.237924,4140
0.126267,0.242828,4140
0.129311,0.249663,4140
0.13119,0.24445,4140
0.130706,0.243529,4140
0.128979,0.24041,4140
0.131575,0.237225,4140
0.127244,0.237757,4140
0.134272,0.245283,4140
0.127813,0.243313,4140
0.131529,0.238373,4140
0.126635,0.235603,4140
0.125554,0.241205,4140
0.125229,0.240811,4140
0.131248,0.243017,4140
0.12943,0.2409,4140
0.130501,0.238285,4140
0.12908,0.240936,4150
0.125353,0.241458,4150
0.136081,0.245011,4150
0.12949,0.243917,4150
0.129001,0.238023,4150
0.130105,0.238082,4150
0.130367,0.238127,4150
0.125862,0.251418,4150
0.132978,0.244156,4150
0.136733,0.240194,4150
0.130449,0.236054,4150
0.127428,0.244246,4150
0.129224,0.241063,4150
0.136924,0.246057,4150
0.131804,0.239707,4150
0.126613,0.234918,4150
0.125723,0.241869,4150
0.132285,0.240003,4150
0.134392,0.248585,4150
0.141311,0.243323,4150
0.126964,0.240289,4150
0.126107,0.239806,4150
0.132985,0.242337,4150
0.128939,0.244228,4150
0.130644,0.246963,4150
0.129622,0.246917,4150
0.129176,0.239597,4150
0.12992,0.241821,4150
0.126571,0.241255,4150
0.130472,0.245257,4150
0.130871,0.243554,4150
0.138555,0.236835,4150
0.127701,0.243708,4160
0.129339,0.240892,4160
0.130612,0.243484,4160
0.130928,0.244766,4160
0.130351,0.240057,4160
0.128367,0.239771,4160
0.132094,0.24157,4160
0.131923,0.245402,4160
0.131174,0.247367,4160
0.130019,0.245337,4160
0.127583,0.239534,4160
0.134083,0.237011,4160
0.127814,0.239401,4160
0.131962,0.24789,4160
0.130971,0.244199,4160
0.128805,0.23769,4160
0.126838,0.244956,4160
0.12793,0.245723,4160
0.136947,0.252564,4160
0.13281,0.245588,4160
0.128935,0.236923,4160
0.126295,0.244595,4160
0.130321,0.240209,4160
0.129296,0.240089,4160
0.132091,0.245975,4160
0.131098,0.247774,4160
0.128577,0.243411,4160
0.130551,0.241464,4160
0.127625,0.239674,4160
0.13592,0.247021,4160
0.13064,0.254352,4160
0.129489,0.240582,4160
0.129992,0.246363,4170
0.12833,0.239231,4170
0.127377,0.248457,4170
0.135167,0.247327,4170
0.135609,0.240848,4170
0.129218,0.247905,4170
0.130007,0.243634,4170
0.130551,0.24673,4170
0.132056,0.253369,4170
0.132782,0.244141,4170
0.135369,0.246325,4170
0.129726,0.240348,4170
0.131968,0.252308,4170
0.134212,0.252134,4170
0.131815,0.242121,4170
0.127789,0.239615,4170
0.133288,0.242266,4170
0.129329,0.242497,4170
0.127246,0.251354,4170
0.132425,0.258859,4170
0.127281,0.238015,4170
0.127952,0.243976,4170
0.128363,0.238937,4170
0.128331,0.243528,4170
0.140535,0.246453,4170
0.131697,0.240289,4170
0.128158,0.253027,4170
0.128844,0.238836,4170
0.133558,0.241861,4170
0.138191,0.250118,4170
0.132199,0.239388,4170
0.132085,0.244461,4170
0.133157,0.238472,4180
0.132273,0.244222,4180
0.12816,0.257012,4180
0.132482,0.251317,4180
0.128217,0.241517,4180
0.131347,0.24228,4180
0.129328,0.240859,4180
0.129907,0.248971,4180
0.142952,0.247816,4180
0.128732,0.240896,4180
0.129441,0.242222,4180
0.127896,0.242759,4180
0.128277,0.24057,4180
0.138442,0.251775,4180
0.133655,0.243146,4180
0.128265,0.244749,4180
0.131193,0.247384,4180
0.129994,0.241308,4180
0.131552,0.25512,4180
0.132969,0.247786,4180
0.130077,0.244109,4180
0.133222,0.244065,4180
0.129708,0.24499,4180
0.128952,0.248779,4180
0.13511,0.248601,4180
0.129168,0.245173,4180
0.133326,0.245351,4180
0.128553,0.245721,4180
0.129844,0.243221,4180
0.144495,0.256125,4180
0.132788,0.243179,4180
0.131749,0.247581,4180
0.131391,0.247168,4190
0.129738,0.24438,4190
0.134248,0.249362,4190
0.137207,0.24988,4190
0.128953,0.246965,4190
0.131174,0.24491,4190
0.129996,0.242486,4190
0.133615,0.254851,4190
0.131996,0.250446,4190
0.13085,0.246545,4190
0.132704,0.243646,4190
0.133506,0.24017,4190
0.13503,0.255133,4190
0.133428,0.247687,4190
0.131459,0.242113,4190
0.132708,0.245352,4190
0.129057,0.243746,4190
0.132013,0.246738,4190
0.141003,0.252095,4190
0.131889,0.246344,4190
0.132087,0.249567,4190
0.128784,0.241052,4190
0.129966,0.244662,4190
0.133302,0.253277,4190
0.132804,0.247429,4190
0.134528,0.2483,4190
0.131955,0.242462,4190
0.135012,0.244517,4190
0.132507,0.247003,4190
0.132755,0.246812,4190
0.135,0.246944,4190
0.130256,0.245013,4190
0.133499,0.244626,4200
0.132637,0.249375,4200
0.135953,0.252371,4200
0.136909,0.250209,4200
0.134433,0.244241,4200
0.130878,0.241292,4200
0.12998,0.246846,4200
0.134615,0.257405,4200
0.133409,0.24393,4200
0.134022,0.248154,4200
0.130865,0.242491,4200
0.130846,0.248707,4200
0.135622,0.254374,4200
0.133716,0.246424,4200
0.135387,0.246508,4200
0.130915,0.245419,4200
0.131416,0.249212,4200
0.133342,0.251994,4200
0.153494,0.257481,4200
0.138255,0.258792,4200
0.133926,0.249652,4200
0.143231,0.285099,4200
0.14221,0.255495,4200
0.140196,0.256494,4200
0.135583,0.249721,4200
0.132247,0.247696,4200
0.133152,0.243787,4200
0.133393,0.243977,4200
0.144389,0.248194,4200
0.130196,0.249252,4200
0.130132,0.248482,4200
0.130359,0.248185,4200
0.136427,0.250185,4210
0.140114,0.249796,4210
0.134253,0.250222,4210
0.137557,0.247461,4210
0.133754,0.245943,4210
0.12906,0.249867,4210
0.130869,0.256974,4210
0.136408,0.251581,4210
0.13431,0.251723,4210
0.13597,0.24425,4210
0.130462,0.254281,4210
0.132479,0.256892,4210
0.134805,0.251361,4210
0.136803,0.245102,4210
0.13099,0.245212,4210
0.130409,0.249039,4210
0.137605,0.247176,4210
0.13762,0.251322,4210
0.135231,0.250791,4210
0.13132,0.247756,4210
0.131617,0.250268,4210
0.138638,0.243934,4210
0.13352,0.258506,4210
0.134774,0.251193,4210
0.135073,0.250621,4210
0.128635,0.25097,4210
0.135615,0.249268,4210
0.132894,0.25515,4210
0.13526,0.256598,4210
0.132214,0.247932,4210
0.132792,0.248033,4210
0.143688,0.281237,4210
0.146694,0.272291,4220
0.140527,0.256862,4220
0.138398,0.255591,4220
0.137199,0.246843,4220
0.135197,0.251809,4220
0.132173,0.252492,4220
0.135416,0.253917,4220
0.13512,0.249459,4220
0.137408,0.247501,4220
0.135125,0.255025,4220
0.131852,0.260064,4220
0.138793,0.253057,4220
0.134139,0.244273,4220
0.131145,0.250978,4220
0.13245,0.251209,4220
0.131541,0.250669,4220
0.139386,0.254749,4220
0.135218,0.255331,4220
0.13329,0.250645,4220
0.132146,0.258344,4220
0.130123,0.247904,4220
0.1387,0.252598,4220
0.137418,0.246681,4220
0.133162,0.245171,4220
0.130895,0.249896,4220
0.133845,0.244993,4220
0.137198,0.257049,4220
0.141837,0.247961,4220
0.132224,0.245596,4220
0.130833,0.255408,4220
0.132817,0.247178,4220
0.136308,0.252066,4220
0.139473,0.269097,4230
0.137534,0.254689,4230
0.13377,0.256209,4230
0.136001,0.250224,4230
0.138542,0.253851,4230
0.144225,0.252362,4230
0.132271,0.246962,4230
0.132084,0.249704,4230
0.136384,0.246137,4230
0.137217,0.247695,4230
0.139931,0.25461,4230
0.135869,0.246969,4230
0.13203,0.251311,4230
0.13674,0.252133,4230
0.132879,0.250634,4230
0.137878,0.253114,4230
0.137316,0.251194,4230
0.173239,0.305678,4230
0.174284,0.278248,4230
0.14311,0.267384,4230
0.143148,0.265785,4230
0.14111,0.254466,4230
0.134492,0.256893,4230
0.13512,0.262134,4230
0.146837,0.261299,4230
0.143547,0.262587,4230
0.136797,0.25764,4230
0.13505,0.253338,4230
0.136905,0.256313,4230
0.132474,0.252685,4230
0.139102,0.255878,4230
0.135475,0.253524,4230
0.139228,0.258706,4240
0.137991,0.25528,4240
0.135151,0.253618,4240
0.149422,0.298727,4240
0.168318,0.301909,4240
0.151496,0.275171,4240
0.141408,0.258321,4240
0.138893,0.269658,4240
0.138849,0.258055,4240
0.14086,0.256536,4240
0.138912,0.265384,4240
0.139844,0.256761,4240
0.137231,0.273327,4240
0.140398,0.257423,4240
0.136982,0.256952,4240
0.137243,0.255414,4240
0.138074,0.255723,4240
0.13528,0.263095,4240
0.142739,0.255641,4240
0.136939,0.254267,4240
0.137144,0.257477,4240
0.137646,0.252918,4240
0.133785,0.258896,4240
0.138885,0.255085,4240
0.135954,0.26143,4240
0.139498,0.259802,4240
0.139116,0.256168,4240
0.141333,0.265048,4240
0.140234,0.25566,4240
0.137251,0.257053,4240
0.140636,0.253393,4240
0.135187,0.258037,4240
0.137541,0.260494,4250
0.141423,0.257634,4250
0.138702,0.258216,4250
0.138134,0.257019,4250
0.138435,0.254928,4250
0.135045,0.259373,4250
0.141446,0.257768,4250
0.137501,0.256017,4250
0.139546,0.25849,4250
0.134325,0.254574,4250
0.137134,0.263407,4250
0.148522,0.259719,4250
0.137327,0.259451,4250
0.138389,0.256657,4250
0.137216,0.257545,4250
0.137343,0.26276,4250
0.140282,0.258967,4250
0.138964,0.260098,4250
0.137666,0.257532,4250
0.137988,0.257792,4250
0.133144,0.255231,4250
0.14169,0.25965,4250
0.137955,0.255324,4250
0.144032,0.259008,4250
0.137912,0.250736,4250
0.134122,0.255019,4250
0.142146,0.256054,4250
0.138135,0.259961,4250
0.139082,0.255457,4250
0.139877,0.25564,4250
0.137382,0.257302,4250
0.137434,0.259346,4250
0.140581,0.257866,4260
0.13832,0.256932,4260
0.138513,0.255538,4260
0.136827,0.255311,4260
0.137776,0.265155,4260
0.138603,0.259682,4260
0.140741,0.258365,4260
0.134243,0.260065,4260
0.134513,0.258372,4260
0.135143,0.262312,4260
0.138206,0.256733,4260
0.13734,0.258327,4260
0.139532,0.251351,4260
0.134894,0.254798,4260
0.137476,0.266153,4260
0.138797,0.259214,4260
0.138006,0.256819,4260
0.13764,0.252845,4260
0.137811,0.255898,4260
0.136226,0.260425,4260
0.13786,0.257367,4260
0.136718,0.261033,4260
0.135747,0.256545,4260
0.134684,0.256521,4260
0.135252,0.257486,4260
0.136666,0.260255,4260
0.139035,0.262905,4260
0.136579,0.251984,4260
0.134871,0.256485,4260
0.13381,0.256748,4260
0.14154,0.262821,4260
0.14332,0.258846,4260
0.142885,0.256233,4270
0.135892,0.256328,4270
0.13685,0.265493,4270
0.140068,0.259395,4270
0.137558,0.257322,4270
0.140039,0.25392,4270
0.137213,0.254738,4270
0.134189,0.260553,4270
0.139133,0.25686,4270
0.140272,0.256489,4270
0.13803,0.256125,4270
0.137949,0.259157,4270
0.141411,0.253305,4270
0.142252,0.257527,4270
0.139985,0.260833,4270
0.135885,0.252185,4270
0.135939,0.256108,4270
0.135649,0.254108,4270
0.142504,0.256908,4270
0.14387,0.257012,4270
0.135044,0.251102,4270
0.134189,0.255077,4270
0.135605,0.2577,4270
0.135232,0.256838,4270
0.144681,0.257936,4270
0.136387,0.254701,4270
0.134852,0.25641,4270
0.136657,0.252089,4270
0.14513,0.259375,4270
0.138449,0.260053,4270
0.142085,0.251431,4270
0.141885,0.24897,4270
0.135634,0.255714,4280
0.135835,0.262899,4280
0.139789,0.258245,4280
0.138353,0.255792,4280
0.13426,0.262956,4280
0.145369,0.251903,4280
0.134957,0.258642,4280
0.1443,0.260394,4280
0.137096,0.252709,4280
0.141872,0.255593,4280
0.13867,0.255019,4280
0.139884,0.261547,4280
0.139127,0.262031,4280
0.148554,0.277624,4280
0.152376,0.273754,4280
0.143238,0.266089,4280
0.139481,0.273884,4280
0.141826,0.261518,4280
0.139125,0.261,4280
0.138893,0.257944,4280
0.140748,0.260579,4280
0.139891,0.273826,4280
0.13883,0.260089,4280
0.144745,0.259925,4280
0.137776,0.260949,4280
0.138141,0.257318,4280
0.139329,0.273803,4280
0.14905,0.287971,4280
0.159133,0.290098,4280
0.163604,0.325325,4280
0.159038,0.297961,4280
0.159235,0.30524,4280
0.157021,0.281147,4290
0.152135,0.265122,4290
0.140651,0.259697,4290
0.14416,0.274651,4290
0.143639,0.348395,4290
0.183069,0.346964,4290
0.191082,0.331937,4290
0.166539,0.451791,4290
0.261013,0.40387,4290
0.193747,0.345257,4290
0.226342,0.432491,4290
0.210488,0.330223,4290
0.164605,0.282703,4290
0.1501,0.273677,4290
0.148781,0.273575,4290
0.145958,0.265998,4290
0.139485,0.268922,4290
0.147505,0.308733,4290
0.169809,0.296677,4290
0.15342,0.309882,4290
0.158308,0.291561,4290
0.151585,0.268909,4290
0.14428,0.271053,4290
0.139584,0.260365,4290
0.151831,0.2634,4290
0.140152,0.263291,4290
0.140296,0.263371,4290
0.161419,0.268066,4290
0.145246,0.302156,4290
0.173469,0.29805,4290
0.152192,0.272285,4290
0.145364,0.266749,4290
0.144703,0.37871,4300
0.208112,0.335648,4300
0.16107,0.275577,4300
0.146125,0.324915,4300
0.187047,0.34188,4300
0.173451,0.309497,4300
0.151649,0.278226,4300
0.144826,0.265363,4300
0.141842,0.277281,4300
0.14381,0.266316,4300
0.15135,0.267612,4300
0.140991,0.274751,4300
0.139457,0.272642,4300
0.142799,0.266206,4300
0.142052,0.260918,4300
0.150769,0.267804,4300
0.14708,0.271968,4300
0.143349,0.26279,4300
0.13756,0.267453,4300
0.136709,0.310045,4300
0.173644,0.301403,4300
0.151854,0.279039,4300
0.145637,0.273147,4300
0.140418,0.26489,4300
0.140805,0.271961,4300
0.145468,0.277476,4300
0.141795,0.264406,4300
0.140643,0.267402,4300
0.140706,0.406633,4300
0.217226,0.380573,4300
0.185646,0.368678,4300
0.208803,0.35013,4300
0.171657,0.304022,4310
0.167477,0.306246,4310
0.155158,0.282049,4310
0.154139,0.285495,4310
0.155346,0.315848,4310
0.231087,0.367595,4310
0.178103,0.306077,4310
0.152094,0.27596,4310
0.143149,0.265712,4310
0.14431,0.27483,4310
0.14323,0.28324,4310
0.144891,0.291242,4310
0.157487,0.286077,4310
0.148942,0.268787,4310
0.156604,0.30797,4310
0.1692,0.295637,4310
0.156707,0.290556,4310
0.14905,0.269756,4310
0.14332,0.276134,4310
0.142846,0.265082,4310
0.142021,0.264587,4310
0.141203,0.273788,4310
0.1603,0.279416,4310
0.148009,0.278997,4310
0.144073,0.270625,4310
0.141559,0.264143,4310
0.144089,0.265091,4310
0.138158,0.263813,4310
0.150822,0.271001,4310
0.142631,0.265023,4310
0.140281,0.265969,4310
0.158451,0.292909,4310
0.15732,0.327704,4320
0.19311,0.396516,4320
0.189556,0.315967,4320
0.160492,0.287586,4320
0.146821,0.274948,4320
0.149759,0.27663,4320
0.204702,0.312919,4320
0.191483,0.345899,4320
0.176033,0.307561,4320
0.18211,0.315695,4320
0.161844,0.290699,4320
0.148136,0.267814,4320
0.143056,0.263296,4320
0.140486,0.279186,4320
0.145001,0.273169,4320
0.143196,0.263045,4320
0.141786,0.261381,4320
0.14126,0.263451,4320
0.138783,0.26529,4320
0.144878,0.266995,4320
0.140313,0.265895,4320
0.140145,0.263608,4320
0.140216,0.262548,4320
0.140459,0.266744,4320
0.141795,0.266107,4320
0.144307,0.262985,4320
0.139738,0.257907,4320
0.14021,0.259358,4320
0.141602,0.270211,4320
0.143381,0.265636,4320
0.147569,0.263727,4320
0.140068,0.262147,4320
0.141223,0.264813,4330
0.138175,0.267471,4330
0.141598,0.27231,4330
0.163193,0.30011,4330
0.154019,0.275069,4330
0.146876,0.268634,4330
0.15709,0.267582,4330
0.142097,0.268836,4330
0.139414,0.262887,4330
0.138946,0.265187,4330
0.142145,0.266246,4330
0.144047,0.268303,4330
0.144119,0.264595,4330
0.141473,0.263931,4330
0.142126,0.269466,4330
0.143351,0.274744,4330
0.145218,0.267005,4330
0.142132,0.267134,4330
0.143034,0.264937,4330
0.145961,0.263091,4330
0.138647,0.271249,4330
0.143988,0.266403,4330
0.142599,0.273638,4330
0.142701,0.264734,4330
0.140009,0.268875,4330
0.138973,0.273618,4330
0.161754,0.300912,4330
0.164564,0.275045,4330
0.148352,0.267274,4330
0.140525,0.263846,4330
0.141231,0.266725,4330
0.142499,0.264765,4330
0.143005,0.266256,4340
0.143343,0.265135,4340
0.141764,0.267368,4340
0.14316,0.275881,4340
0.149334,0.268521,4340
0.142003,0.262279,4340
0.144326,0.264938,4340
0.150249,0.294832,4340
0.151604,0.274106,4340
0.144775,0.268645,4340
0.144352,0.267837,4340
0.140865,0.269274,4340
0.139766,0.264064,4340
0.14428,0.265993,4340
0.141918,0.266933,4340
0.144283,0.268279,4340
0.14194,0.274291,4340
0.142474,0.26166,4340
0.144939,0.266575,4340
0.144057,0.273384,4340
0.143109,0.27609,4340
0.139165,0.262868,4340
0.139138,0.267475,4340
0.143246,0.267365,4340
0.143256,0.266242,4340
0.145131,0.266149,4340
0.144171,0.268174,4340
0.141766,0.275546,4340
0.143464,0.265517,4340
0.147954,0.265197,4340
0.143675,0.263822,4340
0.143511,0.273758,4340
0.1406,0.268115,4350
0.144282,0.272961,4350
0.145193,0.267076,4350
0.144052,0.270175,4350
0.140195,0.268306,4350
0.140009,0.27949,4350
0.144461,0.269656,4350
0.141379,0.269967,4350
0.142914,0.274348,4350
0.143755,0.269088,4350
0.145917,0.273771,4350
0.142191,0.271613,4350
0.143435,0.268952,4350
0.142295,0.270143,4350
0.14021,0.375074,4350
0.23279,0.432674,4350
0.379015,0.554925,4350
0.245031,0.373085,4350
0.197203,0.349961,4350
0.172155,0.298974,4350
0.150951,0.274293,4350
0.144131,0.274809,4350
0.150566,0.268147,4350
0.144152,0.267331,4350
0.141083,0.269647,4350
0.13994,0.266124,4350
0.140256,0.273655,4350
0.14684,0.274231,4350
0.139538,0.270205,4350
0.142116,0.267059,4350
0.14147,0.264587,4350
0.143981,0.274654,4350
0.146894,0.270611,4360
0.145427,0.271247,4360
0.143441,0.266727,4360
0.144457,0.268386,4360
0.151939,0.275007,4360
0.145108,0.274071,4360
0.143761,0.26683,4360
0.140347,0.270108,4360
0.14303,0.265553,4360
0.146017,0.269318,4360
0.145135,0.274274,4360
0.144336,0.270996,4360
0.145379,0.270207,4360
0.145862,0.272298,4360
0.148911,0.276069,4360
0.144745,0.266819,4360
0.144955,0.272537,4360
0.146232,0.27211,4360
0.148919,0.27765,4360
0.146403,0.273068,4360
0.144159,0.268037,4360
0.145268,0.27497,4360
0.145076,0.270632,4360
0.144835,0.280644,4360
0.146138,0.270637,4360
0.143607,0.271918,4360
0.140927,0.270145,4360
0.140633,0.265818,4360
0.144548,0.274488,4360
0.145681,0.270368,4360
0.144751,0.262412,4360
0.142655,0.268364,4360
0.144037,0.269434,4370
0.146956,0.267771,4370
0.145143,0.282236,4370
0.142941,0.269641,4370
0.14299,0.275491,4370
0.141685,0.269721,4370
0.155171,0.268309,4370
0.146087,0.270591,4370
0.145135,0.270736,4370
0.149912,0.2699,4370
0.148224,0.278946,4370
0.15186,0.270658,4370
0.143215,0.267642,4370
0.142238,0.28685,4370
0.154135,0.282823,4370
0.148773,0.281163,4370
0.148216,0.27042,4370
0.145347,0.268927,4370
0.145081,0.26803,4370
0.140811,0.26919,4370
0.143029,0.275852,4370
0.146855,0.27213,4370
0.145122,0.280087,4370
0.145394,0.269229,4370
0.152481,0.26839,4370
0.152624,0.271879,4370
0.146248,0.274306,4370
0.148397,0.27217,4370
0.144905,0.26992,4370
0.142547,0.269886,4370
0.147106,0.271314,4370
0.148996,0.273962,4370
0.144659,0.280454,4380
0.143575,0.271669,4380
0.146324,0.275609,4380
0.149617,0.276152,4380
0.147186,0.272396,4380
0.147832,0.273516,4380
0.144358,0.277474,4380
0.146413,0.277152,4380
0.148299,0.273044,4380
0.143402,0.277278,4380
0.142446,0.276413,4380
0.146563,0.272767,4380
0.16055,0.275121,4380
0.146097,0.272571,4380
0.14929,0.272923,4380
0.145486,0.272886,4380
0.145169,0.285507,4380
0.15515,0.2712,4380
0.148858,0.275653,4380
0.144155,0.268136,4380
0.143009,0.268896,4380
0.144678,0.275287,4380
0.14782,0.272982,4380
0.146055,0.273932,4380
0.142876,0.26491,4380
0.14267,0.270596,4380
0.147367,0.280628,4380
0.147043,0.273076,4380
0.144525,0.269008,4380
0.145691,0.270061,4380
0.145316,0.272593,4380
0.143788,0.282865,4380
0.146665,0.27595,4390
0.148773,0.274789,4390
0.144632,0.27664,4390
0.142179,0.274962,4390
0.154706,0.273661,4390
0.145919,0.271995,4390
0.146829,0.275424,4390
0.150438,0.27117,4390
0.142556,0.273271,4390
0.150207,0.272828,4390
0.147357,0.275903,4390
0.150996,0.270221,4390
0.145508,0.270039,4390
0.145954,0.281497,4390
0.146257,0.27724,4390
0.147256,0.273052,4390
0.1482,0.272065,4390
0.145703,0.28585,4390
0.146973,0.28051,4390
0.147193,0.281554,4390
0.14682,0.270451,4390
0.144883,0.272947,4390
0.146547,0.270861,4390
0.144529,0.276968,4390
0.147001,0.278228,4390
0.146698,0.270235,4390
0.147436,0.279255,4390
0.146348,0.287304,4390
0.14789,0.281062,4390
0.151369,0.277279,4390
0.147676,0.278424,4390
0.148202,0.27139,4390
0.148381,0.282423,4400
0.14883,0.272134,4400
0.150421,0.275085,4400
0.147224,0.274356,4400
0.152981,0.271256,4400
0.18843,0.308754,4400
0.156839,0.281865,4400
0.149982,0.273428,4400
0.148968,0.271328,4400
0.147484,0.276471,4400
0.149142,0.280802,4400
0.150664,0.271841,4400
0.141788,0.273456,4400
0.143204,0.267426,4400
0.1427,0.275062,4400
0.148735,0.275093,4400
0.145648,0.267355,4400
0.148181,0.272305,4400
0.142431,0.268539,4400
0.145934,0.277612,4400
0.14836,0.273224,4400
0.146575,0.268501,4400
0.145357,0.267898,4400
0.147851,0.265943,4400
0.155996,0.273352,4400
0.148988,0.274648,4400
0.144012,0.275756,4400
0.15059,0.267805,4400
0.146261,0.268306,4400
0.15046,0.274148,4400
0.147982,0.268338,4400
0.144054,0.27674,4400
0.146636,0.274224,4410
0.146318,0.275773,4410
0.148533,0.274744,4410
0.145118,0.281393,4410
0.144531,0.272136,4410
0.151272,0.272148,4410
0.14524,0.276047,4410
0.148738,0.278298,4410
0.146652,0.278665,4410
0.146235,0.27417,4410
0.147559,0.274782,4410
0.142115,0.28059,4410
0.149949,0.273391,4410
0.14649,0.280101,4410
0.144507,0.269331,4410
0.145687,0.268976,4410
0.15683,0.278675,4410
0.143108,0.269525,4410
0.145921,0.285798,4410
0.157126,0.286903,4410
0.154058,0.28463,4410
0.153895,0.281486,4410
0.14797,0.280099,4410
0.146808,0.281079,4410
0.146881,0.270497,4410
0.148864,0.281258,4410
0.148344,0.278192,4410
0.148177,0.274122,4410
0.147405,0.274215,4410
0.142398,0.269911,4410
0.155568,0.277537,4410
0.149131,0.279995,4410
0.14944,0.27696,4420
0.147643,0.273435,4420
0.146524,0.281994,4420
0.148657,0.279386,4420
0.148039,0.278926,4420
0.147818,0.275565,4420
0.146835,0.274054,4420
0.148232,0.290673,4420
0.159961,0.280578,4420
0.152503,0.277301,4420
0.151937,0.27642,4420
0.147348,0.274959,4420
0.155294,0.279685,4420
0.149916,0.276555,4420
0.148975,0.276548,4420
0.14735,0.275053,4420
0.145684,0.282215,4420
0.153886,0.277984,4420
0.148855,0.280739,4420
0.146562,0.279764,4420
0.146014,0.277509,4420
0.146249,0.290969,4420
0.148626,0.279679,4420
0.151284,0.26863,4420
0.147481,0.270622,4420
0.146086,0.274295,4420
0.146652,0.277801,4420
0.152797,0.276583,4420
0.149013,0.274183,4420
0.147851,0.283871,4420
0.143762,0.271159,4420
0.151344,0.275895,4420
0.150955,0.280536,4430
0.151128,0.283515,4430
0.147736,0.269764,4430
0.147742,0.275176,4430
0.152437,0.277538,4430
0.148587,0.278488,4430
0.149405,0.273126,4430
0.145184,0.275371,4430
0.147255,0.276242,4430
0.15288,0.28156,4430
0.149932,0.284192,4430
0.145453,0.268965,4430
0.144574,0.281575,4430
0.148968,0.277731,4430
0.150371,0.278369,4430
0.149966,0.278497,4430
0.146284,0.276916,4430
0.147679,0.276689,4430
0.160859,0.277496,4430
0.149674,0.272965,4430
0.147267,0.271001,4430
0.146956,0.28103,4430
0.145313,0.28559,4430
0.149907,0.274737,4430
0.145842,0.277015,4430
0.145542,0.268321,4430
0.146171,0.274352,4430
0.145375,0.28275,4430
0.148704,0.279619,4430
0.146854,0.272093,4430
0.147927,0.27589,4430
0.14488,0.273857,4430
0.152274,0.280882,4440
0.153075,0.285028,4440
0.145685,0.273883,4440
0.145987,0.281846,4440
0.148663,0.278736,4440
0.149151,0.285445,4440
0.148305,0.279482,4440
0.146527,0.273508,4440
0.146275,0.278819,4440
0.147339,0.285063,4440
0.150212,0.276874,4440
0.149224,0.281727,4440
0.151688,0.275292,4440
0.146365,0.274512,4440
0.159469,0.279962,4440
0.151233,0.272887,4440
0.14487,0.275546,4440
0.150856,0.280377,4440
0.148949,0.275992,4440
0.152168,0.28008,4440
0.150166,0.278284,4440
0.146988,0.271365,4440
0.148104,0.274655,4440
0.151821,0.277397,4440
0.150941,0.282671,4440
0.146751,0.278044,4440
0.151194,0.275399,4440
0.151861,0.275937,4440
0.14829,0.290776,4440
0.151654,0.275419,4440
0.147635,0.27532,4440
0.146984,0.272204,4440
0.149749,0.279114,4450
0.160158,0.280055,4450
0.151844,0.278271,4450
0.146262,0.27444,4450
0.149115,0.281264,4450
0.148512,0.278441,4450
0.152469,0.279496,4450
0.150376,0.278564,4450
0.152649,0.274348,4450
0.145272,0.278291,4450
0.146881,0.289133,4450
0.149415,0.283239,4450
0.148528,0.272177,4450
0.147365,0.271021,4450
0.146128,0.271485,4450
0.15871,0.280053,4450
0.152467,0.283293,4450
0.145375,0.274876,4450
0.149179,0.276788,4450
0.148545,0.274486,4450
0.150321,0.279411,4450
0.147187,0.27353,4450
0.146668,0.274816,4450
0.145411,0.272103,4450
0.145749,0.279428,4450
0.151925,0.287018,4450
0.147986,0.272751,4450
0.148678,0.291397,4450
0.14725,0.358518,4450
0.184394,0.30088,4450
0.156082,0.281295,4450
0.15038,0.283577,4450
0.152989,0.284615,4460
0.14854,0.281552,4460
0.151471,0.28108,4460
0.145822,0.272101,4460
0.147213,0.273055,4460
0.147243,0.274363,4460
0.147531,0.285869,4460
0.156927,0.283829,4460
0.146721,0.276847,4460
0.148827,0.275024,4460
0.146115,0.271838,4460
0.159253,0.283612,4460
0.149009,0.27435,4460
0.149197,0.279912,4460
0.148486,0.279259,4460
0.150243,0.288876,4460
0.153969,0.278709,4460
0.146515,0.274074,4460
0.147741,0.2779,4460
0.147703,0.27609,4460
0.146976,0.289838,4460
0.152275,0.282875,4460
0.147999,0.285194,4460
0.15144,0.276201,4460
0.148168,0.274454,4460
0.152556,0.282091,4460
0.151383,0.273182,4460
0.148846,0.280222,4460
0.149071,0.279277,4460
0.148076,0.28854,4460
0.153256,0.292026,4460
0.152407,0.279876,4460
0.150072,0.277503,4470
0.149701,0.278826,4470
0.15043,0.281811,4470
0.153345,0.274829,4470
0.147573,0.281598,4470
0.150623,0.277485,4470
0.146671,0.277003,4470
0.166918,0.285976,4470
0.151104,0.281649,4470
0.189718,0.294049,4470
0.158706,0.29238,4470
0.153993,0.300462,4470
0.155899,0.285382,4470
0.152468,0.287291,4470
0.149113,0.278605,4470
0.148035,0.285397,4470
0.153738,0.284706,4470
0.153624,0.284964,4470
0.151036,0.280612,4470
0.150046,0.280137,4470
0.150486,0.288108,4470
0.158041,0.284769,4470
0.162202,0.309209,4470
0.160619,0.281976,4470
0.151023,0.287679,4470
0.155214,0.285492,4470
0.156234,0.280258,4470
0.154711,0.279085,4470
0.148893,0.278754,4470
0.150023,0.291057,4470
0.15496,0.282722,4470
0.148146,0.284131,4470
0.155433,0.284935,4480
0.146855,0.281119,4480
0.149216,0.28964,4480
0.155302,0.284093,4480
0.151649,0.283438,4480
0.150313,0.280154,4480
0.151009,0.278866,4480
0.15605,0.284626,4480
0.152112,0.283106,4480
0.151331,0.282187,4480
0.150463,0.282622,4480
0.151128,0.290628,4480
0.152766,0.283325,4480
0.1522,0.285044,4480
0.150352,0.279424,4480
0.149089,0.282686,4480
0.155686,0.289202,4480
0.154109,0.28371,4480
0.150631,0.280538,4480
0.148451,0.280765,4480
0.149017,0.285384,4480
0.153568,0.283165,4480
0.152196,0.283015,4480
0.151426,0.277278,4480
0.150673,0.282642,4480
0.149522,0.289522,4480
0.154546,0.285806,4480
0.152233,0.283932,4480
0.151122,0.275703,4480
0.148002,0.276986,4480
0.155627,0.284957,4480
0.153878,0.284321,4480
0.15187,0.276102,4490
0.148702,0.280921,4490
0.147877,0.284964,4490
0.154136,0.291635,4490
0.156361,0.27763,4490
0.148423,0.280306,4490
0.15016,0.282492,4490
0.152027,0.287554,4490
0.158134,0.290906,4490
0.151554,0.283858,4490
0.149624,0.274845,4490
0.150205,0.283724,4490
0.152657,0.290406,4490
0.150089,0.280798,4490
0.161731,0.287205,4490
0.149794,0.276394,4490
0.153222,0.288398,4490
0.147455,0.281492,4490
0.16196,0.283481,4490
0.147306,0.277897,4490
0.149391,0.27863,4490
0.156778,0.288908,4490
0.159779,0.288303,4490
0.155438,0.279628,4490
0.148908,0.281543,4490
0.15358,0.296533,4490
0.15334,0.289318,4490
0.153025,0.282977,4490
0.153233,0.279172,4490
0.151854,0.28009,4490
0.150426,0.281916,4490
0.15189,0.282139,4490
0.152689,0.280061,4500
0.148761,0.285497,4500
0.150249,0.285507,4500
0.153371,0.287805,4500
0.153979,0.283921,4500
0.150976,0.282343,4500
0.150905,0.280989,4500
0.15004,0.297314,4500
0.157326,0.290654,4500
0.149472,0.277569,4500
0.149437,0.28618,4500
0.150464,0.280986,4500
0.161516,0.285216,4500
0.153953,0.28338,4500
0.15204,0.283415,4500
0.149242,0.280707,4500
0.15018,0.292213,4500
0.156024,0.292452,4500
0.14972,0.280012,4500
0.14951,0.283773,4500
0.152556,0.282253,4500
0.155084,0.294321,4500
0.158686,0.288163,4500
0.150032,0.285142,4500
0.150895,0.284349,4500
0.149379,0.282796,4500
0.157175,0.28936,4500
0.151966,0.280194,4500
0.151837,0.2789,4500
0.151856,0.278999,4500
0.150367,0.293606,4500
0.159292,0.287472,4500
0.153583,0.27996,4510
0.176159,0.415873,4510
0.187603,0.33139,4510
0.170094,0.302395,4510
0.157542,0.293617,4510
0.156512,0.290351,4510
0.155062,0.2883,4510
0.158051,0.301505,4510
0.160715,0.294374,4510
0.155663,0.287774,4510
0.157108,0.289037,4510
0.150808,0.300325,4510
0.157158,0.287815,4510
0.153389,0.287017,4510
0.154053,0.286411,4510
0.151818,0.285539,4510
0.156642,0.289276,4510
0.15573,0.287259,4510
0.16335,0.289407,4510
0.15602,0.279532,4510
0.151183,0.290375,4510
0.158222,0.286611,4510
0.155442,0.283693,4510
0.152713,0.294498,4510
0.149482,0.281342,4510
0.170571,0.32109,4510
0.163588,0.30722,4510
0.155432,0.289752,4510
0.154983,0.288128,4510
0.150487,0.291124,4510
0.1566,0.284475,4510
0.149824,0.28491,4510
0.154788,0.282434,4520
0.152615,0.281193,4520
0.160175,0.289908,4520
0.156218,0.293322,4520
0.151593,0.290588,4520
0.158131,0.282944,4520
0.150922,0.290331,4520
0.157261,0.293243,4520
0.153035,0.286628,4520
0.15289,0.286568,4520
0.151167,0.285682,4520
0.168496,0.290207,4520
0.151352,0.283231,4520
0.152478,0.281237,4520
0.151317,0.280076,4520
0.151936,0.289356,4520
0.155669,0.287323,4520
0.157152,0.28828,4520
0.151821,0.288089,4520
0.15256,0.284654,4520
0.163192,0.296982,4520
0.151698,0.280001,4520
0.157174,0.282436,4520
0.157511,0.281443,4520
0.151167,0.283556,4520
0.160971,0.290401,4520
0.151193,0.290462,4520
0.156721,0.282939,4520
0.149392,0.279182,4520
0.15086,0.290296,4520
0.154795,0.284412,4520
0.152598,0.284117,4520
0.152965,0.282834,4530
0.152197,0.294731,4530
0.155979,0.298965,4530
0.157145,0.282982,4530
0.152734,0.284726,4530
0.153107,0.282212,4530
0.153507,0.290464,4530
0.158838,0.290077,4530
0.154673,0.283072,4530
0.151488,0.284274,4530
0.152532,0.285798,4530
0.157619,0.292849,4530
0.153742,0.291702,4530
0.152134,0.285121,4530
0.152333,0.282778,4530
0.159515,0.290521,4530
0.156512,0.288215,4530
0.153595,0.2879,4530
0.151997,0.282727,4530
0.152806,0.286765,4530
0.163529,0.29533,4530
0.160356,0.282591,4530
0.157618,0.282572,4530
0.152407,0.280106,4530
0.152312,0.296598,4530
0.157675,0.288189,4530
0.156524,0.285559,4530
0.153394,0.281988,4530
0.152684,0.287974,4530
0.166472,0.291375,4530
0.15108,0.287702,4530
0.153929,0.288322,4530
0.157361,0.282869,4540
0.152649,0.289839,4540
0.164244,0.291745,4540
0.156346,0.290367,4540
0.158364,0.285615,4540
0.15292,0.293353,4540
0.156816,0.291941,4540
0.157995,0.296069,4540
0.154053,0.283417,4540
0.15352,0.289055,4540
0.152129,0.291614,4540
0.157106,0.292477,4540
0.154418,0.288776,4540
0.152022,0.282173,4540
0.151954,0.286396,4540
0.160342,0.293629,4540
0.158317,0.289913,4540
0.153754,0.284597,4540
0.153523,0.285325,4540
0.152542,0.293706,4540
0.156352,0.298302,4540
0.153776,0.289237,4540
0.150848,0.28549,4540
0.153575,0.286886,4540
0.156846,0.295229,4540
0.160072,0.289186,4540
0.152655,0.293955,4540
0.157888,0.28361,4540
0.151382,0.289265,4540
0.157908,0.291678,4540
0.157604,0.290807,4540
0.153969,0.288132,4540
0.154655,0.291267,4550
0.1608,0.295826,4550
0.156805,0.291539,4550
0.152,0.290601,4550
0.156195,0.294311,4550
0.170402,0.308558,4550
0.162941,0.300478,4550
0.158431,0.294265,4550
0.159692,0.28706,4550
0.158703,0.287131,4550
0.156442,0.293059,4550
0.157639,0.290733,4550
0.154164,0.284615,4550
0.153939,0.293223,4550
0.15874,0.302761,4550
0.162811,0.294958,4550
0.154602,0.290572,4550
0.155322,0.288009,4550
0.155177,0.286764,4550
0.160773,0.295435,4550
0.159189,0.295046,4550
0.152907,0.283318,4550
0.155095,0.289128,4550
0.153375,0.29632,4550
0.159038,0.296682,4550
0.159757,0.284828,4550
0.158771,0.283979,4550
0.1545,0.290393,4550
0.166761,0.291042,4550
0.155222,0.290157,4550
0.153909,0.287486,4550
0.15703,0.286716,4550
0.15625,0.301,4560
0.159682,0.297803,4560
0.155209,0.285611,4560
0.15352,0.295521,4560
0.154274,0.286084,4560
0.163257,0.294243,4560
0.158408,0.291711,4560
0.15445,0.289284,4560
0.156144,0.286759,4560
0.15475,0.297346,4560
0.158347,0.298561,4560
0.160494,0.287764,4560
0.154482,0.286346,4560
0.153154,0.284447,4560
0.161026,0.294966,4560
0.155926,0.285287,4560
0.152828,0.29671,4560
0.180822,0.34504,4560
0.173898,0.326717,4560
0.168488,0.304461,4560
0.159775,0.300585,4560
0.160039,0.298571,4560
0.167161,0.294668,4560
0.156736,0.294745,4560
0.153901,0.287952,4560
0.157337,0.288278,4560
0.15502,0.292116,4560
0.159334,0.294984,4560
0.159384,0.293042,4560
0.156665,0.294006,4560
0.155095,0.289397,4560
0.152616,0.302235,4560
0.159195,0.296624,4570
0.155577,0.290043,4570
0.159987,0.295191,4570
0.158845,0.292196,4570
0.165051,0.307372,4570
0.155379,0.289614,4570
0.155283,0.292935,4570
0.155991,0.290146,4570
0.154309,0.304554,4570
0.157402,0.288602,4570
0.15534,0.290689,4570
0.15575,0.287681,4570
0.153563,0.30139,4570
0.159169,0.294658,4570
0.160645,0.297113,4570
0.156755,0.293812,4570
0.161137,0.288712,4570
0.154837,0.294879,4570
0.157107,0.289445,4570
0.15502,0.293528,4570
0.155141,0.286568,4570
0.152842,0.295825,4570
0.162137,0.294041,4570
0.154605,0.292985,4570
0.156526,0.29564,4570
0.166656,0.307375,4570
0.179404,0.323248,4570
0.163184,0.299544,4570
0.159053,0.295308,4570
0.157851,0.293283,4570
0.159904,0.296001,4570
0.162257,0.290691,4570
0.158547,0.297965,4580
0.158349,0.28976,4580
0.156969,0.291648,4580
0.16531,0.29581,4580
0.15931,0.294585,4580
0.160364,0.299908,4580
0.161156,0.289361,4580
0.160252,0.30456,4580
0.155452,0.286491,4580
0.157393,0.288886,4580
0.154807,0.300637,4580
0.155266,0.298765,4580
0.160187,0.294346,4580
0.155421,0.292643,4580
0.15654,0.292128,4580
0.156169,0.287317,4580
0.153799,0.298909,4580
0.16274,0.291994,4580
0.159161,0.291325,4580
0.160665,0.288583,4580
0.157859,0.299289,4580
0.157369,0.290787,4580
0.155992,0.310663,4580
0.183191,0.341207,4580
0.171346,0.314,4580
0.163613,0.297035,4580
0.161334,0.297895,4580
0.158595,0.293796,4580
0.156831,0.293072,4580
0.160431,0.308318,4580
0.155571,0.290789,4580
0.156725,0.291319,4580
0.158319,0.292827,4590
0.158107,0.301214,4590
0.160764,0.300458,4590
0.15918,0.29945,4590
0.158132,0.29724,4590
0.157796,0.297836,4590
0.164117,0.300096,4590
0.157295,0.300345,4590
0.157132,0.293057,4590
0.162818,0.294032,4590
0.156622,0.30349,4590
0.157211,0.292602,4590
0.155139,0.297001,4590
0.155877,0.294357,4590
0.154711,0.294084,4590
0.164011,0.293849,4590
0.159619,0.297901,4590
0.157741,0.295689,4590
0.156937,0.29466,4590
0.154104,0.298539,4590
0.16146,0.297221,4590
0.158713,0.292001,4590
0.15682,0.294303,4590
0.15766,0.297211,4590
0.161546,0.296875,4590
0.158821,0.294971,4590
0.160343,0.290371,4590
0.164043,0.2925,4590
0.172496,0.294239,4590
0.167662,0.293253,4590
0.156695,0.289527,4590
0.157529,0.290568,4590
0.157887,0.301892,4600
0.161179,0.300755,4600
0.163195,0.293539,4600
0.156448,0.295511,4600
0.163339,0.293295,4600
0.165613,0.297825,4600
0.163022,0.293106,4600
0.158368,0.29411,4600
0.158152,0.297545,4600
0.158461,0.297765,4600
0.161138,0.302916,4600
0.160386,0.296153,4600
0.157038,0.298186,4600
0.158064,0.299565,4600
0.15994,0.29728,4600
0.159324,0.293115,4600
0.157886,0.290647,4600
0.158095,0.289783,4600
0.157666,0.306735,4600
0.162278,0.292287,4600
0.157136,0.297794,4600
0.162265,0.293397,4600
0.157403,0.296298,4600
0.161192,0.299832,4600
0.157675,0.290821,4600
0.156865,0.295862,4600
0.159694,0.294063,4600
0.168036,0.304525,4600
0.158326,0.289561,4600
0.157223,0.292936,4600
0.158704,0.292795,4600
0.156794,0.309342,4600
0.162964,0.299938,4610
0.156602,0.291319,4610
0.15662,0.296529,4610
0.171579,0.323223,4610
0.171557,0.309283,4610
0.163305,0.300261,4610
0.160525,0.297099,4610
0.157094,0.298862,4610
0.237214,0.409952,4610
0.225337,0.368802,4610
0.177025,0.320103,4610
0.166285,0.319475,4610
0.166892,0.31098,4610
0.164755,0.312336,4610
0.167968,0.301689,4610
0.163286,0.30366,4610
0.17072,0.303667,4610
0.163288,0.300508,4610
0.163005,0.305801,4610
0.166815,0.295677,4610
0.165421,0.304235,4610
0.165855,0.305401,4610
0.160365,0.30131,4610
0.165661,0.296787,4610
0.157006,0.313108,4610
0.17536,0.302759,4610
0.159717,0.305688,4610
0.167414,0.293895,4610
0.158129,0.304706,4610
0.168202,0.301626,4610
0.164972,0.300952,4610
0.165574,0.300772,4610
0.159781,0.297064,4620
0.16474,0.309134,4620
0.163043,0.304198,4620
0.164323,0.30404,4620
0.161293,0.29721,4620
0.161687,0.306173,4620
0.164083,0.310209,4620
0.167542,0.299823,4620
0.163456,0.294145,4620
0.16089,0.304077,4620
0.166044,0.307131,4620
0.160711,0.303439,4620
0.167788,0.290901,4620
0.165448,0.301114,4620
0.169028,0.30207,4620
0.166169,0.299884,4620
0.160495,0.298726,4620
0.158986,0.29511,4620
0.16282,0.302092,4620
0.16448,0.298828,4620
0.162521,0.304652,4620
0.159354,0.301432,4620
0.162657,0.304095,4620
0.164772,0.302528,4620
0.161723,0.299969,4620
0.160614,0.296608,4620
0.158701,0.300207,4620
0.172995,0.301965,4620
0.159169,0.298758,4620
0.161786,0.299066,4620
0.160362,0.300618,4620
0.158565,0.303228,4620
0.165417,0.307076,4630
0.161694,0.306618,4630
0.159869,0.299707,4630
0.161482,0.307511,4630
0.163183,0.30453,4630
0.164008,0.301563,4630
0.159676,0.295255,4630
0.162209,0.302878,4630
0.16505,0.317586,4630
0.165966,0.309364,4630
0.164929,0.296972,4630
0.159318,0.301969,4630
0.162286,0.303293,4630
0.164518,0.304827,4630
0.164655,0.300672,4630
0.160546,0.300228,4630
0.16752,0.307714,4630
0.161833,0.302472,4630
0.163093,0.304648,4630
0.160895,0.295584,4630
0.160555,0.306091,4630
0.169822,0.304216,4630
0.163942,0.306339,4630
0.161186,0.299974,4630
0.158949,0.303231,4630
0.160941,0.309282,4630
0.165607,0.302945,4630
0.163424,0.299894,4630
0.158697,0.301185,4630
0.163781,0.302479,4630
0.164472,0.306969,4630
0.163177,0.301537,4630
0.160649,0.301498,4640
0.163338,0.303341,4640
0.169899,0.311407,4640
0.165564,0.308793,4640
0.161558,0.298752,4640
0.162621,0.307165,4640
0.170809,0.312598,4640
0.164367,0.305075,4640
0.16225,0.297019,4640
0.161317,0.305459,4640
0.163055,0.307457,4640
0.163836,0.307043,4640
0.164311,0.304897,4640
0.157857,0.304098,4640
0.165244,0.304573,4640
0.166185,0.315152,4640
0.161027,0.300297,4640
0.162042,0.30398,4640
0.159733,0.30171,4640
0.163108,0.305502,4640
0.164333,0.312641,4640
0.16721,0.304443,4640
0.1621,0.304621,4640
0.161826,0.307971,4640
0.168993,0.309536,4640
0.163103,0.296269,4640
0.162664,0.303014,4640
0.160128,0.300274,4640
0.165272,0.303271,4640
0.164307,0.298538,4640
0.160229,0.30263,4640
0.163065,0.300196,4640
0.170956,0.316778,4650
0.168314,0.301121,4650
0.161512,0.303545,4650
0.166184,0.30075,4650
0.161979,0.315423,4650
0.16696,0.308366,4650
0.160498,0.30198,4650
0.16169,0.306162,4650
0.164927,0.311365,4650
0.176573,0.312624,4650
0.164126,0.303906,4650
0.168134,0.306481,4650
0.159508,0.299965,4650
0.16628,0.314782,4650
0.164627,0.299777,4650
0.162307,0.306217,4650
0.171013,0.340696,4650
0.179939,0.320855,4650
0.171282,0.310269,4650
0.166936,0.309602,4650
0.174749,0.308626,4650
0.167515,0.308054,4650
0.16543,0.306651,4650
0.164164,0.316557,4650
0.167923,0.317035,4650
0.170012,0.328898,4650
0.169743,0.311065,4650
0.162562,0.305892,4650
0.169622,0.299658,4650
0.16643,0.307233,4650
0.166314,0.308547,4650
0.161559,0.303162,4650
0.166723,0.302026,4660
0.160416,0.302074,4660
0.166911,0.310929,4660
0.163522,0.303772,4660
0.164235,0.308561,4660
0.161098,0.301937,4660
0.166516,0.307687,4660
0.165189,0.309868,4660
0.163502,0.306466,4660
0.16709,0.303893,4660
0.164565,0.311786,4660
0.165547,0.306017,4660
0.161318,0.309345,4660
0.163695,0.304577,4660
0.162188,0.319169,4660
0.173837,0.30387,4660
0.161246,0.310141,4660
0.164973,0.306495,4660
0.160473,0.304383,4660
0.172214,0.308701,4660
0.16294,0.301817,4660
0.166437,0.309502,4660
0.161468,0.302554,4660
0.178056,0.308093,4660
0.163299,0.300481,4660
0.162911,0.304294,4660
0.161988,0.299613,4660
0.162134,0.30826,4660
0.163447,0.306516,4660
0.164124,0.304232,4660
0.163929,0.304972,4660
0.163328,0.322863,4660
0.170003,0.310663,4670
0.167478,0.306216,4670
0.163514,0.303347,4670
0.16201,0.309547,4670
0.176913,0.308803,4670
0.166173,0.312063,4670
0.165046,0.309148,4670
0.16136,0.310757,4670
0.167094,0.311618,4670
0.167909,0.306651,4670
0.161775,0.303654,4670
0.166329,0.303386,4670
0.163351,0.309714,4670
0.170297,0.306313,4670
0.166667,0.307736,4670
0.160233,0.300134,4670
0.16368,0.312495,4670
0.166464,0.31037,4670
0.167686,0.311641,4670
0.164277,0.306086,4670
0.168423,0.312146,4670
0.166042,0.310438,4670
0.165132,0.311324,4670
0.163141,0.303001,4670
0.165839,0.306424,4670
0.168126,0.315138,4670
0.163337,0.31486,4670
0.166803,0.307916,4670
0.16432,0.311213,4670
0.16625,0.325825,4670
0.167842,0.307379,4670
0.167303,0.310247,4670
0.160954,0.306072,4680
0.166168,0.313531,4680
0.168593,0.308439,4680
0.167986,0.310621,4680
0.163863,0.308076,4680
0.176116,0.312197,4680
0.165173,0.303681,4680
0.164829,0.307354,4680
0.160695,0.310368,4680
0.165337,0.308857,4680
0.170438,0.311315,4680
0.167673,0.310529,4680
0.169476,0.301213,4680
0.165261,0.309175,4680
0.167838,0.310611,4680
0.167667,0.310637,4680
0.164653,0.302473,4680
0.175327,0.31457,4680
0.168571,0.314232,4680
0.167831,0.312674,4680
0.167699,0.315107,4680
0.171656,0.311385,4680
0.231331,0.360345,4680
0.184073,0.320118,4680
0.168807,0.312362,4680
0.167766,0.310381,4680
0.165288,0.318028,4680
0.168749,0.311014,4680
0.1713,0.317912,4680
0.161312,0.309424,4680
0.164623,0.319186,4680
0.172859,0.307043,4680
0.16826,0.307206,4690
0.162493,0.312481,4690
0.167514,0.309264,4690
0.168663,0.316315,4690
0.166904,0.308729,4690
0.164964,0.306797,4690
0.164234,0.311191,4690
0.172507,0.312945,4690
0.178614,0.309782,4690
0.162671,0.308625,4690
0.164793,0.30923,4690
0.168424,0.314402,4690
0.167997,0.316015,4690
0.165455,0.303507,4690
0.167722,0.313725,4690
0.162715,0.311081,4690
0.168962,0.31373,4690
0.168636,0.310927,4690
0.168064,0.313697,4690
0.162679,0.310383,4690
0.166643,0.310648,4690
0.165532,0.311209,4690
0.168795,0.312797,4690
0.163752,0.311313,4690
0.169548,0.312756,4690
0.168129,0.309649,4690
0.164931,0.311894,4690
0.16895,0.305343,4690
0.174316,0.319091,4690
0.167204,0.315601,4690
0.16425,0.317322,4690
0.174855,0.320471,4690
0.171276,0.324096,4700
0.173935,0.317588,4700
0.170158,0.315361,4700
0.16935,0.319701,4700
0.168634,0.317343,4700
0.17505,0.314892,4700
0.168086,0.316415,4700
0.175283,0.310603,4700
0.164976,0.317327,4700
0.169661,0.317213,4700
0.1681,0.315311,4700
0.1725,0.311659,4700
0.16731,0.313619,4700
0.168975,0.312925,4700
0.169985,0.316733,4700
0.171257,0.316957,4700
0.163701,0.315208,4700
0.170834,0.313701,4700
0.170513,0.312319,4700
0.166311,0.319111,4700
0.166627,0.305013,4700
0.170097,0.31387,4700
0.167902,0.314645,4700
0.169018,0.315648,4700
0.165906,0.312428,4700
0.179568,0.317255,4700
0.169419,0.313537,4700
0.170192,0.320787,4700
0.169619,0.314089,4700
0.176854,0.319634,4700
0.169586,0.316477,4700
0.170641,0.309009,4700
0.167627,0.308224,4710
0.16689,0.319668,4710
0.168905,0.315803,4710
0.169319,0.315506,4710
0.165133,0.305119,4710
0.168535,0.316356,4710
0.17038,0.323584,4710
0.164869,0.314392,4710
0.166665,0.306582,4710
0.165105,0.326746,4710
0.182845,0.317853,4710
0.172848,0.308106,4710
0.163523,0.312908,4710
0.164439,0.31438,4710
0.180333,0.320232,4710
0.16536,0.31255,4710
0.173552,0.307717,4710
0.164482,0.310803,4710
0.178844,0.314144,4710
0.166681,0.316561,4710
0.168918,0.311998,4710
0.169829,0.308013,4710
0.167339,0.312208,4710
0.168539,0.31406,4710
0.1753,0.315159,4710
0.165288,0.305664,4710
0.166295,0.324351,4710
0.171452,0.313261,4710
0.170779,0.314427,4710
0.17085,0.304491,4710
0.172589,0.317035,4710
0.177356,0.316508,4710
0.172831,0.315679,4720
0.166668,0.307565,4720
0.167799,0.320887,4720
0.17451,0.312747,4720
0.169529,0.307294,4720
0.166387,0.306708,4720
0.17216,0.343183,4720
0.192286,0.338075,4720
0.177211,0.319437,4720
0.173312,0.314723,4720
0.170147,0.323594,4720
0.169373,0.315599,4720
0.172036,0.312885,4720
0.166096,0.318578,4720
0.167051,0.309582,4720
0.171214,0.315274,4720
0.17331,0.317115,4720
0.169629,0.308027,4720
0.171681,0.307832,4720
0.175344,0.314395,4720
0.17453,0.320201,4720
0.170603,0.315286,4720
0.17269,0.311485,4720
0.173078,0.315804,4720
0.171051,0.314337,4720
0.169434,0.308961,4720
0.164987,0.319832,4720
0.1756,0.318329,4720
0.168474,0.319196,4720
0.168205,0.30944,4720
0.169498,0.307309,4720
0.167385,0.321021,4720
0.174793,0.316605,4730
0.172307,0.307725,4730
0.170462,0.309858,4730
0.165438,0.321027,4730
0.172032,0.31558,4730
0.172273,0.32327,4730
0.16746,0.314731,4730
0.168186,0.316985,4730
0.171743,0.318351,4730
0.170993,0.318477,4730
0.164649,0.312756,4730
0.175188,0.321666,4730
0.170658,0.317155,4730
0.172177,0.310308,4730
0.167132,0.31067,4730
0.173207,0.316898,4730
0.178028,0.317465,4730
0.172682,0.314252,4730
0.179507,0.32219,4730
0.174512,0.322346,4730
0.174461,0.320344,4730
0.170379,0.319569,4730
0.166699,0.310716,4730
0.168972,0.313778,4730
0.177462,0.314979,4730
0.171813,0.321019,4730
0.169387,0.313875,4730
0.172734,0.320816,4730
0.187069,0.322854,4730
0.172358,0.323675,4730
0.1732,0.315733,4730
0.169496,0.315588,4730
0.170638,0.327789,4740
0.173069,0.319495,4740
0.167511,0.311634,4740
0.168387,0.31678,4740
0.166688,0.317483,4740
0.173433,0.32108,4740
0.1701,0.307798,4740
0.166206,0.320808,4740
0.172216,0.321695,4740
0.178049,0.317845,4740
0.174887,0.31109,4740
0.170137,0.317393,4740
0.167554,0.322755,4740
0.171475,0.320501,4740
0.16856,0.314747,4740
0.17087,0.315716,4740
0.169142,0.32687,4740
0.171964,0.352341,4740
0.185708,0.329593,4740
0.177115,0.319352,4740
0.173349,0.327448,4740
0.182595,0.316831,4740
0.167802,0.314165,4740
0.168588,0.315562,4740
0.167058,0.313255,4740
0.170653,0.317638,4740
0.171486,0.315019,4740
0.169298,0.319687,4740
0.169827,0.312388,4740
0.178936,0.320483,4740
0.171806,0.31024,4740
0.171476,0.314319,4740
0.172585,0.314832,4750
0.174827,0.320504,4750
0.173618,0.31968,4750
0.169133,0.324734,4750
0.169703,0.315248,4750
0.179153,0.328014,4750
0.171498,0.316494,4750
0.17194,0.31811,4750
0.177109,0.314499,4750
0.180633,0.322247,4750
0.17229,0.319098,4750
0.175415,0.314402,4750
0.171166,0.317446,4750
0.170049,0.32973,4750
0.176471,0.316104,4750
0.170021,0.319987,4750
0.172033,0.321039,4750
0.165982,0.330023,4750
0.177386,0.31101,4750
0.168209,0.314904,4750
0.171402,0.31549,4750
0.173781,0.323057,4750
0.172744,0.35505,4750
0.191035,0.341234,4750
0.176993,0.319931,4750
0.171394,0.33365,4750
0.190695,0.336912,4750
0.186676,0.328567,4750
0.170814,0.315763,4750
0.172154,0.325671,4750
0.177448,0.315386,4750
0.170766,0.316935,4750
0.172432,0.321513,4760
0.172457,0.330689,4760
0.174364,0.31996,4760
0.17156,0.324055,4760
0.17265,0.317679,4760
0.173022,0.325751,4760
0.173423,0.32098,4760
0.175468,0.338724,4760
0.180964,0.352459,4760
0.188444,0.349433,4760
0.175556,0.32389,4760
0.177056,0.323391,4760
0.172301,0.314914,4760
0.171101,0.323496,4760
0.173121,0.319538,4760
0.171223,0.320724,4760
0.173214,0.312027,4760
0.170996,0.329907,4760
0.171919,0.321656,4760
0.17138,0.317844,4760
0.16952,0.319198,4760
0.174005,0.32518,4760
0.174993,0.32471,4760
0.172327,0.321963,4760
0.171156,0.314288,4760
0.172128,0.322968,4760
0.173181,0.32058,4760
0.17277,0.326138,4760
0.168779,0.31383,4760
0.172617,0.322665,4760
0.178076,0.317364,4760
0.173849,0.321746,4760
0.174357,0.317504,4770
0.175501,0.332443,4770
0.178766,0.317726,4770
0.174854,0.32897,4770
0.174835,0.31675,4770
0.170921,0.325291,4770
0.17576,0.327829,4770
0.172678,0.322647,4770
0.174897,0.319051,4770
0.173661,0.327103,4770
0.175637,0.319461,4770
0.171322,0.321224,4770
0.172095,0.317035,4770
0.175145,0.328957,4770
0.174733,0.31806,4770
0.177349,0.319068,4770
0.175212,0.318567,4770
0.175452,0.321643,4770
0.179882,0.323103,4770
0.172701,0.320797,4770
0.173225,0.315275,4770
0.174731,0.317835,4770
0.172147,0.322027,4770
0.178023,0.318112,4770
0.172289,0.316545,4770
0.173108,0.319207,4770
0.181844,0.328589,4770
0.171213,0.327441,4770
0.174643,0.329663,4770
0.178301,0.327607,4770
0.177823,0.321834,4770
0.172762,0.324082,4770
0.174885,0.3176,4780
0.174783,0.324779,4780
0.177744,0.322828,4780
0.171855,0.325735,4780
0.173665,0.315414,4780
0.172733,0.322498,4780
0.175928,0.324759,4780
0.176469,0.322247,4780
0.169499,0.320914,4780
0.172736,0.324297,4780
0.176926,0.323175,4780
0.176407,0.327018,4780
0.173183,0.320362,4780
0.176209,0.322759,4780
0.169283,0.325671,4780
0.175627,0.327064,4780
0.171867,0.320848,4780
0.17506,0.322793,4780
0.170725,0.323191,4780
0.174452,0.324802,4780
0.174935,0.32071,4780
0.1769,0.319389,4780
0.171544,0.3232,4780
0.175416,0.327592,4780
0.169723,0.316457,4780
0.1762,0.322419,4780
0.16944,0.32483,4780
0.176082,0.326529,4780
0.177007,0.324248,4780
0.178979,0.32615,4780
0.169902,0.332835,4780
0.176508,0.3235,4780
0.182432,0.33661,4790
0.177942,0.333764,4790
0.174044,0.330715,4790
0.176722,0.323565,4790
0.173205,0.326793,4790
0.174676,0.323061,4790
0.169076,0.327611,4790
0.178513,0.325833,4790
0.176111,0.320256,4790
0.174224,0.321579,4790
0.170973,0.326986,4790
0.176869,0.332564,4790
0.171699,0.324528,4790
0.175531,0.325143,4790
0.172837,0.33159,4790
0.1762,0.326505,4790
0.173286,0.323783,4790
0.174912,0.318429,4790
0.170341,0.327475,4790
0.178612,0.327726,4790
0.17083,0.326301,4790
0.177054,0.321722,4790
0.170848,0.3327,4790
0.174585,0.326275,4790
0.172474,0.319356,4790
0.172574,0.315949,4790
0.170304,0.32645,4790
0.185518,0.327957,4790
0.17256,0.320363,4790
0.173057,0.320582,4790
0.172102,0.326388,4790
0.175837,0.326498,4790
0.178068,0.383292,4800
0.217516,0.373124,4800
0.194534,0.349811,4800
0.182986,0.331359,4800
0.179482,0.327003,4800
0.176478,0.325497,4800
0.181341,0.331326,4800
0.178651,0.328278,4800
0.177619,0.329714,4800
0.171675,0.323414,4800
0.176813,0.334211,4800
0.174228,0.32607,4800
0.175819,0.327006,4800
0.171125,0.321291,4800
0.181669,0.328867,4800
0.181103,0.328159,4800
0.174899,0.325889,4800
0.170847,0.322613,4800
0.177298,0.328554,4800
0.176454,0.325688,4800
0.176339,0.328834,4800
0.178356,0.323547,4800
0.183147,0.333327,4800
0.176323,0.327046,4800
0.176346,0.327257,4800
0.17375,0.32508,4800
0.182081,0.325052,4800
0.177229,0.332035,4800
0.177561,0.326349,4800
0.172269,0.323233,4800
0.185764,0.325062,4800
0.193109,0.337896,4800
0.182159,0.33287,4810
0.177727,0.324773,4810
0.197324,0.328816,4810
0.178614,0.330455,4810
0.179567,0.318579,4810
0.172141,0.326841,4810
0.178189,0.327032,4810
0.176377,0.327474,4810
0.176378,0.326913,4810
0.173138,0.321308,4810
0.181363,0.328372,4810
0.171462,0.324533,4810
0.17888,0.32264,4810
0.17566,0.318601,4810
0.177643,0.32865,4810
0.177558,0.323851,4810
0.178523,0.32345,4810
0.171403,0.316247,4810
0.178384,0.328111,4810
0.172752,0.330248,4810
0.17801,0.329109,4810
0.173603,0.326604,4810
0.184726,0.328112,4810
0.18071,0.328125,4810
0.174078,0.320435,4810
0.174512,0.319475,4810
0.181368,0.327978,4810
0.177882,0.321752,4810
0.171332,0.321139,4810
0.175504,0.318853,4810
0.181205,0.321993,4810
0.175716,0.326131,4810
0.174846,0.329079,4820
0.171867,0.322409,4820
0.182887,0.328217,4820
0.177654,0.322678,4820
0.1728,0.324049,4820
0.177305,0.324481,4820
0.178454,0.332363,4820
0.175982,0.321701,4820
0.174299,0.317465,4820
0.172486,0.323293,4820
0.183857,0.330582,4820
0.177325,0.333315,4820
0.173208,0.319691,4820
0.173576,0.318316,4820
0.175564,0.329659,4820
0.17701,0.324406,4820
0.174414,0.320184,4820
0.17351,0.319726,4820
0.178275,0.330376,4820
0.174823,0.323275,4820
0.172412,0.319844,4820
0.171902,0.321453,4820
0.181763,0.329238,4820
0.183234,0.325842,4820
0.172915,0.321166,4820
0.173854,0.322991,4820
0.180431,0.330296,4820
0.177675,0.31987,4820
0.17367,0.322147,4820
0.172379,0.324227,4820
0.18079,0.337768,4820
0.180301,0.32964,4820
0.174376,0.328355,4830
0.175537,0.324445,4830
0.178939,0.329579,4830
0.18083,0.329494,4830
0.172688,0.322929,4830
0.174178,0.325653,4830
0.182542,0.330278,4830
0.176791,0.322506,4830
0.177121,0.321416,4830
0.176555,0.325945,4830
0.180705,0.331232,4830
0.178266,0.319995,4830
0.17337,0.327106,4830
0.174618,0.321789,4830
0.186626,0.339236,4830
0.177054,0.323279,4830
0.174812,0.320592,4830
0.175408,0.320512,4830
0.181052,0.331064,4830
0.174897,0.323377,4830
0.171931,0.326912,4830
0.171882,0.325655,4830
0.183248,0.337389,4830
0.178747,0.322367,4830
0.173349,0.334783,4830
0.17882,0.327219,4830
0.178484,0.332262,4830
0.179554,0.324349,4830
0.17463,0.323512,4830
0.174011,0.321682,4830
0.186952,0.333296,4830
0.178292,0.324462,4830
0.175968,0.331928,4840
0.186354,0.321127,4840
0.189293,0.326444,4840
0.176242,0.321632,4840
0.176513,0.329018,4840
0.178384,0.331938,4840
0.181822,0.328025,4840
0.175278,0.32638,4840
0.174201,0.323704,4840
0.17342,0.321733,4840
0.191295,0.333398,4840
0.175066,0.326484,4840
0.175807,0.32207,4840
0.177637,0.320347,4840
0.184881,0.328412,4840
0.175172,0.322622,4840
0.172934,0.326581,4840
0.176538,0.335741,4840
0.18961,0.326358,4840
0.174053,0.323673,4840
0.18024,0.321108,4840
0.175219,0.322711,4840
0.181553,0.332545,4840
0.17514,0.331742,4840
0.180807,0.33437,4840
0.17534,0.333759,4840
0.183024,0.32082,4840
0.174448,0.322487,4840
0.173276,0.326562,4840
0.176431,0.332039,4840
0.17978,0.329454,4840
0.173239,0.325443,4840
0.179785,0.325404,4850
0.173937,0.339649,4850
0.194569,0.372007,4850
0.190564,0.341004,4850
0.182797,0.336203,4850
0.174662,0.351149,4850
0.179815,0.33206,4850
0.174681,0.334402,4850
0.175101,0.326299,4850
0.176164,0.339081,4850
0.18258,0.330303,4850
0.175277,0.335959,4850
0.177069,0.322777,4850
0.177458,0.338745,4850
0.184171,0.32401,4850
0.178785,0.328958,4850
0.175433,0.329006,4850
0.174772,0.337681,4850
0.177646,0.326444,4850
0.176332,0.329256,4850
0.1764,0.329076,4850
0.174639,0.339978,4850
0.178808,0.326829,4850
0.175392,0.326496,4850
0.176548,0.326325,4850
0.174866,0.342025,4850
0.175303,0.325136,4850
0.179113,0.334069,4850
0.173917,0.328299,4850
0.176342,0.342014,4850
0.178358,0.326266,4850
0.176666,0.329337,4850
0.175478,0.325782,4860
0.17548,0.337419,4860
0.179474,0.329348,4860
0.177043,0.328125,4860
0.176533,0.330828,4860
0.188341,0.352591,4860
0.183539,0.338314,4860
0.17956,0.325072,4860
0.176143,0.332832,4860
0.19641,0.33181,4860
0.174949,0.327995,4860
0.173436,0.32503,4860
0.177386,0.331341,4860
0.181864,0.331229,4860
0.175787,0.33437,4860
0.177176,0.327405,4860
0.17675,0.376656,4860
0.209046,0.356509,4860
0.183901,0.334936,4860
0.179948,0.326843,4860
0.178054,0.338939,4860
0.179927,0.328889,4860
0.176593,0.325195,4860
0.174952,0.330662,4860
0.177838,0.332377,4860
0.179838,0.333075,4860
0.181345,0.328125,4860
0.176746,0.328276,4860
0.178454,0.334925,4860
0.178403,0.331749,4860
0.17517,0.330782,4860
0.174012,0.328469,4860
0.179216,0.332164,4870
0.17898,0.337535,4870
0.184336,0.326368,4870
0.17522,0.328605,4870
0.178444,0.342667,4870
0.176763,0.330848,4870
0.176435,0.32528,4870
0.177097,0.326851,4870
0.175724,0.337063,4870
0.178929,0.335338,4870
0.179929,0.325624,4870
0.175295,0.333251,4870
0.176581,0.33536,4870
0.17913,0.33085,4870
0.178324,0.324979,4870
0.178127,0.32525,4870
0.177246,0.338201,4870
0.179233,0.330025,4870
0.178,0.328998,4870
0.175215,0.329356,4870
0.175107,0.336106,4870
0.182286,0.335739,4870
0.176775,0.328609,4870
0.181388,0.32984,4870
0.179087,0.351775,4870
0.205354,0.365082,4870
0.189643,0.33803,4870
0.181566,0.333401,4870
0.181124,0.338282,4870
0.212551,0.351119,4870
0.184482,0.340531,4870
0.177491,0.330653,4870
0.183832,0.335776,4880
0.178783,0.327293,4880
0.181841,0.330035,4880
0.178903,0.342838,4880
0.183397,0.351647,4880
0.181673,0.327689,4880
0.177288,0.332002,4880
0.177422,0.334911,4880
0.182865,0.340623,4880
0.177925,0.33057,4880
0.180303,0.329051,4880
0.177697,0.335591,4880
0.182542,0.334397,4880
0.177796,0.334971,4880
0.183775,0.328041,4880
0.177619,0.337195,4880
0.18039,0.328552,4880
0.177748,0.339323,4880
0.179316,0.33147,4880
0.177676,0.334937,4880
0.187835,0.329857,4880
0.183216,0.331695,4880
0.178584,0.328567,4880
0.17537,0.339337,4880
0.178591,0.333364,4880
0.178478,0.334126,4880
0.181754,0.336977,4880
0.175323,0.335611,4880
0.179147,0.327858,4880
0.177189,0.326511,4880
0.177577,0.326683,4880
0.179532,0.338269,4880
0.183266,0.333222,4890
0.183657,0.328685,4890
0.178867,0.330156,4890
0.182952,0.335472,4890
0.184085,0.330529,4890
0.184684,0.330502,4890
0.177643,0.328635,4890
0.183253,0.334899,4890
0.179962,0.368655,4890
0.203233,0.358966,4890
0.18365,0.349583,4890
0.184981,0.338425,4890
0.178219,0.331209,4890
0.177097,0.332303,4890
0.177429,0.337958,4890
0.181147,0.335505,4890
0.178064,0.333527,4890
0.178258,0.331079,4890
0.178192,0.342472,4890
0.189449,0.342241,4890
0.184564,0.332,4890
0.184918,0.332797,4890
0.179085,0.339883,4890
0.179916,0.331824,4890
0.181792,0.330563,4890
0.179353,0.335572,4890
0.180369,0.342655,4890
0.179594,0.330881,4890
0.181046,0.328357,4890
0.180352,0.327867,4890
0.180806,0.339981,4890
0.183947,0.338761,4890
0.183308,0.332981,4900
0.17783,0.335098,4900
0.186421,0.340875,4900
0.18342,0.348647,4900
0.178514,0.332316,4900
0.178052,0.330417,4900
0.184351,0.341454,4900
0.180496,0.339218,4900
0.183117,0.335436,4900
0.178581,0.334044,4900
0.18329,0.344589,4900
0.179201,0.340851,4900
0.179427,0.329869,4900
0.179562,0.338636,4900
0.181923,0.339239,4900
0.181502,0.331672,4900
0.178654,0.337202,4900
0.178665,0.339028,4900
0.182878,0.334551,4900
0.183087,0.329448,4900
0.178333,0.330942,4900
0.181254,0.340626,4900
0.185731,0.339644,4900
0.181201,0.335515,4900
0.17937,0.32948,4900
0.181591,0.342374,4900
0.190265,0.332762,4900
0.180052,0.337133,4900
0.173538,0.328599,4900
0.181449,0.342152,4900
0.184026,0.344866,4900
0.182287,0.333248,4900
0.18188,0.340432,4910
0.181133,0.338598,4910
0.184013,0.339422,4910
0.181701,0.332639,4910
0.180767,0.343956,4910
0.192986,0.346619,4910
0.182948,0.335959,4910
0.181702,0.332903,4910
0.179991,0.3402,4910
0.191566,0.337224,4910
0.184209,0.334866,4910
0.180047,0.331461,4910
0.178988,0.334672,4910
0.186081,0.341994,4910
0.182839,0.33683,4910
0.180757,0.338342,4910
0.180811,0.340468,4910
0.182003,0.339928,4910
0.178649,0.331979,4910
0.178844,0.330932,4910
0.180205,0.344604,4910
0.186398,0.347137,4910
0.178624,0.330588,4910
0.180536,0.337592,4910
0.178135,0.338918,4910
0.189423,0.390991,4910
0.208941,0.363529,4910
0.19126,0.339252,4910
0.197923,0.345006,4910
0.181964,0.337445,4910
0.17918,0.330346,4910
0.184789,0.340605,4910
0.183602,0.341847,4920
0.182187,0.335152,4920
0.183711,0.333155,4920
0.184931,0.335926,4920
0.187923,0.339545,4920
0.185614,0.338536,4920
0.178735,0.332964,4920
0.181373,0.339731,4920
0.185437,0.337866,4920
0.183374,0.338872,4920
0.180872,0.331802,4920
0.182834,0.347136,4920
0.187353,0.343472,4920
0.181329,0.336646,4920
0.182391,0.346085,4920
0.1808,0.343632,4920
0.18733,0.33323,4920
0.185148,0.33228,4920
0.183138,0.330074,4920
0.187741,0.343278,4920
0.182546,0.331371,4920
0.178124,0.331906,4920
0.180572,0.338944,4920
0.191585,0.343096,4920
0.182844,0.333048,4920
0.182879,0.337523,4920
0.181393,0.33787,4920
0.185074,0.339744,4920
0.180947,0.338352,4920
0.180174,0.33303,4920
0.17944,0.341477,4920
0.189198,0.347702,4920
0.182018,0.337093,4930
0.18245,0.333456,4930
0.183868,0.354173,4930
0.185536,0.333763,4930
0.18352,0.334196,4930
0.179962,0.338948,4930
0.185003,0.345242,4930
0.188086,0.334876,4930
0.179959,0.337334,4930
0.180485,0.338616,4930
0.183765,0.346226,4930
0.189484,0.334992,4930
0.180241,0.3392,4930
0.180619,0.331139,4930
0.185467,0.344478,4930
0.186883,0.340709,4930
0.182183,0.34129,4930
0.182039,0.338576,4930
0.190802,0.344788,4930
0.183063,0.337215,4930
0.18174,0.338284,4930
0.180205,0.348945,4930
0.187672,0.337051,4930
0.182691,0.345793,4930
0.192337,0.40258,4930
0.210345,0.382304,4930
0.193298,0.343577,4930
0.191259,0.337156,4930
0.185478,0.333628,4930
0.18456,0.344679,4930
0.180408,0.339789,4930
0.179308,0.337061,4930
0.183439,0.340916,4940
0.184863,0.348954,4940
0.18305,0.340648,4940
0.182776,0.338558,4940
0.181615,0.336847,4940
0.18469,0.34665,4940
0.184189,0.338612,4940
0.183236,0.336684,4940
0.182647,0.351352,4940
0.186737,0.338675,4940
0.182525,0.341866,4940
0.184425,0.337019,4940
0.185014,0.343686,4940
0.185797,0.346048,4940
0.18359,0.346772,4940
0.183006,0.337695,4940
0.182304,0.347069,4940
0.184821,0.341467,4940
0.184059,0.334055,4940
0.184678,0.33597,4940
0.185221,0.346006,4940
0.188321,0.334153,4940
0.183528,0.33549,4940
0.183693,0.335652,4940
0.190232,0.342944,4940
0.188295,0.344103,4940
0.180396,0.338488,4940
0.182507,0.34401,4940
0.188143,0.338614,4940
0.184257,0.339853,4940
0.184565,0.337049,4940
0.185899,0.342823,4940
0.18702,0.339101,4950
0.185781,0.338994,4950
0.186751,0.346093,4950
0.182515,0.350588,4950
0.186368,0.344531,4950
0.184885,0.340041,4950
0.187791,0.339389,4950
0.184388,0.346399,4950
0.182927,0.338532,4950
0.183837,0.338834,4950
0.182894,0.338709,4950
0.187468,0.34424,4950
0.183061,0.337441,4950
0.182759,0.335487,4950
0.185411,0.344034,4950
0.190335,0.348302,4950
0.184243,0.337905,4950
0.180918,0.341129,4950
0.183262,0.345244,4950
0.188027,0.339582,4950
0.182569,0.336562,4950
0.181947,0.345162,4950
0.184129,0.350378,4950
0.187832,0.339852,4950
0.184179,0.341276,4950
0.184582,0.337778,4950
0.183399,0.345923,4950
0.191363,0.338454,4950
0.182151,0.343816,4950
0.182257,0.339584,4950
0.182676,0.347613,4950
0.193909,0.356051,4950
0.191608,0.352437,4960
0.184256,0.342475,4960
0.191253,0.342241,4960
0.186901,0.360688,4960
0.187066,0.343203,4960
0.182621,0.350864,4960
0.184351,0.343934,4960
0.185434,0.337202,4960
0.188924,0.343462,4960
0.183454,0.348566,4960
0.183983,0.342492,4960
0.183854,0.340756,4960
0.183962,0.339253,4960
0.185513,0.348891,4960
0.184598,0.341624,4960
0.181477,0.346328,4960
0.184796,0.341663,4960
0.188944,0.343462,4960
0.187441,0.345677,4960
0.185478,0.336932,4960
0.18571,0.339266,4960
0.191899,0.345943,4960
0.18419,0.342423,4960
0.184148,0.340167,4960
0.18455,0.339914,4960
0.188174,0.340194,4960
0.182771,0.340736,4960
0.186271,0.34134,4960
0.183124,0.346917,4960
0.187874,0.341718,4960
0.189068,0.337534,4960
0.184246,0.335741,4960
0.187007,0.352071,4970
0.192846,0.355907,4970
0.185818,0.347326,4970
0.184731,0.345047,4970
0.183376,0.348227,4970
0.183972,0.346197,4970
0.185572,0.348658,4970
0.184121,0.349674,4970
0.189854,0.342634,4970
0.185101,0.340601,4970
0.187829,0.339179,4970
0.183708,0.346195,4970
0.188059,0.350443,4970
0.189508,0.34372,4970
0.18756,0.341611,4970
0.181039,0.348635,4970
0.187097,0.345066,4970
0.184801,0.340933,4970
0.184218,0.340095,4970
0.184819,0.354119,4970
0.186738,0.350327,4970
0.221846,0.38843,4970
0.202214,0.352113,4970
0.192713,0.353822,4970
0.186305,0.34445,4970
0.188362,0.343272,4970
0.184582,0.345906,4970
0.185082,0.34812,4970
0.185263,0.339431,4970
0.185459,0.340886,4970
0.178516,0.346993,4970
0.189213,0.35324,4970
0.186044,0.342499,4980
0.184877,0.347125,4980
0.191373,0.352212,4980
0.186082,0.342633,4980
0.185384,0.347987,4980
0.184482,0.344109,4980
0.191509,0.345141,4980
0.188395,0.346482,4980
0.187613,0.339901,4980
0.186572,0.35092,4980
0.19315,0.349326,4980
0.184425,0.344239,4980
0.186258,0.349451,4980
0.184981,0.353262,4980
0.184713,0.340365,4980
0.196228,0.343364,4980
0.185998,0.341731,4980
0.189143,0.348675,4980
0.185669,0.344882,4980
0.185826,0.341424,4980
0.184447,0.352149,4980
0.190887,0.352917,4980
0.192709,0.352613,4980
0.186855,0.34611,4980
0.188308,0.356618,4980
0.188944,0.348237,4980
0.184061,0.342608,4980
0.185226,0.34084,4980
0.183742,0.346626,4980
0.19065,0.344329,4980
0.185924,0.342391,4980
0.184415,0.341369,4980
0.184807,0.364434,4990
0.186756,0.347498,4990
0.184461,0.345387,4990
0.186066,0.35412,4990
0.214322,0.380389,4990
0.198412,0.353744,4990
0.188679,0.345941,4990
0.186146,0.349926,4990
0.192374,0.353818,4990
0.188989,0.344826,4990
0.190936,0.341877,4990
0.18427,0.353663,4990
0.190439,0.345014,4990
0.186425,0.349128,4990
0.185135,0.341147,4990
0.196934,0.354128,4990
0.189236,0.348788,4990
0.186521,0.349726,4990
0.182876,0.34292,4990
0.193682,0.353361,4990
0.192635,0.343429,4990
0.185773,0.343101,4990
0.186752,0.348292,4990
0.193347,0.346876,4990
0.18613,0.344755,4990
0.185855,0.342046,4990
0.188004,0.349304,4990
0.195739,0.356755,4990
0.218383,0.380087,4990
0.196802,0.352239,4990
0.20171,0.359175,4990
0.18901,0.343687,4990
0.192883,0.346529,5000
0.187596,0.348751,5000
0.191548,0.353705,5000
0.198896,0.354357,5000
0.192461,0.345273,5000
0.187037,0.355812,5000
0.189141,0.34895,5000
0.18673,0.347367,5000
0.18793,0.343016,5000
0.191349,0.351161,5000
0.190291,0.34391,5000
0.188577,0.344077,5000
0.187301,0.349391,5000
0.19308,0.357801,5000
0.188017,0.344828,5000
0.185058,0.350216,5000
0.184747,0.354086,5000
0.189563,0.350688,5000
0.188851,0.345306,5000
0.187219,0.347679,5000
0.183763,0.354771,5000
0.187598,0.348927,5000
0.186732,0.34425,5000
0.189094,0.347337,5000
0.191951,0.354275,5000
0.189661,0.344005,5000
0.188662,0.351211,5000
0.188224,0.353624,5000
0.194232,0.350094,5000
0.189968,0.341564,5000
0.188616,0.353899,5000
0.184727,0.348342,5000
